backend,block_height,num_agents,agent_id,action,elapsed_ms,ok,error
forkyard,25795072,1,0,acquire,5.892249988391995,True,
forkyard,25795072,1,0,set_balance,227.50537500542123,True,
forkyard,25795072,1,0,fund_token,4.69600000360515,True,
forkyard,25795072,1,0,transfer,306.30466699949466,True,
forkyard,25795072,1,0,approve,303.5612500098068,True,
forkyard,25795072,1,0,swap_eth_for_token,1908.8840830081608,True,
forkyard,25795072,1,0,swap_eth_for_token,19.16391699342057,True,
forkyard,25795072,1,0,approve,9.952540989615954,True,
forkyard,25795072,1,0,get_balance,1.8966250063385814,True,
forkyard,25795072,1,0,approve,8.131333001074381,True,
forkyard,25795072,1,0,swap_eth_for_token,9.54558300145436,True,
forkyard,25795072,1,0,swap_token_for_token,147.57079198898282,True,
forkyard,25795072,1,0,approve,13.171957994927652,True,
forkyard,25795072,1,0,fund_token,1.4452080067712814,True,
forkyard,25795072,1,0,approve,11.027583997929469,True,
forkyard,25795072,1,0,fund_token,0.8514999935869128,True,
forkyard,25795072,1,0,transfer,151.99366699380334,True,
forkyard,25795072,1,0,transfer,155.03795800032094,True,
forkyard,25795072,1,0,swap_token_for_token,10.091582997119986,True,
forkyard,25795072,1,0,get_balance,1.5123329940252006,True,
forkyard,25795072,1,0,swap_token_for_token,8.264582997071557,True,
forkyard,25795072,1,0,get_balance,1.2628749973373488,True,
forkyard,25795072,1,0,discard,0.530792007339187,True,
forkyard,25795072,1,-1,__total__,3324.888250004733,True,
anvil,25795072,1,0,acquire,836.2102920073085,True,
anvil,25795072,1,0,set_balance,139.4781669951044,True,
anvil,25795072,1,0,fund_token,144.5917919918429,True,
anvil,25795072,1,0,transfer,756.6309579997323,True,
anvil,25795072,1,0,approve,511.32012500602286,True,
anvil,25795072,1,0,swap_eth_for_token,1962.5866249989485,True,
anvil,25795072,1,0,swap_eth_for_token,288.68645799229853,True,
anvil,25795072,1,0,approve,266.57979100127704,True,
anvil,25795072,1,0,get_balance,5.187458998989314,True,
anvil,25795072,1,0,approve,256.69004100200254,True,
anvil,25795072,1,0,swap_eth_for_token,255.0299579888815,True,
anvil,25795072,1,0,swap_token_for_token,508.7401250057155,True,
anvil,25795072,1,0,approve,257.62450000911485,True,
anvil,25795072,1,0,fund_token,3.463417000602931,True,
anvil,25795072,1,0,approve,275.1099159941077,True,
anvil,25795072,1,0,fund_token,1.579250005306676,True,
anvil,25795072,1,0,transfer,500.6458330026362,True,
anvil,25795072,1,0,transfer,498.6276660056319,True,
anvil,25795072,1,0,swap_token_for_token,252.09754100069404,True,
anvil,25795072,1,0,get_balance,4.063957996550016,True,
anvil,25795072,1,0,swap_token_for_token,253.8208750047488,True,
anvil,25795072,1,0,get_balance,2.5453749985899776,True,
anvil,25795072,1,0,discard,3.851916000712663,True,
anvil,25795072,1,-1,__total__,8002.472249994753,True,
forkyard,25795072,5,0,acquire,14.077583007747307,True,
forkyard,25795072,5,0,set_balance,205.6765409943182,True,
forkyard,25795072,5,0,fund_token,7.709000012255274,True,
forkyard,25795072,5,0,transfer,300.2708339918172,True,
forkyard,25795072,5,0,approve,318.99416699889116,True,
forkyard,25795072,5,0,swap_eth_for_token,1397.1807089983486,True,
forkyard,25795072,5,0,swap_eth_for_token,35.67183300037868,True,
forkyard,25795072,5,0,approve,7.548292007413693,True,
forkyard,25795072,5,0,get_balance,1.5122920012800023,True,
forkyard,25795072,5,0,approve,6.885584007250145,True,
forkyard,25795072,5,0,swap_eth_for_token,8.911041004466824,True,
forkyard,25795072,5,0,swap_token_for_token,141.17950000218116,True,
forkyard,25795072,5,0,approve,6.965499997022562,True,
forkyard,25795072,5,0,fund_token,0.6436660041799769,True,
forkyard,25795072,5,0,approve,6.56854199769441,True,
forkyard,25795072,5,0,fund_token,0.5774580058641732,True,
forkyard,25795072,5,0,transfer,143.45245799631812,True,
forkyard,25795072,5,0,transfer,157.38024999154732,True,
forkyard,25795072,5,0,swap_token_for_token,19.039958002394997,True,
forkyard,25795072,5,0,get_balance,9.271082992199808,True,
forkyard,25795072,5,0,swap_token_for_token,16.010000006644987,True,
forkyard,25795072,5,0,get_balance,7.279291996383108,True,
forkyard,25795072,5,0,discard,4.171874999883585,True,
forkyard,25795072,5,1,acquire,7.489249997888692,True,
forkyard,25795072,5,1,set_balance,385.41654200525954,True,
forkyard,25795072,5,1,get_balance,7.552374998340383,True,
forkyard,25795072,5,1,swap_eth_for_token,1849.2167499935022,True,
forkyard,25795072,5,1,fund_token,126.4590409991797,True,
forkyard,25795072,5,1,fund_token,1.6977080085780472,True,
forkyard,25795072,5,1,get_balance,9.180958004435524,True,
forkyard,25795072,5,1,fund_token,0.9089999948628247,True,
forkyard,25795072,5,1,fund_token,137.77312501042616,True,
forkyard,25795072,5,1,approve,148.28183299687225,True,
forkyard,25795072,5,1,swap_eth_for_token,142.5162499945145,True,
forkyard,25795072,5,1,approve,157.4103339953581,True,
forkyard,25795072,5,1,transfer,158.49608299322426,True,
forkyard,25795072,5,1,transfer,161.61370898771565,True,
forkyard,25795072,5,1,fund_token,7.1559170028194785,True,
forkyard,25795072,5,1,fund_token,1.3475419982569292,True,
forkyard,25795072,5,1,approve,20.513249997748062,True,
forkyard,25795072,5,1,fund_token,1.3425830111373216,True,
forkyard,25795072,5,1,swap_eth_for_token,20.28670799336396,True,
forkyard,25795072,5,1,swap_token_for_token,155.3284999972675,True,
forkyard,25795072,5,1,transfer,312.7170829975512,True,
forkyard,25795072,5,1,approve,29.754208007943816,True,
forkyard,25795072,5,1,discard,1.3535420002881438,True,
forkyard,25795072,5,2,acquire,8.64000000001397,True,
forkyard,25795072,5,2,set_balance,201.31845900323242,True,
forkyard,25795072,5,2,transfer,305.43183400004636,True,
forkyard,25795072,5,2,transfer,169.7597080055857,True,
forkyard,25795072,5,2,get_balance,4.462875003810041,True,
forkyard,25795072,5,2,swap_eth_for_token,1538.448999999673,True,
forkyard,25795072,5,2,transfer,173.89341699890792,True,
forkyard,25795072,5,2,fund_token,0.6959580059628934,True,
forkyard,25795072,5,2,approve,144.12020800227765,True,
forkyard,25795072,5,2,approve,11.260082988883369,True,
forkyard,25795072,5,2,transfer,156.42183300224133,True,
forkyard,25795072,5,2,fund_token,5.942999996477738,True,
forkyard,25795072,5,2,fund_token,1.0645000002114102,True,
forkyard,25795072,5,2,approve,16.856917005497962,True,
forkyard,25795072,5,2,get_balance,10.504666992346756,True,
forkyard,25795072,5,2,transfer,157.16524999879766,True,
forkyard,25795072,5,2,swap_eth_for_token,11.750958001357503,True,
forkyard,25795072,5,2,get_balance,1.7652919923420995,True,
forkyard,25795072,5,2,approve,7.361500000115484,True,
forkyard,25795072,5,2,fund_token,0.6610419950447977,True,
forkyard,25795072,5,2,approve,13.164292002329603,True,
forkyard,25795072,5,2,fund_token,3.001000004587695,True,
forkyard,25795072,5,2,discard,6.12945799366571,True,
forkyard,25795072,5,3,acquire,23.851916994317435,True,
forkyard,25795072,5,3,set_balance,370.80129199603107,True,
forkyard,25795072,5,3,get_balance,6.458375006332062,True,
forkyard,25795072,5,3,swap_eth_for_token,1977.8537079982925,True,
forkyard,25795072,5,3,transfer,146.60537500458304,True,
forkyard,25795072,5,3,fund_token,1.1174579994985834,True,
forkyard,25795072,5,3,approve,283.960417000344,True,
forkyard,25795072,5,3,swap_token_for_token,158.68320800655056,True,
forkyard,25795072,5,3,swap_token_for_token,161.69570799684152,True,
forkyard,25795072,5,3,approve,20.232834009220824,True,
forkyard,25795072,5,3,swap_token_for_token,146.8644580018008,True,
forkyard,25795072,5,3,swap_eth_for_token,23.51637500396464,True,
forkyard,25795072,5,3,swap_eth_for_token,15.745500000775792,True,
forkyard,25795072,5,3,approve,18.108500007656403,True,
forkyard,25795072,5,3,fund_token,0.7984169933479279,True,
forkyard,25795072,5,3,get_balance,145.70012499461882,True,
forkyard,25795072,5,3,transfer,162.27112500928342,True,
forkyard,25795072,5,3,get_balance,152.50170801300555,True,
forkyard,25795072,5,3,get_balance,9.342874996946193,True,
forkyard,25795072,5,3,swap_token_for_token,24.701957998331636,True,
forkyard,25795072,5,3,approve,8.843457995681092,True,
forkyard,25795072,5,3,approve,7.718332999502309,True,
forkyard,25795072,5,3,discard,0.7009580003796145,True,
forkyard,25795072,5,4,acquire,17.057832999853417,True,
forkyard,25795072,5,4,set_balance,228.45204100303818,True,
forkyard,25795072,5,4,get_balance,2.7234170120209455,True,
forkyard,25795072,5,4,transfer,278.9124580012867,True,
forkyard,25795072,5,4,fund_token,8.434500006842427,True,
forkyard,25795072,5,4,transfer,168.17687499860767,True,
forkyard,25795072,5,4,transfer,163.20045800239313,True,
forkyard,25795072,5,4,approve,150.4039170104079,True,
forkyard,25795072,5,4,get_balance,5.078874994069338,True,
forkyard,25795072,5,4,swap_eth_for_token,1211.2443750083912,True,
forkyard,25795072,5,4,transfer,156.82866700808518,True,
forkyard,25795072,5,4,get_balance,1.7976250092033297,True,
forkyard,25795072,5,4,swap_token_for_token,155.9476250113221,True,
forkyard,25795072,5,4,get_balance,2.2611669992329553,True,
forkyard,25795072,5,4,swap_eth_for_token,15.474083993467502,True,
forkyard,25795072,5,4,transfer,146.05591699364595,True,
forkyard,25795072,5,4,swap_token_for_token,14.295208005933091,True,
forkyard,25795072,5,4,get_balance,7.196708000265062,True,
forkyard,25795072,5,4,swap_eth_for_token,20.759999999427237,True,
forkyard,25795072,5,4,approve,14.044459006981924,True,
forkyard,25795072,5,4,swap_eth_for_token,17.51854200847447,True,
forkyard,25795072,5,4,approve,15.12366700626444,True,
forkyard,25795072,5,4,discard,0.5577499978244305,True,
forkyard,25795072,5,-1,__total__,3882.2812080034055,True,
anvil,25795072,5,0,acquire,858.1451669888338,True,
anvil,25795072,5,0,set_balance,148.4359169990057,True,
anvil,25795072,5,0,fund_token,149.14950000820681,True,
anvil,25795072,5,0,transfer,748.928083005012,True,
anvil,25795072,5,0,approve,506.5885840012925,True,
anvil,25795072,5,0,swap_eth_for_token,1986.9024159997934,True,
anvil,25795072,5,0,swap_eth_for_token,260.0896669900976,True,
anvil,25795072,5,0,approve,260.8908749971306,True,
anvil,25795072,5,0,get_balance,4.976292009814642,True,
anvil,25795072,5,0,approve,257.4804579926422,True,
anvil,25795072,5,0,swap_eth_for_token,266.6350829967996,True,
anvil,25795072,5,0,swap_token_for_token,501.2716249912046,True,
anvil,25795072,5,0,approve,249.84337500063702,True,
anvil,25795072,5,0,fund_token,1.427666997187771,True,
anvil,25795072,5,0,approve,258.5679589974461,True,
anvil,25795072,5,0,fund_token,1.6313340020133182,True,
anvil,25795072,5,0,transfer,503.4201249945909,True,
anvil,25795072,5,0,transfer,502.27333400107455,True,
anvil,25795072,5,0,swap_token_for_token,276.1315840034513,True,
anvil,25795072,5,0,get_balance,1.9584590045269579,True,
anvil,25795072,5,0,swap_token_for_token,257.7923339995323,True,
anvil,25795072,5,0,get_balance,4.1577919910196215,True,
anvil,25795072,5,0,discard,4.594041995005682,True,
anvil,25795072,5,1,acquire,855.2246659965022,True,
anvil,25795072,5,1,set_balance,149.11195800232235,True,
anvil,25795072,5,1,get_balance,19.80925000680145,True,
anvil,25795072,5,1,swap_eth_for_token,2499.9626250064466,True,
anvil,25795072,5,1,fund_token,0.9044160105986521,True,
anvil,25795072,5,1,fund_token,0.8190000080503523,True,
anvil,25795072,5,1,get_balance,1.967165997484699,True,
anvil,25795072,5,1,fund_token,0.767917008488439,True,
anvil,25795072,5,1,fund_token,0.7432920101564378,True,
anvil,25795072,5,1,approve,503.74662499234546,True,
anvil,25795072,5,1,swap_eth_for_token,259.1202919866191,True,
anvil,25795072,5,1,approve,267.5310829945374,True,
anvil,25795072,5,1,transfer,502.28429200069513,True,
anvil,25795072,5,1,transfer,497.8907080076169,True,
anvil,25795072,5,1,fund_token,2.5338750128867105,True,
anvil,25795072,5,1,fund_token,3.80662499810569,True,
anvil,25795072,5,1,approve,264.1220419900492,True,
anvil,25795072,5,1,fund_token,0.9153329883702099,True,
anvil,25795072,5,1,swap_eth_for_token,254.28137500421144,True,
anvil,25795072,5,1,swap_token_for_token,510.2896669995971,True,
anvil,25795072,5,1,transfer,513.2855830015615,True,
anvil,25795072,5,1,approve,272.66187500208616,True,
anvil,25795072,5,1,discard,4.729000007500872,True,
anvil,25795072,5,2,acquire,850.1347080018604,True,
anvil,25795072,5,2,set_balance,162.04887499043252,True,
anvil,25795072,5,2,transfer,780.735915992409,True,
anvil,25795072,5,2,transfer,503.63479199586436,True,
anvil,25795072,5,2,get_balance,4.221791998133995,True,
anvil,25795072,5,2,swap_eth_for_token,2244.9215410015313,True,
anvil,25795072,5,2,transfer,508.5707920079585,True,
anvil,25795072,5,2,fund_token,1.0383750050095841,True,
anvil,25795072,5,2,approve,505.0670829950832,True,
anvil,25795072,5,2,approve,251.2378340034047,True,
anvil,25795072,5,2,transfer,506.1997080047149,True,
anvil,25795072,5,2,fund_token,2.516833003028296,True,
anvil,25795072,5,2,fund_token,1.5943750040605664,True,
anvil,25795072,5,2,approve,266.00795800914057,True,
anvil,25795072,5,2,get_balance,10.737667005741969,True,
anvil,25795072,5,2,transfer,510.4944170016097,True,
anvil,25795072,5,2,swap_eth_for_token,267.95929200307,True,
anvil,25795072,5,2,get_balance,2.789249992929399,True,
anvil,25795072,5,2,approve,252.8893330018036,True,
anvil,25795072,5,2,fund_token,0.6915419944562018,True,
anvil,25795072,5,2,approve,254.17645799461752,True,
anvil,25795072,5,2,fund_token,1.3592500035883859,True,
anvil,25795072,5,2,discard,4.06829098938033,True,
anvil,25795072,5,3,acquire,849.5096250117058,True,
anvil,25795072,5,3,set_balance,153.20070899906568,True,
anvil,25795072,5,3,get_balance,17.60691600793507,True,
anvil,25795072,5,3,swap_eth_for_token,2484.799291996751,True,
anvil,25795072,5,3,transfer,507.9446660092799,True,
anvil,25795072,5,3,fund_token,3.4069999965140596,True,
anvil,25795072,5,3,approve,514.9685840005986,True,
anvil,25795072,5,3,swap_token_for_token,502.7253330044914,True,
anvil,25795072,5,3,swap_token_for_token,258.99758300511166,True,
anvil,25795072,5,3,approve,255.90024999110028,True,
anvil,25795072,5,3,swap_token_for_token,261.30983300390653,True,
anvil,25795072,5,3,swap_eth_for_token,266.24208300199825,True,
anvil,25795072,5,3,swap_eth_for_token,265.1055830065161,True,
anvil,25795072,5,3,approve,269.6676670020679,True,
anvil,25795072,5,3,fund_token,10.910791999776848,True,
anvil,25795072,5,3,get_balance,3.9473340002587065,True,
anvil,25795072,5,3,transfer,508.35874999756925,True,
anvil,25795072,5,3,get_balance,8.97758299834095,True,
anvil,25795072,5,3,get_balance,2.5905830116244033,True,
anvil,25795072,5,3,swap_token_for_token,248.1711250002263,True,
anvil,25795072,5,3,approve,261.52229100989643,True,
anvil,25795072,5,3,approve,246.30174999765586,True,
anvil,25795072,5,3,discard,4.578291991492733,True,
anvil,25795072,5,4,acquire,855.9640000021318,True,
anvil,25795072,5,4,set_balance,145.4873329930706,True,
anvil,25795072,5,4,get_balance,18.698792002396658,True,
anvil,25795072,5,4,transfer,768.6112499941373,True,
anvil,25795072,5,4,fund_token,147.56791699619498,True,
anvil,25795072,5,4,transfer,511.75208399945404,True,
anvil,25795072,5,4,transfer,508.3260420069564,True,
anvil,25795072,5,4,approve,506.7968750081491,True,
anvil,25795072,5,4,get_balance,3.7968749966239557,True,
anvil,25795072,5,4,swap_eth_for_token,2013.4305829997174,True,
anvil,25795072,5,4,transfer,499.4464159972267,True,
anvil,25795072,5,4,get_balance,2.5724159931996837,True,
anvil,25795072,5,4,swap_token_for_token,514.7209580027265,True,
anvil,25795072,5,4,get_balance,2.652166993357241,True,
anvil,25795072,5,4,swap_eth_for_token,258.3122079959139,True,
anvil,25795072,5,4,transfer,494.1737499902956,True,
anvil,25795072,5,4,swap_token_for_token,264.3291670101462,True,
anvil,25795072,5,4,get_balance,2.5721250131027773,True,
anvil,25795072,5,4,swap_eth_for_token,259.6070419967873,True,
anvil,25795072,5,4,approve,256.87887499225326,True,
anvil,25795072,5,4,swap_eth_for_token,298.78195900528226,True,
anvil,25795072,5,4,approve,279.9221250024857,True,
anvil,25795072,5,4,discard,10.755832990980707,True,
anvil,25795072,5,-1,__total__,8660.58970800077,True,
forkyard,25795072,10,0,acquire,14.367124997079372,True,
forkyard,25795072,10,0,set_balance,400.949666989618,True,
forkyard,25795072,10,0,fund_token,10.803666998981498,True,
forkyard,25795072,10,0,transfer,2108.5202090034727,True,
forkyard,25795072,10,0,approve,310.03449999843724,True,
forkyard,25795072,10,0,swap_eth_for_token,18.391499994322658,True,
forkyard,25795072,10,0,swap_eth_for_token,144.4132089964114,True,
forkyard,25795072,10,0,approve,166.63300000072923,True,
forkyard,25795072,10,0,get_balance,2.7276249893475324,True,
forkyard,25795072,10,0,approve,12.283415999263525,True,
forkyard,25795072,10,0,swap_eth_for_token,13.45374999800697,True,
forkyard,25795072,10,0,swap_token_for_token,155.1236249943031,True,
forkyard,25795072,10,0,approve,138.31333299458493,True,
forkyard,25795072,10,0,fund_token,1.0320410074200481,True,
forkyard,25795072,10,0,approve,14.013583000632934,True,
forkyard,25795072,10,0,fund_token,6.001292000291869,True,
forkyard,25795072,10,0,transfer,166.5776250010822,True,
forkyard,25795072,10,0,transfer,176.04729101003613,True,
forkyard,25795072,10,0,swap_token_for_token,167.59129200363532,True,
forkyard,25795072,10,0,get_balance,1.963750008144416,True,
forkyard,25795072,10,0,swap_token_for_token,12.232167006004602,True,
forkyard,25795072,10,0,get_balance,1.2635829916689545,True,
forkyard,25795072,10,0,discard,0.5311669956427068,True,
forkyard,25795072,10,1,acquire,13.234709011157975,True,
forkyard,25795072,10,1,set_balance,419.9338330072351,True,
forkyard,25795072,10,1,get_balance,13.874042007955723,True,
forkyard,25795072,10,1,swap_eth_for_token,1941.9465829996625,True,
forkyard,25795072,10,1,fund_token,126.88020800123923,True,
forkyard,25795072,10,1,fund_token,12.979458988411352,True,
forkyard,25795072,10,1,get_balance,18.330165999941528,True,
forkyard,25795072,10,1,fund_token,13.117458001943305,True,
forkyard,25795072,10,1,fund_token,5.829916990478523,True,
forkyard,25795072,10,1,approve,290.5819170118775,True,
forkyard,25795072,10,1,swap_eth_for_token,137.80358400254045,True,
forkyard,25795072,10,1,approve,24.285666993819177,True,
forkyard,25795072,10,1,transfer,273.81929200782906,True,
forkyard,25795072,10,1,transfer,154.95645799092017,True,
forkyard,25795072,10,1,fund_token,145.9908329998143,True,
forkyard,25795072,10,1,fund_token,1.363082992611453,True,
forkyard,25795072,10,1,approve,8.290333993500099,True,
forkyard,25795072,10,1,fund_token,3.938834008295089,True,
forkyard,25795072,10,1,swap_eth_for_token,11.079999996582046,True,
forkyard,25795072,10,1,swap_token_for_token,294.67775000375696,True,
forkyard,25795072,10,1,transfer,149.76112500880845,True,
forkyard,25795072,10,1,approve,10.798999996040948,True,
forkyard,25795072,10,1,discard,1.0032499994849786,True,
forkyard,25795072,10,2,acquire,17.609333008294925,True,
forkyard,25795072,10,2,set_balance,405.0709589937469,True,
forkyard,25795072,10,2,transfer,322.5302499922691,True,
forkyard,25795072,10,2,transfer,1763.1030000047758,True,
forkyard,25795072,10,2,get_balance,19.366499996976927,True,
forkyard,25795072,10,2,swap_eth_for_token,162.23612499015871,True,
forkyard,25795072,10,2,transfer,280.55241699621547,True,
forkyard,25795072,10,2,fund_token,3.282125006080605,True,
forkyard,25795072,10,2,approve,155.43312499357853,True,
forkyard,25795072,10,2,approve,144.0396249963669,True,
forkyard,25795072,10,2,transfer,301.10645800596103,True,
forkyard,25795072,10,2,fund_token,1.0134999902220443,True,
forkyard,25795072,10,2,fund_token,0.9633750014472753,True,
forkyard,25795072,10,2,approve,12.65741599490866,True,
forkyard,25795072,10,2,get_balance,5.033458990510553,True,
forkyard,25795072,10,2,transfer,159.47787500044797,True,
forkyard,25795072,10,2,swap_eth_for_token,135.99141700251494,True,
forkyard,25795072,10,2,get_balance,6.845415991847403,True,
forkyard,25795072,10,2,approve,145.33825000398792,True,
forkyard,25795072,10,2,fund_token,1.2529160012491047,True,
forkyard,25795072,10,2,approve,10.98358399758581,True,
forkyard,25795072,10,2,fund_token,0.5582500016316772,True,
forkyard,25795072,10,2,discard,0.5780840001534671,True,
forkyard,25795072,10,3,acquire,12.01066598878242,True,
forkyard,25795072,10,3,set_balance,518.2189579936676,True,
forkyard,25795072,10,3,get_balance,17.266167007619515,True,
forkyard,25795072,10,3,swap_eth_for_token,1982.321083007264,True,
forkyard,25795072,10,3,transfer,273.2640410104068,True,
forkyard,25795072,10,3,fund_token,137.06395799817983,True,
forkyard,25795072,10,3,approve,154.5900829951279,True,
forkyard,25795072,10,3,swap_token_for_token,273.33729100064375,True,
forkyard,25795072,10,3,swap_token_for_token,19.775207998463884,True,
forkyard,25795072,10,3,approve,273.11837500019465,True,
forkyard,25795072,10,3,swap_token_for_token,26.320791002945043,True,
forkyard,25795072,10,3,swap_eth_for_token,287.806249994901,True,
forkyard,25795072,10,3,swap_eth_for_token,22.8696249978384,True,
forkyard,25795072,10,3,approve,146.80016700003762,True,
forkyard,25795072,10,3,fund_token,4.593999998178333,True,
forkyard,25795072,10,3,get_balance,10.531749998335727,True,
forkyard,25795072,10,3,transfer,160.88558299816214,True,
forkyard,25795072,10,3,get_balance,9.296375006670132,True,
forkyard,25795072,10,3,get_balance,6.547166995005682,True,
forkyard,25795072,10,3,swap_token_for_token,15.391082997666672,True,
forkyard,25795072,10,3,approve,7.378416994470172,True,
forkyard,25795072,10,3,approve,5.718915999750607,True,
forkyard,25795072,10,3,discard,0.5096249951748177,True,
forkyard,25795072,10,4,acquire,15.149250000831671,True,
forkyard,25795072,10,4,set_balance,517.1012909995625,True,
forkyard,25795072,10,4,get_balance,23.711916990578175,True,
forkyard,25795072,10,4,transfer,1961.2626250018366,True,
forkyard,25795072,10,4,fund_token,268.23870799853466,True,
forkyard,25795072,10,4,transfer,170.3258750058012,True,
forkyard,25795072,10,4,transfer,156.7769159883028,True,
forkyard,25795072,10,4,approve,276.6642909991788,True,
forkyard,25795072,10,4,get_balance,272.9905000014696,True,
forkyard,25795072,10,4,swap_eth_for_token,185.96562500169966,True,
forkyard,25795072,10,4,transfer,288.70587500568945,True,
forkyard,25795072,10,4,get_balance,143.4798749978654,True,
forkyard,25795072,10,4,swap_token_for_token,170.03545799525455,True,
forkyard,25795072,10,4,get_balance,6.780874988180585,True,
forkyard,25795072,10,4,swap_eth_for_token,23.329540999839082,True,
forkyard,25795072,10,4,transfer,279.30979200755246,True,
forkyard,25795072,10,4,swap_token_for_token,27.032790996599942,True,
forkyard,25795072,10,4,get_balance,8.09570899582468,True,
forkyard,25795072,10,4,swap_eth_for_token,13.184082999941893,True,
forkyard,25795072,10,4,approve,8.032792000449263,True,
forkyard,25795072,10,4,swap_eth_for_token,8.81233299151063,True,
forkyard,25795072,10,4,approve,6.305041999439709,True,
forkyard,25795072,10,4,discard,0.5668749945471063,True,
forkyard,25795072,10,5,acquire,14.854167005978525,True,
forkyard,25795072,10,5,set_balance,519.4685000024037,True,
forkyard,25795072,10,5,swap_eth_for_token,1846.733915997902,True,
forkyard,25795072,10,5,transfer,415.57995800394565,True,
forkyard,25795072,10,5,get_balance,14.392791999853216,True,
forkyard,25795072,10,5,get_balance,147.90245800395496,True,
forkyard,25795072,10,5,swap_eth_for_token,162.2088340081973,True,
forkyard,25795072,10,5,get_balance,272.51049999904353,True,
forkyard,25795072,10,5,transfer,283.3715000015218,True,
forkyard,25795072,10,5,transfer,323.0802079924615,True,
forkyard,25795072,10,5,fund_token,135.64104201213922,True,
forkyard,25795072,10,5,get_balance,148.45374999276828,True,
forkyard,25795072,10,5,get_balance,14.84962498943787,True,
forkyard,25795072,10,5,get_balance,154.04137500445358,True,
forkyard,25795072,10,5,get_balance,15.047542008687742,True,
forkyard,25795072,10,5,transfer,151.57491600257345,True,
forkyard,25795072,10,5,get_balance,145.56158300547395,True,
forkyard,25795072,10,5,get_balance,11.836083009256981,True,
forkyard,25795072,10,5,swap_eth_for_token,26.20804199250415,True,
forkyard,25795072,10,5,get_balance,4.764791010529734,True,
forkyard,25795072,10,5,get_balance,5.473500001244247,True,
forkyard,25795072,10,5,fund_token,1.030750005156733,True,
forkyard,25795072,10,5,discard,4.870582997682504,True,
forkyard,25795072,10,6,acquire,18.452457996318117,True,
forkyard,25795072,10,6,set_balance,496.2598749989411,True,
forkyard,25795072,10,6,transfer,220.76204100449104,True,
forkyard,25795072,10,6,swap_eth_for_token,1902.943959008553,True,
forkyard,25795072,10,6,transfer,288.1460420030635,True,
forkyard,25795072,10,6,fund_token,1.748416994814761,True,
forkyard,25795072,10,6,swap_eth_for_token,285.45808399212547,True,
forkyard,25795072,10,6,swap_eth_for_token,135.77508299204055,True,
forkyard,25795072,10,6,get_balance,6.332832999760285,True,
forkyard,25795072,10,6,approve,151.9453750079265,True,
forkyard,25795072,10,6,approve,137.6731250056764,True,
forkyard,25795072,10,6,fund_token,1.2879590067313984,True,
forkyard,25795072,10,6,transfer,167.75612499623094,True,
forkyard,25795072,10,6,fund_token,137.504957994679,True,
forkyard,25795072,10,6,fund_token,2.1640409977408126,True,
forkyard,25795072,10,6,get_balance,12.15391700679902,True,
forkyard,25795072,10,6,transfer,155.65912501187995,True,
forkyard,25795072,10,6,approve,28.81533300387673,True,
forkyard,25795072,10,6,fund_token,0.8646249916637316,True,
forkyard,25795072,10,6,approve,151.29491699917708,True,
forkyard,25795072,10,6,get_balance,5.655332992319018,True,
forkyard,25795072,10,6,swap_eth_for_token,22.476083002402447,True,
forkyard,25795072,10,6,discard,1.1647080100374296,True,
forkyard,25795072,10,7,acquire,18.074207997415215,True,
forkyard,25795072,10,7,set_balance,377.64341600995976,True,
forkyard,25795072,10,7,swap_eth_for_token,1980.7984579965705,True,
forkyard,25795072,10,7,fund_token,130.55991601140704,True,
forkyard,25795072,10,7,transfer,171.01191700203344,True,
forkyard,25795072,10,7,swap_eth_for_token,140.7003330095904,True,
forkyard,25795072,10,7,approve,163.13504200661555,True,
forkyard,25795072,10,7,transfer,162.31637499004137,True,
forkyard,25795072,10,7,fund_token,1.3873749994672835,True,
forkyard,25795072,10,7,get_balance,3.103665992966853,True,
forkyard,25795072,10,7,approve,14.2303750035353,True,
forkyard,25795072,10,7,approve,13.361542005441152,True,
forkyard,25795072,10,7,swap_token_for_token,289.84329200466163,True,
forkyard,25795072,10,7,get_balance,3.33333300659433,True,
forkyard,25795072,10,7,approve,17.450500003178604,True,
forkyard,25795072,10,7,fund_token,5.407625008956529,True,
forkyard,25795072,10,7,approve,163.3745830040425,True,
forkyard,25795072,10,7,approve,47.35220898874104,True,
forkyard,25795072,10,7,approve,132.15795799624175,True,
forkyard,25795072,10,7,transfer,164.40741599944886,True,
forkyard,25795072,10,7,approve,9.84920900373254,True,
forkyard,25795072,10,7,fund_token,3.772374999243766,True,
forkyard,25795072,10,7,discard,0.9506670030532405,True,
forkyard,25795072,10,8,acquire,17.808832999435253,True,
forkyard,25795072,10,8,set_balance,510.964041997795,True,
forkyard,25795072,10,8,get_balance,17.64470900525339,True,
forkyard,25795072,10,8,fund_token,8.224124991102144,True,
forkyard,25795072,10,8,get_balance,14.10349999787286,True,
forkyard,25795072,10,8,transfer,2075.17395800096,True,
forkyard,25795072,10,8,get_balance,150.40408399363514,True,
forkyard,25795072,10,8,fund_token,7.995417006895877,True,
forkyard,25795072,10,8,fund_token,6.4618750038789585,True,
forkyard,25795072,10,8,fund_token,142.16791700164322,True,
forkyard,25795072,10,8,fund_token,3.903541000909172,True,
forkyard,25795072,10,8,fund_token,8.943417007685639,True,
forkyard,25795072,10,8,fund_token,2.6252910029143095,True,
forkyard,25795072,10,8,transfer,284.56079099851195,True,
forkyard,25795072,10,8,approve,274.71158299886156,True,
forkyard,25795072,10,8,fund_token,138.15462500497233,True,
forkyard,25795072,10,8,swap_token_for_token,186.15766700531822,True,
forkyard,25795072,10,8,fund_token,146.32520799932536,True,
forkyard,25795072,10,8,transfer,289.70475000096485,True,
forkyard,25795072,10,8,swap_eth_for_token,163.77329199167434,True,
forkyard,25795072,10,8,swap_token_for_token,26.542833002167754,True,
forkyard,25795072,10,8,approve,143.06033300817944,True,
forkyard,25795072,10,8,discard,138.66629199765157,True,
forkyard,25795072,10,9,acquire,19.392667003558017,True,
forkyard,25795072,10,9,set_balance,497.33216599270236,True,
forkyard,25795072,10,9,fund_token,6.825459000538103,True,
forkyard,25795072,10,9,swap_eth_for_token,1846.2019580038032,True,
forkyard,25795072,10,9,get_balance,413.59104198636487,True,
forkyard,25795072,10,9,swap_eth_for_token,151.28191599796992,True,
forkyard,25795072,10,9,approve,288.5392500029411,True,
forkyard,25795072,10,9,approve,139.296707988251,True,
forkyard,25795072,10,9,get_balance,7.689749996643513,True,
forkyard,25795072,10,9,swap_token_for_token,281.4296669967007,True,
forkyard,25795072,10,9,get_balance,7.733541002380662,True,
forkyard,25795072,10,9,transfer,304.93033399397973,True,
forkyard,25795072,10,9,approve,17.222167007275857,True,
forkyard,25795072,10,9,swap_token_for_token,149.5933749974938,True,
forkyard,25795072,10,9,swap_token_for_token,20.11524999397807,True,
forkyard,25795072,10,9,swap_eth_for_token,158.841125012259,True,
forkyard,25795072,10,9,fund_token,3.5157919919583946,True,
forkyard,25795072,10,9,swap_eth_for_token,20.214292002492584,True,
forkyard,25795072,10,9,get_balance,6.46312499884516,True,
forkyard,25795072,10,9,fund_token,0.9451659861952066,True,
forkyard,25795072,10,9,fund_token,1.497208999353461,True,
forkyard,25795072,10,9,get_balance,5.008459003875032,True,
forkyard,25795072,10,9,discard,0.9666669939178973,True,
forkyard,25795072,10,-1,__total__,4877.762749994872,True,
anvil,25795072,10,0,acquire,1066.9288329954725,True,
anvil,25795072,10,0,set_balance,151.86625000205822,True,
anvil,25795072,10,0,fund_token,142.1929159987485,True,
anvil,25795072,10,0,transfer,743.3920830080751,True,
anvil,25795072,10,0,approve,493.1032089953078,True,
anvil,25795072,10,0,swap_eth_for_token,2001.460125000449,True,
anvil,25795072,10,0,swap_eth_for_token,262.75100000202656,True,
anvil,25795072,10,0,approve,250.27350000164006,True,
anvil,25795072,10,0,get_balance,2.7549169899430126,True,
anvil,25795072,10,0,approve,255.59854200400878,True,
anvil,25795072,10,0,swap_eth_for_token,261.76154101267457,True,
anvil,25795072,10,0,swap_token_for_token,507.502583990572,True,
anvil,25795072,10,0,approve,245.86616600572597,True,
anvil,25795072,10,0,fund_token,1.2814579968107864,True,
anvil,25795072,10,0,approve,260.16679100575857,True,
anvil,25795072,10,0,fund_token,0.8212909888243303,True,
anvil,25795072,10,0,transfer,493.57158300699666,True,
anvil,25795072,10,0,transfer,500.1859579933807,True,
anvil,25795072,10,0,swap_token_for_token,257.6882089924766,True,
anvil,25795072,10,0,get_balance,1.7914159980136901,True,
anvil,25795072,10,0,swap_token_for_token,259.60504199611023,True,
anvil,25795072,10,0,get_balance,2.0849169959547,True,
anvil,25795072,10,0,discard,4.554791987175122,True,
anvil,25795072,10,1,acquire,888.2589999993797,True,
anvil,25795072,10,1,set_balance,153.65979200578295,True,
anvil,25795072,10,1,get_balance,30.510665994370356,True,
anvil,25795072,10,1,swap_eth_for_token,2504.067000001669,True,
anvil,25795072,10,1,fund_token,12.05800000752788,True,
anvil,25795072,10,1,fund_token,2.1036670077592134,True,
anvil,25795072,10,1,get_balance,6.578957996680401,True,
anvil,25795072,10,1,fund_token,0.6654169992543757,True,
anvil,25795072,10,1,fund_token,1.1094579967902973,True,
anvil,25795072,10,1,approve,494.20370800362434,True,
anvil,25795072,10,1,swap_eth_for_token,296.8360419909004,True,
anvil,25795072,10,1,approve,274.8121659969911,True,
anvil,25795072,10,1,transfer,511.4727500040317,True,
anvil,25795072,10,1,transfer,498.21570799394976,True,
anvil,25795072,10,1,fund_token,0.8140829886542633,True,
anvil,25795072,10,1,fund_token,0.7114160107448697,True,
anvil,25795072,10,1,approve,246.73475000599865,True,
anvil,25795072,10,1,fund_token,0.9554999996908009,True,
anvil,25795072,10,1,swap_eth_for_token,253.22454099659808,True,
anvil,25795072,10,1,swap_token_for_token,490.8168330002809,True,
anvil,25795072,10,1,transfer,483.7780829984695,True,
anvil,25795072,10,1,approve,253.68170799629297,True,
anvil,25795072,10,1,discard,4.603166991728358,True,
anvil,25795072,10,2,acquire,892.8853340039495,True,
anvil,25795072,10,2,set_balance,146.88491700508166,True,
anvil,25795072,10,2,transfer,1044.2102499946486,True,
anvil,25795072,10,2,transfer,500.0741249968996,True,
anvil,25795072,10,2,get_balance,9.05399999464862,True,
anvil,25795072,10,2,swap_eth_for_token,2242.5631250080187,True,
anvil,25795072,10,2,transfer,497.9159999929834,True,
anvil,25795072,10,2,fund_token,1.3606670108856633,True,
anvil,25795072,10,2,approve,509.0949580044253,True,
anvil,25795072,10,2,approve,258.70479200966656,True,
anvil,25795072,10,2,transfer,501.9001250038855,True,
anvil,25795072,10,2,fund_token,0.9260410006390885,True,
anvil,25795072,10,2,fund_token,0.8096660021692514,True,
anvil,25795072,10,2,approve,253.31662500684615,True,
anvil,25795072,10,2,get_balance,2.352707990212366,True,
anvil,25795072,10,2,transfer,498.7422499980312,True,
anvil,25795072,10,2,swap_eth_for_token,250.21025000023656,True,
anvil,25795072,10,2,get_balance,1.859415991930291,True,
anvil,25795072,10,2,approve,251.46491698978934,True,
anvil,25795072,10,2,fund_token,0.887166999746114,True,
anvil,25795072,10,2,approve,255.29529200866818,True,
anvil,25795072,10,2,fund_token,0.7052080036373809,True,
anvil,25795072,10,2,discard,4.493499989621341,True,
anvil,25795072,10,3,acquire,894.6010420040693,True,
anvil,25795072,10,3,set_balance,144.7343330073636,True,
anvil,25795072,10,3,get_balance,22.586291990592144,True,
anvil,25795072,10,3,swap_eth_for_token,2493.147041008342,True,
anvil,25795072,10,3,transfer,521.3667079951847,True,
anvil,25795072,10,3,fund_token,4.024708003271371,True,
anvil,25795072,10,3,approve,540.3276670112973,True,
anvil,25795072,10,3,swap_token_for_token,508.87079200765584,True,
anvil,25795072,10,3,swap_token_for_token,266.55254200159106,True,
anvil,25795072,10,3,approve,246.51379098941106,True,
anvil,25795072,10,3,swap_token_for_token,259.17416700394824,True,
anvil,25795072,10,3,swap_eth_for_token,257.9023329890333,True,
anvil,25795072,10,3,swap_eth_for_token,254.69849999353755,True,
anvil,25795072,10,3,approve,257.0172499981709,True,
anvil,25795072,10,3,fund_token,1.2237920018378645,True,
anvil,25795072,10,3,get_balance,1.658791006775573,True,
anvil,25795072,10,3,transfer,526.4287909958512,True,
anvil,25795072,10,3,get_balance,2.8999999922234565,True,
anvil,25795072,10,3,get_balance,2.220167007180862,True,
anvil,25795072,10,3,swap_token_for_token,258.43487500969786,True,
anvil,25795072,10,3,approve,267.55083400348667,True,
anvil,25795072,10,3,approve,267.10554100282025,True,
anvil,25795072,10,3,discard,5.081665993202478,True,
anvil,25795072,10,4,acquire,868.7173340003937,True,
anvil,25795072,10,4,set_balance,154.29354200023226,True,
anvil,25795072,10,4,get_balance,3.9030830084811896,True,
anvil,25795072,10,4,transfer,800.3935829910915,True,
anvil,25795072,10,4,fund_token,144.34462500503287,True,
anvil,25795072,10,4,transfer,503.0107920028968,True,
anvil,25795072,10,4,transfer,502.58600000233855,True,
anvil,25795072,10,4,approve,521.2954169983277,True,
anvil,25795072,10,4,get_balance,2.696791008929722,True,
anvil,25795072,10,4,swap_eth_for_token,1978.1089589960175,True,
anvil,25795072,10,4,transfer,503.23812499118503,True,
anvil,25795072,10,4,get_balance,6.086624998715706,True,
anvil,25795072,10,4,swap_token_for_token,512.5154999986989,True,
anvil,25795072,10,4,get_balance,13.978541988763027,True,
anvil,25795072,10,4,swap_eth_for_token,259.2591670108959,True,
anvil,25795072,10,4,transfer,491.20520800352097,True,
anvil,25795072,10,4,swap_token_for_token,268.8105830020504,True,
anvil,25795072,10,4,get_balance,2.772833002381958,True,
anvil,25795072,10,4,swap_eth_for_token,263.05345799482893,True,
anvil,25795072,10,4,approve,251.26291600463446,True,
anvil,25795072,10,4,swap_eth_for_token,267.0080839889124,True,
anvil,25795072,10,4,approve,271.48570799909066,True,
anvil,25795072,10,4,discard,4.60962500073947,True,
anvil,25795072,10,5,acquire,890.8659169974271,True,
anvil,25795072,10,5,set_balance,142.76558300480247,True,
anvil,25795072,10,5,swap_eth_for_token,2516.5605829970445,True,
anvil,25795072,10,5,transfer,515.9115419955924,True,
anvil,25795072,10,5,get_balance,15.38929199159611,True,
anvil,25795072,10,5,get_balance,18.183457999839447,True,
anvil,25795072,10,5,swap_eth_for_token,280.96204200119246,True,
anvil,25795072,10,5,get_balance,16.620458991383202,True,
anvil,25795072,10,5,transfer,503.6970420042053,True,
anvil,25795072,10,5,transfer,497.22866600495763,True,
anvil,25795072,10,5,fund_token,0.7448329997714609,True,
anvil,25795072,10,5,get_balance,2.25591599883046,True,
anvil,25795072,10,5,get_balance,1.7716250004014,True,
anvil,25795072,10,5,get_balance,1.9453749991953373,True,
anvil,25795072,10,5,get_balance,1.6259169933618978,True,
anvil,25795072,10,5,transfer,508.96145799197257,True,
anvil,25795072,10,5,get_balance,1.9052080024266616,True,
anvil,25795072,10,5,get_balance,1.7189589998451993,True,
anvil,25795072,10,5,swap_eth_for_token,248.92570900556166,True,
anvil,25795072,10,5,get_balance,1.3864579959772527,True,
anvil,25795072,10,5,get_balance,1.1110000050393865,True,
anvil,25795072,10,5,fund_token,0.500916998134926,True,
anvil,25795072,10,5,discard,4.572124991682358,True,
anvil,25795072,10,6,acquire,888.3383329957724,True,
anvil,25795072,10,6,set_balance,151.1143749958137,True,
anvil,25795072,10,6,transfer,789.4514579966199,True,
anvil,25795072,10,6,swap_eth_for_token,2274.946749996161,True,
anvil,25795072,10,6,transfer,532.9734170081792,True,
anvil,25795072,10,6,fund_token,3.869541993481107,True,
anvil,25795072,10,6,swap_eth_for_token,269.65195800585207,True,
anvil,25795072,10,6,swap_eth_for_token,269.0686249989085,True,
anvil,25795072,10,6,get_balance,1.6153750038938597,True,
anvil,25795072,10,6,approve,499.7644169925479,True,
anvil,25795072,10,6,approve,278.6465829994995,True,
anvil,25795072,10,6,fund_token,5.365709002944641,True,
anvil,25795072,10,6,transfer,511.5421660011634,True,
anvil,25795072,10,6,fund_token,2.997417002916336,True,
anvil,25795072,10,6,fund_token,6.787999998778105,True,
anvil,25795072,10,6,get_balance,14.677541010314599,True,
anvil,25795072,10,6,transfer,522.8065410046838,True,
anvil,25795072,10,6,approve,265.47654101159424,True,
anvil,25795072,10,6,fund_token,0.9897919953800738,True,
anvil,25795072,10,6,approve,264.84575000358745,True,
anvil,25795072,10,6,get_balance,7.6752919994760305,True,
anvil,25795072,10,6,swap_eth_for_token,260.29341599496547,True,
anvil,25795072,10,6,discard,3.9855829963926226,True,
anvil,25795072,10,7,acquire,882.8037079947535,True,
anvil,25795072,10,7,set_balance,149.11837500403635,True,
anvil,25795072,10,7,swap_eth_for_token,2525.231041989173,True,
anvil,25795072,10,7,fund_token,6.688833993393928,True,
anvil,25795072,10,7,transfer,513.8074169954052,True,
anvil,25795072,10,7,swap_eth_for_token,293.50145799980965,True,
anvil,25795072,10,7,approve,523.4495420008898,True,
anvil,25795072,10,7,transfer,521.3628749916097,True,
anvil,25795072,10,7,fund_token,2.1352500043576583,True,
anvil,25795072,10,7,get_balance,12.082083005225286,True,
anvil,25795072,10,7,approve,248.99791699135676,True,
anvil,25795072,10,7,approve,275.63791700231377,True,
anvil,25795072,10,7,swap_token_for_token,515.5196669948054,True,
anvil,25795072,10,7,get_balance,5.414875005953945,True,
anvil,25795072,10,7,approve,276.0172499984037,True,
anvil,25795072,10,7,fund_token,1.5284999972209334,True,
anvil,25795072,10,7,approve,268.74691700504627,True,
anvil,25795072,10,7,approve,279.8809999949299,True,
anvil,25795072,10,7,approve,251.5027080080472,True,
anvil,25795072,10,7,transfer,510.92620799317956,True,
anvil,25795072,10,7,approve,257.89512500341516,True,
anvil,25795072,10,7,fund_token,1.4197499986039475,True,
anvil,25795072,10,7,discard,4.095666998182423,True,
anvil,25795072,10,8,acquire,875.1432080025552,True,
anvil,25795072,10,8,set_balance,150.86608300043736,True,
anvil,25795072,10,8,get_balance,27.625167000223882,True,
anvil,25795072,10,8,fund_token,146.96974999969825,True,
anvil,25795072,10,8,get_balance,1.7275839927606285,True,
anvil,25795072,10,8,transfer,736.3954580068821,True,
anvil,25795072,10,8,get_balance,3.4227080031996593,True,
anvil,25795072,10,8,fund_token,1.2809999898308888,True,
anvil,25795072,10,8,fund_token,1.1921660043299198,True,
anvil,25795072,10,8,fund_token,0.9849170019151643,True,
anvil,25795072,10,8,fund_token,0.952832997427322,True,
anvil,25795072,10,8,fund_token,0.9387079917360097,True,
anvil,25795072,10,8,fund_token,0.9625840029912069,True,
anvil,25795072,10,8,transfer,501.85833299474325,True,
anvil,25795072,10,8,approve,511.40708300226834,True,
anvil,25795072,10,8,fund_token,1.681083012954332,True,
anvil,25795072,10,8,swap_token_for_token,1992.790749995038,True,
anvil,25795072,10,8,fund_token,0.7008329994278029,True,
anvil,25795072,10,8,transfer,489.5205420034472,True,
anvil,25795072,10,8,swap_eth_for_token,500.08791699656285,True,
anvil,25795072,10,8,swap_token_for_token,270.55616599682253,True,
anvil,25795072,10,8,approve,265.21641699946485,True,
anvil,25795072,10,8,discard,6.814458000008017,True,
anvil,25795072,10,9,acquire,857.2387089952826,True,
anvil,25795072,10,9,set_balance,146.8553750019055,True,
anvil,25795072,10,9,fund_token,142.646791995503,True,
anvil,25795072,10,9,swap_eth_for_token,2224.9329580081394,True,
anvil,25795072,10,9,get_balance,3.900875002727844,True,
anvil,25795072,10,9,swap_eth_for_token,259.91137500386685,True,
anvil,25795072,10,9,approve,499.2921670054784,True,
anvil,25795072,10,9,approve,256.61024999863,True,
anvil,25795072,10,9,get_balance,12.907708005513996,True,
anvil,25795072,10,9,swap_token_for_token,508.1442499940749,True,
anvil,25795072,10,9,get_balance,12.715874996501952,True,
anvil,25795072,10,9,transfer,496.7887919920031,True,
anvil,25795072,10,9,approve,263.8821669970639,True,
anvil,25795072,10,9,swap_token_for_token,267.8044170024805,True,
anvil,25795072,10,9,swap_token_for_token,263.1872500060126,True,
anvil,25795072,10,9,swap_eth_for_token,266.2064579926664,True,
anvil,25795072,10,9,fund_token,2.523917006328702,True,
anvil,25795072,10,9,swap_eth_for_token,269.9336250079796,True,
anvil,25795072,10,9,get_balance,3.6841249966528267,True,
anvil,25795072,10,9,fund_token,1.0096670011989772,True,
anvil,25795072,10,9,fund_token,1.2388339964672923,True,
anvil,25795072,10,9,get_balance,10.456917007104494,True,
anvil,25795072,10,9,discard,5.08345800335519,True,
anvil,25795072,10,-1,__total__,8622.781916012173,True,
forkyard,25795072,25,0,acquire,10.345624992623925,True,
forkyard,25795072,25,0,set_balance,649.4194999977481,True,
forkyard,25795072,25,0,fund_token,424.2887919972418,True,
forkyard,25795072,25,0,transfer,192.94862500100862,True,
forkyard,25795072,25,0,approve,2223.2031660096254,True,
forkyard,25795072,25,0,swap_eth_for_token,427.62387500260957,True,
forkyard,25795072,25,0,swap_eth_for_token,286.21891599323135,True,
forkyard,25795072,25,0,approve,430.0259589945199,True,
forkyard,25795072,25,0,get_balance,268.62720800272655,True,
forkyard,25795072,25,0,approve,149.00699999998324,True,
forkyard,25795072,25,0,swap_eth_for_token,300.05954099760856,True,
forkyard,25795072,25,0,swap_token_for_token,616.0412919998635,True,
forkyard,25795072,25,0,approve,141.5581659966847,True,
forkyard,25795072,25,0,fund_token,138.50400000228547,True,
forkyard,25795072,25,0,approve,409.27216700220015,True,
forkyard,25795072,25,0,fund_token,277.08479200373404,True,
forkyard,25795072,25,0,transfer,434.721833007643,True,
forkyard,25795072,25,0,transfer,176.63270900084171,True,
forkyard,25795072,25,0,swap_token_for_token,297.07679100101814,True,
forkyard,25795072,25,0,get_balance,12.372124998364598,True,
forkyard,25795072,25,0,swap_token_for_token,164.78454200841952,True,
forkyard,25795072,25,0,get_balance,10.806334001244977,True,
forkyard,25795072,25,0,discard,3.0009589972905815,True,
forkyard,25795072,25,1,acquire,23.318457999266684,True,
forkyard,25795072,25,1,set_balance,926.3716669956921,True,
forkyard,25795072,25,1,get_balance,27.775624999776483,True,
forkyard,25795072,25,1,swap_eth_for_token,2207.179750010255,True,
forkyard,25795072,25,1,fund_token,273.64400000078604,True,
forkyard,25795072,25,1,fund_token,14.577291993191466,True,
forkyard,25795072,25,1,get_balance,22.13524999388028,True,
forkyard,25795072,25,1,fund_token,6.433582995668985,True,
forkyard,25795072,25,1,fund_token,14.901082991855219,True,
forkyard,25795072,25,1,approve,571.5721250016941,True,
forkyard,25795072,25,1,swap_eth_for_token,423.51608400349505,True,
forkyard,25795072,25,1,approve,565.3854999982286,True,
forkyard,25795072,25,1,transfer,297.1305829996709,True,
forkyard,25795072,25,1,transfer,202.41454200004227,True,
forkyard,25795072,25,1,fund_token,147.38112498889677,True,
forkyard,25795072,25,1,fund_token,141.4616670081159,True,
forkyard,25795072,25,1,approve,146.5850840031635,True,
forkyard,25795072,25,1,fund_token,5.973625011392869,True,
forkyard,25795072,25,1,swap_eth_for_token,442.69883299421053,True,
forkyard,25795072,25,1,swap_token_for_token,270.936458997312,True,
forkyard,25795072,25,1,transfer,279.98679199663457,True,
forkyard,25795072,25,1,approve,285.9551669971552,True,
forkyard,25795072,25,1,discard,6.852124992292374,True,
forkyard,25795072,25,2,acquire,16.134999998030253,True,
forkyard,25795072,25,2,set_balance,535.239457996795,True,
forkyard,25795072,25,2,transfer,722.4697080091573,True,
forkyard,25795072,25,2,transfer,2354.80583300523,True,
forkyard,25795072,25,2,get_balance,283.0395830096677,True,
forkyard,25795072,25,2,swap_eth_for_token,181.28495899145491,True,
forkyard,25795072,25,2,transfer,705.5274169979384,True,
forkyard,25795072,25,2,fund_token,4.971792004653253,True,
forkyard,25795072,25,2,approve,310.81983300100546,True,
forkyard,25795072,25,2,approve,572.4519579962362,True,
forkyard,25795072,25,2,transfer,408.44012500019744,True,
forkyard,25795072,25,2,fund_token,134.78929200209677,True,
forkyard,25795072,25,2,fund_token,142.6552909979364,True,
forkyard,25795072,25,2,approve,44.24779200053308,True,
forkyard,25795072,25,2,get_balance,286.5283749997616,True,
forkyard,25795072,25,2,transfer,172.64587500540074,True,
forkyard,25795072,25,2,swap_eth_for_token,293.31120899587404,True,
forkyard,25795072,25,2,get_balance,16.162125000846572,True,
forkyard,25795072,25,2,approve,36.298292005085386,True,
forkyard,25795072,25,2,fund_token,11.945332997129299,True,
forkyard,25795072,25,2,approve,31.930958008160815,True,
forkyard,25795072,25,2,fund_token,7.5482499960344285,True,
forkyard,25795072,25,2,discard,144.47308400121983,True,
forkyard,25795072,25,3,acquire,23.98083300795406,True,
forkyard,25795072,25,3,set_balance,902.4309999949764,True,
forkyard,25795072,25,3,get_balance,33.778333992813714,True,
forkyard,25795072,25,3,swap_eth_for_token,2497.5478750129696,True,
forkyard,25795072,25,3,transfer,174.44020799302962,True,
forkyard,25795072,25,3,fund_token,425.9462500049267,True,
forkyard,25795072,25,3,approve,426.8674170016311,True,
forkyard,25795072,25,3,swap_token_for_token,564.8389590060106,True,
forkyard,25795072,25,3,swap_token_for_token,298.6580419965321,True,
forkyard,25795072,25,3,approve,75.91866700386163,True,
forkyard,25795072,25,3,swap_token_for_token,138.4791669988772,True,
forkyard,25795072,25,3,swap_eth_for_token,288.9703330001794,True,
forkyard,25795072,25,3,swap_eth_for_token,143.47962499596179,True,
forkyard,25795072,25,3,approve,304.69358299160376,True,
forkyard,25795072,25,3,fund_token,278.34787500614766,True,
forkyard,25795072,25,3,get_balance,277.8349169966532,True,
forkyard,25795072,25,3,transfer,286.05362499365583,True,
forkyard,25795072,25,3,get_balance,137.50187499681488,True,
forkyard,25795072,25,3,get_balance,9.35162500536535,True,
forkyard,25795072,25,3,swap_token_for_token,307.08095799491275,True,
forkyard,25795072,25,3,approve,30.363082987605594,True,
forkyard,25795072,25,3,approve,8.222333999583498,True,
forkyard,25795072,25,3,discard,1.023666001856327,True,
forkyard,25795072,25,4,acquire,19.391624999116175,True,
forkyard,25795072,25,4,set_balance,636.2170829961542,True,
forkyard,25795072,25,4,get_balance,435.2232079982059,True,
forkyard,25795072,25,4,transfer,320.4613340058131,True,
forkyard,25795072,25,4,fund_token,2068.1020000047283,True,
forkyard,25795072,25,4,transfer,570.5200420052279,True,
forkyard,25795072,25,4,transfer,438.85525000223424,True,
forkyard,25795072,25,4,approve,277.3896250000689,True,
forkyard,25795072,25,4,get_balance,269.4495839969022,True,
forkyard,25795072,25,4,swap_eth_for_token,308.53679099527653,True,
forkyard,25795072,25,4,transfer,342.4426669953391,True,
forkyard,25795072,25,4,get_balance,544.5709170016926,True,
forkyard,25795072,25,4,swap_token_for_token,275.2925410022726,True,
forkyard,25795072,25,4,get_balance,560.3914579987759,True,
forkyard,25795072,25,4,swap_eth_for_token,292.9474590055179,True,
forkyard,25795072,25,4,transfer,460.7606249919627,True,
forkyard,25795072,25,4,swap_token_for_token,184.2042920034146,True,
forkyard,25795072,25,4,get_balance,7.402167000691406,True,
forkyard,25795072,25,4,swap_eth_for_token,16.266124992398545,True,
forkyard,25795072,25,4,approve,156.4971250045346,True,
forkyard,25795072,25,4,swap_eth_for_token,10.757458992884494,True,
forkyard,25795072,25,4,approve,7.1048749960027635,True,
forkyard,25795072,25,4,discard,0.640124999335967,True,
forkyard,25795072,25,5,acquire,22.26991599309258,True,
forkyard,25795072,25,5,set_balance,917.7059579960769,True,
forkyard,25795072,25,5,swap_eth_for_token,2239.6097919991007,True,
forkyard,25795072,25,5,transfer,566.4375419873977,True,
forkyard,25795072,25,5,get_balance,136.6719999932684,True,
forkyard,25795072,25,5,get_balance,18.09795800363645,True,
forkyard,25795072,25,5,swap_eth_for_token,584.669332994963,True,
forkyard,25795072,25,5,get_balance,281.6467499942519,True,
forkyard,25795072,25,5,transfer,452.33216699853074,True,
forkyard,25795072,25,5,transfer,556.4700000104494,True,
forkyard,25795072,25,5,fund_token,276.9903330045054,True,
forkyard,25795072,25,5,get_balance,285.7179999991786,True,
forkyard,25795072,25,5,get_balance,20.788042005733587,True,
forkyard,25795072,25,5,get_balance,20.504250001977198,True,
forkyard,25795072,25,5,get_balance,287.1214170008898,True,
forkyard,25795072,25,5,transfer,321.83425000403076,True,
forkyard,25795072,25,5,get_balance,146.28941600676626,True,
forkyard,25795072,25,5,get_balance,14.107875002082437,True,
forkyard,25795072,25,5,swap_eth_for_token,40.76641600113362,True,
forkyard,25795072,25,5,get_balance,19.398624994209968,True,
forkyard,25795072,25,5,get_balance,14.056583007914014,True,
forkyard,25795072,25,5,fund_token,5.976625005132519,True,
forkyard,25795072,25,5,discard,2.1905409957980737,True,
forkyard,25795072,25,6,acquire,15.237457992043346,True,
forkyard,25795072,25,6,set_balance,633.7643329898128,True,
forkyard,25795072,25,6,transfer,591.5085409942549,True,
forkyard,25795072,25,6,swap_eth_for_token,2336.831708002137,True,
forkyard,25795072,25,6,transfer,425.47658301191404,True,
forkyard,25795072,25,6,fund_token,286.7627500090748,True,
forkyard,25795072,25,6,swap_eth_for_token,170.32454200671054,True,
forkyard,25795072,25,6,swap_eth_for_token,418.3364589989651,True,
forkyard,25795072,25,6,get_balance,426.4469579939032,True,
forkyard,25795072,25,6,approve,347.38962500705384,True,
forkyard,25795072,25,6,approve,52.13016600464471,True,
forkyard,25795072,25,6,fund_token,283.4329170000274,True,
forkyard,25795072,25,6,transfer,562.8590410051402,True,
forkyard,25795072,25,6,fund_token,423.2832080015214,True,
forkyard,25795072,25,6,fund_token,437.8623330121627,True,
forkyard,25795072,25,6,get_balance,12.219291995279491,True,
forkyard,25795072,25,6,transfer,330.1467080018483,True,
forkyard,25795072,25,6,approve,289.90400000475347,True,
forkyard,25795072,25,6,fund_token,10.046875002444722,True,
forkyard,25795072,25,6,approve,174.5013750041835,True,
forkyard,25795072,25,6,get_balance,150.3998749976745,True,
forkyard,25795072,25,6,swap_eth_for_token,36.359417004860006,True,
forkyard,25795072,25,6,discard,141.6869999957271,True,
forkyard,25795072,25,7,acquire,21.067207999294624,True,
forkyard,25795072,25,7,set_balance,881.286125004408,True,
forkyard,25795072,25,7,swap_eth_for_token,2249.1175409959396,True,
forkyard,25795072,25,7,fund_token,538.3255830092821,True,
forkyard,25795072,25,7,transfer,421.3193329924252,True,
forkyard,25795072,25,7,swap_eth_for_token,150.9557079989463,True,
forkyard,25795072,25,7,approve,294.38750000554137,True,
forkyard,25795072,25,7,transfer,442.69208300102036,True,
forkyard,25795072,25,7,fund_token,271.3375829916913,True,
forkyard,25795072,25,7,get_balance,29.76979099912569,True,
forkyard,25795072,25,7,approve,319.3729170016013,True,
forkyard,25795072,25,7,approve,51.632333008456044,True,
forkyard,25795072,25,7,swap_token_for_token,558.9743749878835,True,
forkyard,25795072,25,7,get_balance,855.8164580026641,True,
forkyard,25795072,25,7,approve,298.1335000076797,True,
forkyard,25795072,25,7,fund_token,6.942791995243169,True,
forkyard,25795072,25,7,approve,332.606374999159,True,
forkyard,25795072,25,7,approve,293.73499999928754,True,
forkyard,25795072,25,7,approve,34.56979100883473,True,
forkyard,25795072,25,7,transfer,292.89233399322256,True,
forkyard,25795072,25,7,approve,37.10404099547304,True,
forkyard,25795072,25,7,fund_token,142.9856250033481,True,
forkyard,25795072,25,7,discard,2.946708002127707,True,
forkyard,25795072,25,8,acquire,18.68891599588096,True,
forkyard,25795072,25,8,set_balance,1006.8191669997759,True,
forkyard,25795072,25,8,get_balance,13.189874996896833,True,
forkyard,25795072,25,8,fund_token,15.80462499987334,True,
forkyard,25795072,25,8,get_balance,300.8272909937659,True,
forkyard,25795072,25,8,transfer,2216.978249998647,True,
forkyard,25795072,25,8,get_balance,581.5657080092933,True,
forkyard,25795072,25,8,fund_token,283.86541600048076,True,
forkyard,25795072,25,8,fund_token,144.57550000224728,True,
forkyard,25795072,25,8,fund_token,133.9471249957569,True,
forkyard,25795072,25,8,fund_token,138.76491600240115,True,
forkyard,25795072,25,8,fund_token,138.78966700576711,True,
forkyard,25795072,25,8,fund_token,287.46170799422543,True,
forkyard,25795072,25,8,transfer,205.91758299269713,True,
forkyard,25795072,25,8,approve,566.4435409998987,True,
forkyard,25795072,25,8,fund_token,139.14920898969285,True,
forkyard,25795072,25,8,swap_token_for_token,413.2249579997733,True,
forkyard,25795072,25,8,fund_token,278.1157909921603,True,
forkyard,25795072,25,8,transfer,287.25591700640507,True,
forkyard,25795072,25,8,swap_eth_for_token,147.34845799102914,True,
forkyard,25795072,25,8,swap_token_for_token,43.166832998394966,True,
forkyard,25795072,25,8,approve,429.46300000767224,True,
forkyard,25795072,25,8,discard,10.493166002561338,True,
forkyard,25795072,25,9,acquire,11.601375008467585,True,
forkyard,25795072,25,9,set_balance,919.3148750055116,True,
forkyard,25795072,25,9,fund_token,280.87733300344553,True,
forkyard,25795072,25,9,swap_eth_for_token,1959.8664580116747,True,
forkyard,25795072,25,9,get_balance,556.8347499938682,True,
forkyard,25795072,25,9,swap_eth_for_token,152.3736670060316,True,
forkyard,25795072,25,9,approve,314.04362501052674,True,
forkyard,25795072,25,9,approve,565.7305830100086,True,
forkyard,25795072,25,9,get_balance,15.414041990879923,True,
forkyard,25795072,25,9,swap_token_for_token,866.9931660115253,True,
forkyard,25795072,25,9,get_balance,412.28020800917875,True,
forkyard,25795072,25,9,transfer,283.6669999960577,True,
forkyard,25795072,25,9,approve,44.66679198958445,True,
forkyard,25795072,25,9,swap_token_for_token,288.5882499977015,True,
forkyard,25795072,25,9,swap_token_for_token,464.4952920061769,True,
forkyard,25795072,25,9,swap_eth_for_token,42.41850000107661,True,
forkyard,25795072,25,9,fund_token,4.5047500025248155,True,
forkyard,25795072,25,9,swap_eth_for_token,41.1368329951074,True,
forkyard,25795072,25,9,get_balance,7.343624994973652,True,
forkyard,25795072,25,9,fund_token,5.80012499995064,True,
forkyard,25795072,25,9,fund_token,2.940958002000116,True,
forkyard,25795072,25,9,get_balance,148.4052080049878,True,
forkyard,25795072,25,9,discard,6.840625006589107,True,
forkyard,25795072,25,10,acquire,9.810415998799726,True,
forkyard,25795072,25,10,set_balance,898.2214999996359,True,
forkyard,25795072,25,10,transfer,405.7592499884777,True,
forkyard,25795072,25,10,fund_token,2084.574375010561,True,
forkyard,25795072,25,10,get_balance,40.36275000544265,True,
forkyard,25795072,25,10,fund_token,9.650958003476262,True,
forkyard,25795072,25,10,get_balance,434.85933300689794,True,
forkyard,25795072,25,10,approve,276.82858300977387,True,
forkyard,25795072,25,10,transfer,428.9395420055371,True,
forkyard,25795072,25,10,swap_token_for_token,572.1505830006208,True,
forkyard,25795072,25,10,get_balance,160.4185840114951,True,
forkyard,25795072,25,10,fund_token,7.620833013788797,True,
forkyard,25795072,25,10,swap_eth_for_token,53.362999999080785,True,
forkyard,25795072,25,10,fund_token,135.18675000523217,True,
forkyard,25795072,25,10,swap_token_for_token,156.52983299514744,True,
forkyard,25795072,25,10,fund_token,136.23916600772645,True,
forkyard,25795072,25,10,fund_token,141.98891700652894,True,
forkyard,25795072,25,10,transfer,169.67866699269507,True,
forkyard,25795072,25,10,get_balance,552.3209160019178,True,
forkyard,25795072,25,10,get_balance,281.02570900227875,True,
forkyard,25795072,25,10,approve,290.3533329954371,True,
forkyard,25795072,25,10,swap_eth_for_token,313.2982919923961,True,
forkyard,25795072,25,10,discard,4.000583998276852,True,
forkyard,25795072,25,11,acquire,32.44500000437256,True,
forkyard,25795072,25,11,set_balance,1013.7777909985743,True,
forkyard,25795072,25,11,fund_token,5.399790999945253,True,
forkyard,25795072,25,11,fund_token,9.500083004240878,True,
forkyard,25795072,25,11,get_balance,17.575333011336625,True,
forkyard,25795072,25,11,approve,2230.7825829921057,True,
forkyard,25795072,25,11,fund_token,425.9025829960592,True,
forkyard,25795072,25,11,get_balance,439.7238749952521,True,
forkyard,25795072,25,11,approve,293.6776669957908,True,
forkyard,25795072,25,11,fund_token,134.93962500069756,True,
forkyard,25795072,25,11,approve,146.61149999301415,True,
forkyard,25795072,25,11,transfer,272.11658300075214,True,
forkyard,25795072,25,11,get_balance,295.2276249998249,True,
forkyard,25795072,25,11,approve,348.52800000226125,True,
forkyard,25795072,25,11,swap_eth_for_token,416.63562500616536,True,
forkyard,25795072,25,11,approve,141.788541994174,True,
forkyard,25795072,25,11,swap_token_for_token,539.3325839977479,True,
forkyard,25795072,25,11,swap_token_for_token,293.3751250093337,True,
forkyard,25795072,25,11,fund_token,278.1386660062708,True,
forkyard,25795072,25,11,swap_token_for_token,37.01820800779387,True,
forkyard,25795072,25,11,approve,448.5270409932127,True,
forkyard,25795072,25,11,transfer,168.9793749974342,True,
forkyard,25795072,25,11,discard,6.404208004823886,True,
forkyard,25795072,25,12,acquire,45.04037500009872,True,
forkyard,25795072,25,12,set_balance,900.2214170031948,True,
forkyard,25795072,25,12,fund_token,290.453042005538,True,
forkyard,25795072,25,12,approve,2080.594041995937,True,
forkyard,25795072,25,12,fund_token,416.09666698786896,True,
forkyard,25795072,25,12,swap_eth_for_token,287.0671249984298,True,
forkyard,25795072,25,12,swap_eth_for_token,293.210417003138,True,
forkyard,25795072,25,12,swap_token_for_token,441.36587499815505,True,
forkyard,25795072,25,12,fund_token,286.65854199789464,True,
forkyard,25795072,25,12,get_balance,291.10312499688007,True,
forkyard,25795072,25,12,get_balance,19.366791006177664,True,
forkyard,25795072,25,12,approve,322.65124999685213,True,
forkyard,25795072,25,12,approve,48.45183300494682,True,
forkyard,25795072,25,12,transfer,416.36266600107774,True,
forkyard,25795072,25,12,transfer,703.0537079990609,True,
forkyard,25795072,25,12,transfer,432.6913330005482,True,
forkyard,25795072,25,12,fund_token,148.8707500102464,True,
forkyard,25795072,25,12,swap_token_for_token,194.11162500909995,True,
forkyard,25795072,25,12,approve,299.2562920117052,True,
forkyard,25795072,25,12,approve,142.42062499397434,True,
forkyard,25795072,25,12,fund_token,9.990041988203302,True,
forkyard,25795072,25,12,swap_token_for_token,172.2491670079762,True,
forkyard,25795072,25,12,discard,144.52658299705945,True,
forkyard,25795072,25,13,acquire,249.70749999920372,True,
forkyard,25795072,25,13,set_balance,982.6455840084236,True,
forkyard,25795072,25,13,swap_eth_for_token,2260.938624996925,True,
forkyard,25795072,25,13,get_balance,404.57612500176765,True,
forkyard,25795072,25,13,get_balance,18.314457993255928,True,
forkyard,25795072,25,13,get_balance,18.33950000582263,True,
forkyard,25795072,25,13,transfer,561.6752089990769,True,
forkyard,25795072,25,13,swap_eth_for_token,289.1804170067189,True,
forkyard,25795072,25,13,fund_token,4.7437920002266765,True,
forkyard,25795072,25,13,approve,600.8129169931635,True,
forkyard,25795072,25,13,get_balance,685.7414579862962,True,
forkyard,25795072,25,13,swap_eth_for_token,292.03195800073445,True,
forkyard,25795072,25,13,swap_token_for_token,193.64074998884462,True,
forkyard,25795072,25,13,swap_eth_for_token,141.40529099677224,True,
forkyard,25795072,25,13,fund_token,13.050624998868443,True,
forkyard,25795072,25,13,swap_token_for_token,449.7078330023214,True,
forkyard,25795072,25,13,swap_token_for_token,53.42562499572523,True,
forkyard,25795072,25,13,swap_token_for_token,40.37712499848567,True,
forkyard,25795072,25,13,swap_token_for_token,156.81808299268596,True,
forkyard,25795072,25,13,get_balance,6.480374999227934,True,
forkyard,25795072,25,13,approve,50.545958991278894,True,
forkyard,25795072,25,13,swap_eth_for_token,15.106791004654951,True,
forkyard,25795072,25,13,discard,0.5521250132005662,True,
forkyard,25795072,25,14,acquire,28.889082997920923,True,
forkyard,25795072,25,14,set_balance,895.8251659933012,True,
forkyard,25795072,25,14,transfer,412.8422089997912,True,
forkyard,25795072,25,14,swap_eth_for_token,2366.4333750057267,True,
forkyard,25795072,25,14,swap_eth_for_token,565.5176669970388,True,
forkyard,25795072,25,14,fund_token,8.313417012686841,True,
forkyard,25795072,25,14,fund_token,4.895499994745478,True,
forkyard,25795072,25,14,fund_token,141.72625000355765,True,
forkyard,25795072,25,14,swap_eth_for_token,287.41254200576805,True,
forkyard,25795072,25,14,swap_eth_for_token,433.2268330035731,True,
forkyard,25795072,25,14,swap_eth_for_token,158.07400000630878,True,
forkyard,25795072,25,14,approve,177.13574999652337,True,
forkyard,25795072,25,14,approve,149.33833299437538,True,
forkyard,25795072,25,14,transfer,332.54608399874996,True,
forkyard,25795072,25,14,transfer,703.4213750011986,True,
forkyard,25795072,25,14,transfer,424.5719589962391,True,
forkyard,25795072,25,14,swap_eth_for_token,297.57879200042225,True,
forkyard,25795072,25,14,fund_token,5.531999995582737,True,
forkyard,25795072,25,14,approve,178.94237500149757,True,
forkyard,25795072,25,14,swap_token_for_token,443.1113339960575,True,
forkyard,25795072,25,14,transfer,183.31962499360088,True,
forkyard,25795072,25,14,approve,149.30654100317042,True,
forkyard,25795072,25,14,discard,10.327959011192434,True,
forkyard,25795072,25,15,acquire,25.656541998614557,True,
forkyard,25795072,25,15,set_balance,895.6425840005977,True,
forkyard,25795072,25,15,get_balance,35.657041997183114,True,
forkyard,25795072,25,15,transfer,2334.3218749942025,True,
forkyard,25795072,25,15,get_balance,167.2117920097662,True,
forkyard,25795072,25,15,transfer,456.35683299042284,True,
forkyard,25795072,25,15,swap_eth_for_token,416.566125000827,True,
forkyard,25795072,25,15,transfer,564.7710420016665,True,
forkyard,25795072,25,15,fund_token,284.2102089925902,True,
forkyard,25795072,25,15,swap_eth_for_token,174.1871669946704,True,
forkyard,25795072,25,15,swap_eth_for_token,194.84791600552853,True,
forkyard,25795072,25,15,get_balance,284.6327500010375,True,
forkyard,25795072,25,15,swap_eth_for_token,151.0004160081735,True,
forkyard,25795072,25,15,get_balance,18.5957089997828,True,
forkyard,25795072,25,15,approve,568.1359579903074,True,
forkyard,25795072,25,15,approve,277.3080420010956,True,
forkyard,25795072,25,15,fund_token,134.04308300232515,True,
forkyard,25795072,25,15,fund_token,284.6619999909308,True,
forkyard,25795072,25,15,fund_token,4.0644170076120645,True,
forkyard,25795072,25,15,swap_token_for_token,313.6798329942394,True,
forkyard,25795072,25,15,fund_token,8.419332996709272,True,
forkyard,25795072,25,15,get_balance,18.901209012256004,True,
forkyard,25795072,25,15,discard,4.881167013081722,True,
forkyard,25795072,25,16,acquire,236.6628750023665,True,
forkyard,25795072,25,16,set_balance,995.2991250029299,True,
forkyard,25795072,25,16,swap_eth_for_token,2085.638332995586,True,
forkyard,25795072,25,16,fund_token,424.0160420013126,True,
forkyard,25795072,25,16,fund_token,143.8160839898046,True,
forkyard,25795072,25,16,fund_token,10.468458000104874,True,
forkyard,25795072,25,16,fund_token,9.978500005672686,True,
forkyard,25795072,25,16,get_balance,21.321541993529536,True,
forkyard,25795072,25,16,transfer,700.3737909981282,True,
forkyard,25795072,25,16,swap_eth_for_token,147.93366599769797,True,
forkyard,25795072,25,16,get_balance,7.414499996230006,True,
forkyard,25795072,25,16,transfer,730.6177919963375,True,
forkyard,25795072,25,16,approve,411.07416700106114,True,
forkyard,25795072,25,16,get_balance,280.3722079988802,True,
forkyard,25795072,25,16,fund_token,143.50895800453145,True,
forkyard,25795072,25,16,approve,32.01945900218561,True,
forkyard,25795072,25,16,swap_eth_for_token,166.34749999502674,True,
forkyard,25795072,25,16,swap_eth_for_token,143.5008749976987,True,
forkyard,25795072,25,16,transfer,454.07920800789725,True,
forkyard,25795072,25,16,fund_token,7.018958000116982,True,
forkyard,25795072,25,16,approve,34.84004200436175,True,
forkyard,25795072,25,16,approve,33.73791700869333,True,
forkyard,25795072,25,16,discard,4.85037500038743,True,
forkyard,25795072,25,17,acquire,350.503583002137,True,
forkyard,25795072,25,17,set_balance,703.2454169966513,True,
forkyard,25795072,25,17,fund_token,6.179584001074545,True,
forkyard,25795072,25,17,swap_eth_for_token,2123.9396250020945,True,
forkyard,25795072,25,17,get_balance,848.894750000909,True,
forkyard,25795072,25,17,transfer,291.38670800602995,True,
forkyard,25795072,25,17,get_balance,420.6247920083115,True,
forkyard,25795072,25,17,fund_token,138.70729100017343,True,
forkyard,25795072,25,17,approve,281.12541600421537,True,
forkyard,25795072,25,17,get_balance,160.2479580033105,True,
forkyard,25795072,25,17,get_balance,27.172791000339203,True,
forkyard,25795072,25,17,get_balance,313.7843339936808,True,
forkyard,25795072,25,17,swap_eth_for_token,423.1322080013342,True,
forkyard,25795072,25,17,swap_token_for_token,278.99537500343286,True,
forkyard,25795072,25,17,transfer,546.2186249933438,True,
forkyard,25795072,25,17,swap_token_for_token,430.7471250067465,True,
forkyard,25795072,25,17,transfer,305.5780419963412,True,
forkyard,25795072,25,17,swap_eth_for_token,157.9864160012221,True,
forkyard,25795072,25,17,swap_token_for_token,37.32495800068136,True,
forkyard,25795072,25,17,swap_eth_for_token,141.16941699467134,True,
forkyard,25795072,25,17,fund_token,5.394042003899813,True,
forkyard,25795072,25,17,transfer,172.5786250026431,True,
forkyard,25795072,25,17,discard,4.326666996348649,True,
forkyard,25795072,25,18,acquire,14.587541998480447,True,
forkyard,25795072,25,18,set_balance,910.8216249878751,True,
forkyard,25795072,25,18,get_balance,29.183416001615115,True,
forkyard,25795072,25,18,fund_token,6.701708000036888,True,
forkyard,25795072,25,18,get_balance,23.973374991328456,True,
forkyard,25795072,25,18,fund_token,5.005834012990817,True,
forkyard,25795072,25,18,get_balance,354.59908298798837,True,
forkyard,25795072,25,18,swap_eth_for_token,2108.454959001392,True,
forkyard,25795072,25,18,swap_eth_for_token,326.77391699689906,True,
forkyard,25795072,25,18,swap_eth_for_token,284.89158299635164,True,
forkyard,25795072,25,18,swap_eth_for_token,423.51808300009,True,
forkyard,25795072,25,18,get_balance,706.6963750112336,True,
forkyard,25795072,25,18,get_balance,157.99100000003818,True,
forkyard,25795072,25,18,swap_eth_for_token,64.07366700295825,True,
forkyard,25795072,25,18,fund_token,3.4287079906789586,True,
forkyard,25795072,25,18,swap_eth_for_token,145.70645900676027,True,
forkyard,25795072,25,18,transfer,284.0394170052605,True,
forkyard,25795072,25,18,fund_token,141.66791700699832,True,
forkyard,25795072,25,18,fund_token,6.146041996544227,True,
forkyard,25795072,25,18,approve,447.92733300710097,True,
forkyard,25795072,25,18,approve,137.16158299939707,True,
forkyard,25795072,25,18,swap_eth_for_token,279.58254200348165,True,
forkyard,25795072,25,18,discard,131.1333750054473,True,
forkyard,25795072,25,19,acquire,19.245791001594625,True,
forkyard,25795072,25,19,set_balance,901.4055419975193,True,
forkyard,25795072,25,19,transfer,272.413458005758,True,
forkyard,25795072,25,19,get_balance,2237.0812500012107,True,
forkyard,25795072,25,19,swap_eth_for_token,320.82358399929944,True,
forkyard,25795072,25,19,get_balance,558.5428750055144,True,
forkyard,25795072,25,19,transfer,437.0366249931976,True,
forkyard,25795072,25,19,fund_token,411.77279100520536,True,
forkyard,25795072,25,19,swap_eth_for_token,170.3833749925252,True,
forkyard,25795072,25,19,swap_eth_for_token,70.69991600292269,True,
forkyard,25795072,25,19,transfer,277.5180410098983,True,
forkyard,25795072,25,19,transfer,284.5585420000134,True,
forkyard,25795072,25,19,transfer,301.3385840022238,True,
forkyard,25795072,25,19,fund_token,278.990334001719,True,
forkyard,25795072,25,19,transfer,278.9367080113152,True,
forkyard,25795072,25,19,transfer,418.50425000302494,True,
forkyard,25795072,25,19,approve,168.34400000516325,True,
forkyard,25795072,25,19,fund_token,140.8112499921117,True,
forkyard,25795072,25,19,approve,37.18387499975506,True,
forkyard,25795072,25,19,get_balance,2.9642079898621887,True,
forkyard,25795072,25,19,get_balance,5.160415996215306,True,
forkyard,25795072,25,19,get_balance,2.43612501071766,True,
forkyard,25795072,25,19,discard,0.7462500070687383,True,
forkyard,25795072,25,20,acquire,201.4622499991674,True,
forkyard,25795072,25,20,set_balance,1012.0944169902941,True,
forkyard,25795072,25,20,get_balance,2484.16391700448,True,
forkyard,25795072,25,20,transfer,573.119749999023,True,
forkyard,25795072,25,20,get_balance,154.27379199536517,True,
forkyard,25795072,25,20,fund_token,278.2941670011496,True,
forkyard,25795072,25,20,transfer,433.71487500553485,True,
forkyard,25795072,25,20,get_balance,154.3624589976389,True,
forkyard,25795072,25,20,fund_token,14.771458998438902,True,
forkyard,25795072,25,20,fund_token,8.118166995700449,True,
forkyard,25795072,25,20,get_balance,299.3454999959795,True,
forkyard,25795072,25,20,swap_eth_for_token,46.6935000004014,True,
forkyard,25795072,25,20,fund_token,152.04383399395738,True,
forkyard,25795072,25,20,approve,565.4269170045154,True,
forkyard,25795072,25,20,transfer,565.737833007006,True,
forkyard,25795072,25,20,approve,443.6750830063829,True,
forkyard,25795072,25,20,get_balance,10.311125006410293,True,
forkyard,25795072,25,20,transfer,465.04995800205506,True,
forkyard,25795072,25,20,swap_eth_for_token,150.30125000339467,True,
forkyard,25795072,25,20,swap_eth_for_token,179.81000000145286,True,
forkyard,25795072,25,20,get_balance,148.69654100039043,True,
forkyard,25795072,25,20,transfer,174.50766699039377,True,
forkyard,25795072,25,20,discard,2.845416995114647,True,
forkyard,25795072,25,21,acquire,326.033457997255,True,
forkyard,25795072,25,21,set_balance,698.7470839958405,True,
forkyard,25795072,25,21,get_balance,20.14262499869801,True,
forkyard,25795072,25,21,fund_token,12.363666988676414,True,
forkyard,25795072,25,21,fund_token,152.9614580067573,True,
forkyard,25795072,25,21,fund_token,2071.4731669868343,True,
forkyard,25795072,25,21,approve,585.8772080100607,True,
forkyard,25795072,25,21,transfer,284.26729200873524,True,
forkyard,25795072,25,21,approve,292.28741700353567,True,
forkyard,25795072,25,21,get_balance,269.4955420010956,True,
forkyard,25795072,25,21,get_balance,277.29441699921153,True,
forkyard,25795072,25,21,fund_token,286.0175420064479,True,
forkyard,25795072,25,21,approve,75.86187501146924,True,
forkyard,25795072,25,21,swap_eth_for_token,564.1880000039237,True,
forkyard,25795072,25,21,swap_token_for_token,285.5315420019906,True,
forkyard,25795072,25,21,get_balance,536.8660840031225,True,
forkyard,25795072,25,21,transfer,295.0753339973744,True,
forkyard,25795072,25,21,fund_token,276.87308299937285,True,
forkyard,25795072,25,21,approve,33.79024998866953,True,
forkyard,25795072,25,21,fund_token,9.224417008226737,True,
forkyard,25795072,25,21,get_balance,429.14462499902584,True,
forkyard,25795072,25,21,fund_token,5.900542004383169,True,
forkyard,25795072,25,21,discard,13.86925000406336,True,
forkyard,25795072,25,22,acquire,208.1113330059452,True,
forkyard,25795072,25,22,set_balance,986.2217500049155,True,
forkyard,25795072,25,22,get_balance,2376.0712910006987,True,
forkyard,25795072,25,22,transfer,291.3853750069393,True,
forkyard,25795072,25,22,get_balance,24.562459002481773,True,
forkyard,25795072,25,22,swap_eth_for_token,431.3443749997532,True,
forkyard,25795072,25,22,get_balance,425.8497080008965,True,
forkyard,25795072,25,22,transfer,163.1198749964824,True,
forkyard,25795072,25,22,get_balance,985.8595829864498,True,
forkyard,25795072,25,22,transfer,284.36791599961,True,
forkyard,25795072,25,22,swap_eth_for_token,146.81508400826715,True,
forkyard,25795072,25,22,fund_token,6.810041988501325,True,
forkyard,25795072,25,22,get_balance,24.232459007180296,True,
forkyard,25795072,25,22,approve,306.70341600489337,True,
forkyard,25795072,25,22,approve,310.96908400650136,True,
forkyard,25795072,25,22,get_balance,150.30900000419933,True,
forkyard,25795072,25,22,swap_eth_for_token,36.01058300409932,True,
forkyard,25795072,25,22,swap_eth_for_token,44.971124996664,True,
forkyard,25795072,25,22,swap_token_for_token,167.40104199561756,True,
forkyard,25795072,25,22,swap_eth_for_token,29.97562500240747,True,
forkyard,25795072,25,22,fund_token,4.840042005525902,True,
forkyard,25795072,25,22,approve,38.32433299976401,True,
forkyard,25795072,25,22,discard,0.7844170031603426,True,
forkyard,25795072,25,23,acquire,197.15508300578222,True,
forkyard,25795072,25,23,set_balance,1001.3172500039218,True,
forkyard,25795072,25,23,swap_eth_for_token,2214.8026670038234,True,
forkyard,25795072,25,23,transfer,415.3156670072349,True,
forkyard,25795072,25,23,fund_token,428.6091250105528,True,
forkyard,25795072,25,23,approve,169.72337500192225,True,
forkyard,25795072,25,23,swap_token_for_token,420.9632920101285,True,
forkyard,25795072,25,23,transfer,437.9809170059161,True,
forkyard,25795072,25,23,approve,333.38529100001324,True,
forkyard,25795072,25,23,transfer,191.87495799269527,True,
forkyard,25795072,25,23,swap_token_for_token,562.6525419938844,True,
forkyard,25795072,25,23,approve,424.39087500679307,True,
forkyard,25795072,25,23,transfer,585.1189169916324,True,
forkyard,25795072,25,23,transfer,177.95887500687968,True,
forkyard,25795072,25,23,swap_token_for_token,303.4470419952413,True,
forkyard,25795072,25,23,approve,146.13229100359604,True,
forkyard,25795072,25,23,swap_token_for_token,184.333791010431,True,
forkyard,25795072,25,23,get_balance,146.30074999877252,True,
forkyard,25795072,25,23,approve,35.63033298996743,True,
forkyard,25795072,25,23,get_balance,148.55720900231972,True,
forkyard,25795072,25,23,approve,12.9348329937784,True,
forkyard,25795072,25,23,approve,10.090249998029321,True,
forkyard,25795072,25,23,discard,0.8550000056857243,True,
forkyard,25795072,25,24,acquire,328.11791700078174,True,
forkyard,25795072,25,24,set_balance,694.8937499983003,True,
forkyard,25795072,25,24,fund_token,4.392666000057943,True,
forkyard,25795072,25,24,get_balance,22.517292003612965,True,
forkyard,25795072,25,24,get_balance,299.7432080010185,True,
forkyard,25795072,25,24,transfer,2370.4980409966083,True,
forkyard,25795072,25,24,swap_eth_for_token,284.1577920044074,True,
forkyard,25795072,25,24,fund_token,142.44500000495464,True,
forkyard,25795072,25,24,transfer,433.5476669948548,True,
forkyard,25795072,25,24,approve,275.31524999358226,True,
forkyard,25795072,25,24,swap_token_for_token,432.4220409907866,True,
forkyard,25795072,25,24,transfer,487.3595000099158,True,
forkyard,25795072,25,24,approve,275.8026669907849,True,
forkyard,25795072,25,24,swap_eth_for_token,145.6466670060763,True,
forkyard,25795072,25,24,approve,405.54366700234823,True,
forkyard,25795072,25,24,get_balance,420.84891599370167,True,
forkyard,25795072,25,24,swap_eth_for_token,295.50449999806006,True,
forkyard,25795072,25,24,swap_eth_for_token,468.967042004806,True,
forkyard,25795072,25,24,get_balance,25.384999986272305,True,
forkyard,25795072,25,24,fund_token,7.362832999206148,True,
forkyard,25795072,25,24,swap_eth_for_token,150.5135000043083,True,
forkyard,25795072,25,24,get_balance,10.152125003514811,True,
forkyard,25795072,25,24,discard,1.7383750091539696,True,
forkyard,25795072,25,-1,__total__,8636.966624995694,True,
anvil,25795072,25,0,acquire,862.0896659995196,True,
anvil,25795072,25,0,set_balance,148.55762499792036,True,
anvil,25795072,25,0,fund_token,139.9972500075819,True,
anvil,25795072,25,0,transfer,1869.1431670013117,True,
anvil,25795072,25,0,approve,500.10304200986866,True,
anvil,25795072,25,0,swap_eth_for_token,1967.6188329904107,True,
anvil,25795072,25,0,swap_eth_for_token,257.1658329979982,True,
anvil,25795072,25,0,approve,256.6957079980057,True,
anvil,25795072,25,0,get_balance,12.00433300982695,True,
anvil,25795072,25,0,approve,263.101500007906,True,
anvil,25795072,25,0,swap_eth_for_token,249.37737500295043,True,
anvil,25795072,25,0,swap_token_for_token,511.9117499998538,True,
anvil,25795072,25,0,approve,258.86237500526477,True,
anvil,25795072,25,0,fund_token,0.8502080017933622,True,
anvil,25795072,25,0,approve,249.67725000169594,True,
anvil,25795072,25,0,fund_token,1.149582996731624,True,
anvil,25795072,25,0,transfer,499.0492500073742,True,
anvil,25795072,25,0,transfer,498.77349998860154,True,
anvil,25795072,25,0,swap_token_for_token,264.5066250115633,True,
anvil,25795072,25,0,get_balance,3.8107919972389936,True,
anvil,25795072,25,0,swap_token_for_token,261.0442500008503,True,
anvil,25795072,25,0,get_balance,1.9367920031072572,True,
anvil,25795072,25,0,discard,4.581625005812384,True,
anvil,25795072,25,1,acquire,868.0058750032913,True,
anvil,25795072,25,1,set_balance,136.73800000105985,True,
anvil,25795072,25,1,get_balance,2.3234999971464276,True,
anvil,25795072,25,1,swap_eth_for_token,3546.7834579903865,True,
anvil,25795072,25,1,fund_token,1.9768750062212348,True,
anvil,25795072,25,1,fund_token,1.032457992550917,True,
anvil,25795072,25,1,get_balance,3.046540994546376,True,
anvil,25795072,25,1,fund_token,1.2230000138515607,True,
anvil,25795072,25,1,fund_token,1.0242089920211583,True,
anvil,25795072,25,1,approve,506.38587500725407,True,
anvil,25795072,25,1,swap_eth_for_token,250.63154198869597,True,
anvil,25795072,25,1,approve,240.47375000372995,True,
anvil,25795072,25,1,transfer,477.2712909907568,True,
anvil,25795072,25,1,transfer,501.4864170079818,True,
anvil,25795072,25,1,fund_token,2.116374991601333,True,
anvil,25795072,25,1,fund_token,6.059167004423216,True,
anvil,25795072,25,1,approve,263.60125000064727,True,
anvil,25795072,25,1,fund_token,5.904874997213483,True,
anvil,25795072,25,1,swap_eth_for_token,275.6196669943165,True,
anvil,25795072,25,1,swap_token_for_token,519.4953329919372,True,
anvil,25795072,25,1,transfer,504.5920420088805,True,
anvil,25795072,25,1,approve,265.2174999966519,True,
anvil,25795072,25,1,discard,4.568167001707479,True,
anvil,25795072,25,2,acquire,902.414708994911,True,
anvil,25795072,25,2,set_balance,145.55466700403485,True,
anvil,25795072,25,2,transfer,1904.2009999975562,True,
anvil,25795072,25,2,transfer,495.3182919998653,True,
anvil,25795072,25,2,get_balance,2.3028750001685694,True,
anvil,25795072,25,2,swap_eth_for_token,2188.3444160048384,True,
anvil,25795072,25,2,transfer,494.49024999921676,True,
anvil,25795072,25,2,fund_token,0.5162500019650906,True,
anvil,25795072,25,2,approve,499.1957499878481,True,
anvil,25795072,25,2,approve,252.46208399767056,True,
anvil,25795072,25,2,transfer,502.7655000012601,True,
anvil,25795072,25,2,fund_token,2.1025000023655593,True,
anvil,25795072,25,2,fund_token,1.7109170003095642,True,
anvil,25795072,25,2,approve,266.5495830005966,True,
anvil,25795072,25,2,get_balance,11.64679198700469,True,
anvil,25795072,25,2,transfer,504.55233300453983,True,
anvil,25795072,25,2,swap_eth_for_token,252.6887089916272,True,
anvil,25795072,25,2,get_balance,1.5509579970967025,True,
anvil,25795072,25,2,approve,244.8681670066435,True,
anvil,25795072,25,2,fund_token,0.6898329884279519,True,
anvil,25795072,25,2,approve,249.50254199211486,True,
anvil,25795072,25,2,fund_token,0.977624993538484,True,
anvil,25795072,25,2,discard,4.820583009859547,True,
anvil,25795072,25,3,acquire,879.2780420044437,True,
anvil,25795072,25,3,set_balance,145.32995800254866,True,
anvil,25795072,25,3,get_balance,6.81508299021516,True,
anvil,25795072,25,3,swap_eth_for_token,3618.6648329894524,True,
anvil,25795072,25,3,transfer,508.64337499660905,True,
anvil,25795072,25,3,fund_token,4.458499999600463,True,
anvil,25795072,25,3,approve,498.6240410071332,True,
anvil,25795072,25,3,swap_token_for_token,491.1204999953043,True,
anvil,25795072,25,3,swap_token_for_token,253.1834169931244,True,
anvil,25795072,25,3,approve,253.7691659963457,True,
anvil,25795072,25,3,swap_token_for_token,266.2376250082161,True,
anvil,25795072,25,3,swap_eth_for_token,263.59158400737215,True,
anvil,25795072,25,3,swap_eth_for_token,254.69316699309275,True,
anvil,25795072,25,3,approve,245.5499170027906,True,
anvil,25795072,25,3,fund_token,3.8816660089651123,True,
anvil,25795072,25,3,get_balance,1.7962080019060522,True,
anvil,25795072,25,3,transfer,497.3888750100741,True,
anvil,25795072,25,3,get_balance,1.523291997727938,True,
anvil,25795072,25,3,get_balance,1.2931249948451295,True,
anvil,25795072,25,3,swap_token_for_token,247.21570800465997,True,
anvil,25795072,25,3,approve,251.34808399889152,True,
anvil,25795072,25,3,approve,256.61454199871514,True,
anvil,25795072,25,3,discard,4.560874993330799,True,
anvil,25795072,25,4,acquire,875.4211659979774,True,
anvil,25795072,25,4,set_balance,149.72049999050796,True,
anvil,25795072,25,4,get_balance,7.161042012739927,True,
anvil,25795072,25,4,transfer,1925.6480829935754,True,
anvil,25795072,25,4,fund_token,151.30175001104362,True,
anvil,25795072,25,4,transfer,494.94179199973587,True,
anvil,25795072,25,4,transfer,511.1510830029147,True,
anvil,25795072,25,4,approve,511.1671249906067,True,
anvil,25795072,25,4,get_balance,1.924750002217479,True,
anvil,25795072,25,4,swap_eth_for_token,1995.71166599344,True,
anvil,25795072,25,4,transfer,500.25337499391753,True,
anvil,25795072,25,4,get_balance,7.180875007179566,True,
anvil,25795072,25,4,swap_token_for_token,515.1319580036215,True,
anvil,25795072,25,4,get_balance,6.620708998525515,True,
anvil,25795072,25,4,swap_eth_for_token,280.80679099366535,True,
anvil,25795072,25,4,transfer,503.8231249927776,True,
anvil,25795072,25,4,swap_token_for_token,261.29004200629424,True,
anvil,25795072,25,4,get_balance,1.534166993224062,True,
anvil,25795072,25,4,swap_eth_for_token,267.1478330012178,True,
anvil,25795072,25,4,approve,272.85716599726584,True,
anvil,25795072,25,4,swap_eth_for_token,265.8200419973582,True,
anvil,25795072,25,4,approve,268.29408400226384,True,
anvil,25795072,25,4,discard,10.678374994313344,True,
anvil,25795072,25,5,acquire,861.8805000005523,True,
anvil,25795072,25,5,set_balance,148.16412499931175,True,
anvil,25795072,25,5,swap_eth_for_token,3766.690500007826,True,
anvil,25795072,25,5,transfer,497.9663749982137,True,
anvil,25795072,25,5,get_balance,1.5170419937931001,True,
anvil,25795072,25,5,get_balance,1.3337080017663538,True,
anvil,25795072,25,5,swap_eth_for_token,259.2536250012927,True,
anvil,25795072,25,5,get_balance,1.373791994410567,True,
anvil,25795072,25,5,transfer,505.1004169945372,True,
anvil,25795072,25,5,transfer,479.7620830067899,True,
anvil,25795072,25,5,fund_token,3.1184170074993744,True,
anvil,25795072,25,5,get_balance,11.17349999549333,True,
anvil,25795072,25,5,get_balance,13.394374997005798,True,
anvil,25795072,25,5,get_balance,4.223665993777104,True,
anvil,25795072,25,5,get_balance,2.0263330079615116,True,
anvil,25795072,25,5,transfer,518.3917079993989,True,
anvil,25795072,25,5,get_balance,4.813624997041188,True,
anvil,25795072,25,5,get_balance,8.992584000225179,True,
anvil,25795072,25,5,swap_eth_for_token,264.0195839921944,True,
anvil,25795072,25,5,get_balance,9.538375001284294,True,
anvil,25795072,25,5,get_balance,11.094540997873992,True,
anvil,25795072,25,5,fund_token,5.550707996007986,True,
anvil,25795072,25,5,discard,7.502916007069871,True,
anvil,25795072,25,6,acquire,877.2927499958314,True,
anvil,25795072,25,6,set_balance,139.48195899138227,True,
anvil,25795072,25,6,transfer,1752.2575829934794,True,
anvil,25795072,25,6,swap_eth_for_token,2204.9789170123404,True,
anvil,25795072,25,6,transfer,502.8925420047017,True,
anvil,25795072,25,6,fund_token,1.0522499942453578,True,
anvil,25795072,25,6,swap_eth_for_token,248.39604100270662,True,
anvil,25795072,25,6,swap_eth_for_token,256.371041003149,True,
anvil,25795072,25,6,get_balance,9.638625007937662,True,
anvil,25795072,25,6,approve,500.85720799688715,True,
anvil,25795072,25,6,approve,258.4503329999279,True,
anvil,25795072,25,6,fund_token,0.6082920008338988,True,
anvil,25795072,25,6,transfer,498.16350000037346,True,
anvil,25795072,25,6,fund_token,0.596166995819658,True,
anvil,25795072,25,6,fund_token,0.5592499946942553,True,
anvil,25795072,25,6,get_balance,1.512417002231814,True,
anvil,25795072,25,6,transfer,489.21566699573305,True,
anvil,25795072,25,6,approve,257.2577499959152,True,
anvil,25795072,25,6,fund_token,0.6099580059526488,True,
anvil,25795072,25,6,approve,257.8775419970043,True,
anvil,25795072,25,6,get_balance,1.4277919981395826,True,
anvil,25795072,25,6,swap_eth_for_token,252.73137500334997,True,
anvil,25795072,25,6,discard,4.561708003166132,True,
anvil,25795072,25,7,acquire,884.9832919950131,True,
anvil,25795072,25,7,set_balance,150.15124999627005,True,
anvil,25795072,25,7,swap_eth_for_token,3646.05704099813,True,
anvil,25795072,25,7,fund_token,1.0348329960834235,True,
anvil,25795072,25,7,transfer,486.6864590003388,True,
anvil,25795072,25,7,swap_eth_for_token,257.9391250037588,True,
anvil,25795072,25,7,approve,508.96608299808577,True,
anvil,25795072,25,7,transfer,501.4139170089038,True,
anvil,25795072,25,7,fund_token,0.6603750080103055,True,
anvil,25795072,25,7,get_balance,1.5659170021535829,True,
anvil,25795072,25,7,approve,264.5097920030821,True,
anvil,25795072,25,7,approve,261.6048750060145,True,
anvil,25795072,25,7,swap_token_for_token,510.0437920045806,True,
anvil,25795072,25,7,get_balance,5.418208005721681,True,
anvil,25795072,25,7,approve,264.8413340066327,True,
anvil,25795072,25,7,fund_token,2.037500002188608,True,
anvil,25795072,25,7,approve,259.93554199521895,True,
anvil,25795072,25,7,approve,258.56137499795295,True,
anvil,25795072,25,7,approve,256.1021669971524,True,
anvil,25795072,25,7,transfer,496.14950000250246,True,
anvil,25795072,25,7,approve,263.52404200588353,True,
anvil,25795072,25,7,fund_token,2.598708000732586,True,
anvil,25795072,25,7,discard,6.647916990914382,True,
anvil,25795072,25,8,acquire,862.5852500117617,True,
anvil,25795072,25,8,set_balance,141.02145899960306,True,
anvil,25795072,25,8,get_balance,6.036874998244457,True,
anvil,25795072,25,8,fund_token,145.06066699686926,True,
anvil,25795072,25,8,get_balance,1.534082999569364,True,
anvil,25795072,25,8,transfer,1860.1966659916798,True,
anvil,25795072,25,8,get_balance,1.5335830103140324,True,
anvil,25795072,25,8,fund_token,0.6772919878130779,True,
anvil,25795072,25,8,fund_token,0.5732499994337559,True,
anvil,25795072,25,8,fund_token,0.5669160018442199,True,
anvil,25795072,25,8,fund_token,0.5662909970851615,True,
anvil,25795072,25,8,fund_token,0.5326250102370977,True,
anvil,25795072,25,8,fund_token,0.5525420128833503,True,
anvil,25795072,25,8,transfer,491.94620799971744,True,
anvil,25795072,25,8,approve,502.84137499693315,True,
anvil,25795072,25,8,fund_token,1.0079999919980764,True,
anvil,25795072,25,8,swap_token_for_token,1948.7405830004718,True,
anvil,25795072,25,8,fund_token,0.5925830046180636,True,
anvil,25795072,25,8,transfer,487.09779100317974,True,
anvil,25795072,25,8,swap_eth_for_token,494.0958329971181,True,
anvil,25795072,25,8,swap_token_for_token,269.56100000825245,True,
anvil,25795072,25,8,approve,250.25250000180677,True,
anvil,25795072,25,8,discard,5.223916989052668,True,
anvil,25795072,25,9,acquire,886.3144159986405,True,
anvil,25795072,25,9,set_balance,144.4321670132922,True,
anvil,25795072,25,9,fund_token,150.00570900156163,True,
anvil,25795072,25,9,swap_eth_for_token,3360.5329999991227,True,
anvil,25795072,25,9,get_balance,3.187875001458451,True,
anvil,25795072,25,9,swap_eth_for_token,260.22004200785886,True,
anvil,25795072,25,9,approve,510.28724999923725,True,
anvil,25795072,25,9,approve,251.52604200411588,True,
anvil,25795072,25,9,get_balance,1.417749997926876,True,
anvil,25795072,25,9,swap_token_for_token,512.7630839997437,True,
anvil,25795072,25,9,get_balance,1.292084009037353,True,
anvil,25795072,25,9,transfer,498.31441599235404,True,
anvil,25795072,25,9,approve,259.77925000188407,True,
anvil,25795072,25,9,swap_token_for_token,270.0853330024984,True,
anvil,25795072,25,9,swap_token_for_token,252.2679999965476,True,
anvil,25795072,25,9,swap_eth_for_token,270.7043749978766,True,
anvil,25795072,25,9,fund_token,2.430417007417418,True,
anvil,25795072,25,9,swap_eth_for_token,277.5675000011688,True,
anvil,25795072,25,9,get_balance,1.5042919985717162,True,
anvil,25795072,25,9,fund_token,0.8003749971976504,True,
anvil,25795072,25,9,fund_token,0.7465000089723617,True,
anvil,25795072,25,9,get_balance,8.375583987799473,True,
anvil,25795072,25,9,discard,1.7386249965056777,True,
anvil,25795072,25,10,acquire,867.2607920016162,True,
anvil,25795072,25,10,set_balance,140.62016700336244,True,
anvil,25795072,25,10,transfer,1919.3144999881042,True,
anvil,25795072,25,10,fund_token,145.7237080030609,True,
anvil,25795072,25,10,get_balance,4.961708007613197,True,
anvil,25795072,25,10,fund_token,5.874083988601342,True,
anvil,25795072,25,10,get_balance,6.391832997906022,True,
anvil,25795072,25,10,approve,513.0447080009617,True,
anvil,25795072,25,10,transfer,497.1906669961754,True,
anvil,25795072,25,10,swap_token_for_token,1976.3169170037145,True,
anvil,25795072,25,10,get_balance,1.8056659901048988,True,
anvil,25795072,25,10,fund_token,0.5323329969542101,True,
anvil,25795072,25,10,swap_eth_for_token,491.37141699611675,True,
anvil,25795072,25,10,fund_token,0.9379590046592057,True,
anvil,25795072,25,10,swap_token_for_token,260.7916249980917,True,
anvil,25795072,25,10,fund_token,1.8215830059489235,True,
anvil,25795072,25,10,fund_token,4.282249996322207,True,
anvil,25795072,25,10,transfer,498.3206660108408,True,
anvil,25795072,25,10,get_balance,10.068208008306101,True,
anvil,25795072,25,10,get_balance,8.401375001994893,True,
anvil,25795072,25,10,approve,262.82350000110455,True,
anvil,25795072,25,10,swap_eth_for_token,261.8994170043152,True,
anvil,25795072,25,10,discard,4.274457998690195,True,
anvil,25795072,25,11,acquire,875.6024580070516,True,
anvil,25795072,25,11,set_balance,143.47395799995866,True,
anvil,25795072,25,11,fund_token,153.84120900125708,True,
anvil,25795072,25,11,fund_token,0.8641669992357492,True,
anvil,25795072,25,11,get_balance,2.1533330000238493,True,
anvil,25795072,25,11,approve,1889.1655830084346,True,
anvil,25795072,25,11,fund_token,0.9712090104585513,True,
anvil,25795072,25,11,get_balance,5.305041995598003,True,
anvil,25795072,25,11,approve,275.02362499944866,True,
anvil,25795072,25,11,fund_token,0.9992920095100999,True,
anvil,25795072,25,11,approve,268.9482910063816,True,
anvil,25795072,25,11,transfer,496.7927499965299,True,
anvil,25795072,25,11,get_balance,1.6570000007050112,True,
anvil,25795072,25,11,approve,261.3512499956414,True,
anvil,25795072,25,11,swap_eth_for_token,1997.057250002399,True,
anvil,25795072,25,11,approve,259.47000000451226,True,
anvil,25795072,25,11,swap_token_for_token,499.2249999922933,True,
anvil,25795072,25,11,swap_token_for_token,251.76695799746085,True,
anvil,25795072,25,11,fund_token,0.5617499991785735,True,
anvil,25795072,25,11,swap_token_for_token,258.23529199988116,True,
anvil,25795072,25,11,approve,259.3203330034157,True,
anvil,25795072,25,11,transfer,515.1237910031341,True,
anvil,25795072,25,11,discard,4.537082990282215,True,
anvil,25795072,25,12,acquire,861.6264589945786,True,
anvil,25795072,25,12,set_balance,144.14608299557585,True,
anvil,25795072,25,12,fund_token,146.1220420023892,True,
anvil,25795072,25,12,approve,1876.8655830062926,True,
anvil,25795072,25,12,fund_token,0.8684170024935156,True,
anvil,25795072,25,12,swap_eth_for_token,1967.1345000097062,True,
anvil,25795072,25,12,swap_eth_for_token,256.3420000078622,True,
anvil,25795072,25,12,swap_token_for_token,510.0458749948302,True,
anvil,25795072,25,12,fund_token,0.5967089964542538,True,
anvil,25795072,25,12,get_balance,1.4171249931678176,True,
anvil,25795072,25,12,get_balance,1.3702080032089725,True,
anvil,25795072,25,12,approve,255.9283750015311,True,
anvil,25795072,25,12,approve,249.53970899514388,True,
anvil,25795072,25,12,transfer,501.7303750064457,True,
anvil,25795072,25,12,transfer,537.8126249997877,True,
anvil,25795072,25,12,transfer,511.66845799889416,True,
anvil,25795072,25,12,fund_token,1.837083007558249,True,
anvil,25795072,25,12,swap_token_for_token,278.1755420000991,True,
anvil,25795072,25,12,approve,253.19216700154357,True,
anvil,25795072,25,12,approve,261.25495800806675,True,
anvil,25795072,25,12,fund_token,0.7297499978449196,True,
anvil,25795072,25,12,swap_token_for_token,264.0817500068806,True,
anvil,25795072,25,12,discard,4.57299999834504,True,
anvil,25795072,25,13,acquire,885.3034580097301,True,
anvil,25795072,25,13,set_balance,142.64508298947476,True,
anvil,25795072,25,13,swap_eth_for_token,3584.6692500053905,True,
anvil,25795072,25,13,get_balance,2.030250005191192,True,
anvil,25795072,25,13,get_balance,1.5898749988991767,True,
anvil,25795072,25,13,get_balance,1.4053339982638136,True,
anvil,25795072,25,13,transfer,495.2003340004012,True,
anvil,25795072,25,13,swap_eth_for_token,261.39604099444114,True,
anvil,25795072,25,13,fund_token,0.7518749916926026,True,
anvil,25795072,25,13,approve,501.5223340014927,True,
anvil,25795072,25,13,get_balance,1.7801249923650175,True,
anvil,25795072,25,13,swap_eth_for_token,260.8010839903727,True,
anvil,25795072,25,13,swap_token_for_token,500.843249988975,True,
anvil,25795072,25,13,swap_eth_for_token,259.1793749888893,True,
anvil,25795072,25,13,fund_token,0.6534999993164092,True,
anvil,25795072,25,13,swap_token_for_token,269.77524999529123,True,
anvil,25795072,25,13,swap_token_for_token,263.4891250054352,True,
anvil,25795072,25,13,swap_token_for_token,260.4672080051387,True,
anvil,25795072,25,13,swap_token_for_token,261.1909159895731,True,
anvil,25795072,25,13,get_balance,1.527832995634526,True,
anvil,25795072,25,13,approve,257.5890420121141,True,
anvil,25795072,25,13,swap_eth_for_token,248.5703749989625,True,
anvil,25795072,25,13,discard,4.562125002848916,True,
anvil,25795072,25,14,acquire,870.1569169934373,True,
anvil,25795072,25,14,set_balance,140.23862501198892,True,
anvil,25795072,25,14,transfer,1740.9191250044387,True,
anvil,25795072,25,14,swap_eth_for_token,2208.392250002362,True,
anvil,25795072,25,14,swap_eth_for_token,255.21983300859574,True,
anvil,25795072,25,14,fund_token,0.6114580028224736,True,
anvil,25795072,25,14,fund_token,0.5518329999176785,True,
anvil,25795072,25,14,fund_token,0.5351669969968498,True,
anvil,25795072,25,14,swap_eth_for_token,248.28374999924563,True,
anvil,25795072,25,14,swap_eth_for_token,259.481125001912,True,
anvil,25795072,25,14,swap_eth_for_token,259.1053750074934,True,
anvil,25795072,25,14,approve,506.57662498997524,True,
anvil,25795072,25,14,approve,268.97087499673944,True,
anvil,25795072,25,14,transfer,529.159833007725,True,
anvil,25795072,25,14,transfer,507.44445899908897,True,
anvil,25795072,25,14,transfer,499.97029099904466,True,
anvil,25795072,25,14,swap_eth_for_token,256.09604199416935,True,
anvil,25795072,25,14,fund_token,0.6889590003993362,True,
anvil,25795072,25,14,approve,252.61041600606404,True,
anvil,25795072,25,14,swap_token_for_token,505.25812500563916,True,
anvil,25795072,25,14,transfer,507.1233329945244,True,
anvil,25795072,25,14,approve,256.9174170057522,True,
anvil,25795072,25,14,discard,3.6370419984450564,True,
anvil,25795072,25,15,acquire,882.0968329964671,True,
anvil,25795072,25,15,set_balance,136.3872500078287,True,
anvil,25795072,25,15,get_balance,12.627457996131852,True,
anvil,25795072,25,15,transfer,1735.430250002537,True,
anvil,25795072,25,15,get_balance,3.0001670093042776,True,
anvil,25795072,25,15,transfer,491.00337499112356,True,
anvil,25795072,25,15,swap_eth_for_token,2199.9198330013314,True,
anvil,25795072,25,15,transfer,501.68787500297185,True,
anvil,25795072,25,15,fund_token,0.985999999102205,True,
anvil,25795072,25,15,swap_eth_for_token,258.5145830089459,True,
anvil,25795072,25,15,swap_eth_for_token,247.07408300309908,True,
anvil,25795072,25,15,get_balance,7.339415999012999,True,
anvil,25795072,25,15,swap_eth_for_token,271.0487090080278,True,
anvil,25795072,25,15,get_balance,17.53899999312125,True,
anvil,25795072,25,15,approve,514.4103750062641,True,
anvil,25795072,25,15,approve,263.83887499105185,True,
anvil,25795072,25,15,fund_token,3.007124993018806,True,
anvil,25795072,25,15,fund_token,0.9217080078087747,True,
anvil,25795072,25,15,fund_token,5.626416997984052,True,
anvil,25795072,25,15,swap_token_for_token,503.94899999082554,True,
anvil,25795072,25,15,fund_token,1.0729170026024804,True,
anvil,25795072,25,15,get_balance,1.5073340036906302,True,
anvil,25795072,25,15,discard,4.539291010587476,True,
anvil,25795072,25,16,acquire,876.8385409930488,True,
anvil,25795072,25,16,set_balance,154.4398749974789,True,
anvil,25795072,25,16,swap_eth_for_token,3646.263792004902,True,
anvil,25795072,25,16,fund_token,0.755583998397924,True,
anvil,25795072,25,16,fund_token,0.6060419982532039,True,
anvil,25795072,25,16,fund_token,0.5509590118890628,True,
anvil,25795072,25,16,fund_token,0.545457995031029,True,
anvil,25795072,25,16,get_balance,1.4976670063333586,True,
anvil,25795072,25,16,transfer,494.7007919981843,True,
anvil,25795072,25,16,swap_eth_for_token,253.49270799779333,True,
anvil,25795072,25,16,get_balance,1.4694999990751967,True,
anvil,25795072,25,16,transfer,503.20312500116415,True,
anvil,25795072,25,16,approve,513.957457995275,True,
anvil,25795072,25,16,get_balance,5.052374996012077,True,
anvil,25795072,25,16,fund_token,5.7833339960779995,True,
anvil,25795072,25,16,approve,275.5952080042334,True,
anvil,25795072,25,16,swap_eth_for_token,285.9021249896614,True,
anvil,25795072,25,16,swap_eth_for_token,275.74124999227934,True,
anvil,25795072,25,16,transfer,499.97499999881256,True,
anvil,25795072,25,16,fund_token,0.9872500086203218,True,
anvil,25795072,25,16,approve,264.0869580063736,True,
anvil,25795072,25,16,approve,258.86966699908953,True,
anvil,25795072,25,16,discard,4.541540998616256,True,
anvil,25795072,25,17,acquire,873.7640410108725,True,
anvil,25795072,25,17,set_balance,144.97233300062362,True,
anvil,25795072,25,17,fund_token,140.9235409955727,True,
anvil,25795072,25,17,swap_eth_for_token,3338.2100839953637,True,
anvil,25795072,25,17,get_balance,3.882666991557926,True,
anvil,25795072,25,17,transfer,499.27258300886024,True,
anvil,25795072,25,17,get_balance,1.5675829927204177,True,
anvil,25795072,25,17,fund_token,0.5926250014454126,True,
anvil,25795072,25,17,approve,495.07449999509845,True,
anvil,25795072,25,17,get_balance,1.3578340003732592,True,
anvil,25795072,25,17,get_balance,1.3828329974785447,True,
anvil,25795072,25,17,get_balance,1.3045410014456138,True,
anvil,25795072,25,17,swap_eth_for_token,256.2959999922896,True,
anvil,25795072,25,17,swap_token_for_token,493.1665839976631,True,
anvil,25795072,25,17,transfer,506.29954200121574,True,
anvil,25795072,25,17,swap_token_for_token,270.4605830076616,True,
anvil,25795072,25,17,transfer,508.46862500475254,True,
anvil,25795072,25,17,swap_eth_for_token,257.5134170037927,True,
anvil,25795072,25,17,swap_token_for_token,259.16266700369306,True,
anvil,25795072,25,17,swap_eth_for_token,268.014041997958,True,
anvil,25795072,25,17,fund_token,1.1835829936899245,True,
anvil,25795072,25,17,transfer,508.09175000176765,True,
anvil,25795072,25,17,discard,4.559250010061078,True,
anvil,25795072,25,18,acquire,874.386624986073,True,
anvil,25795072,25,18,set_balance,160.92545801075175,True,
anvil,25795072,25,18,get_balance,13.512250006897375,True,
anvil,25795072,25,18,fund_token,152.0121250068769,True,
anvil,25795072,25,18,get_balance,5.5851659999461845,True,
anvil,25795072,25,18,fund_token,0.9883750026347116,True,
anvil,25795072,25,18,get_balance,1.3704169978154823,True,
anvil,25795072,25,18,swap_eth_for_token,3392.2602090024156,True,
anvil,25795072,25,18,swap_eth_for_token,248.3044160035206,True,
anvil,25795072,25,18,swap_eth_for_token,268.6445829895092,True,
anvil,25795072,25,18,swap_eth_for_token,261.95937499869615,True,
anvil,25795072,25,18,get_balance,2.602708002086729,True,
anvil,25795072,25,18,get_balance,1.6542500088689849,True,
anvil,25795072,25,18,swap_eth_for_token,261.15783301065676,True,
anvil,25795072,25,18,fund_token,4.39895800082013,True,
anvil,25795072,25,18,swap_eth_for_token,269.6129999967525,True,
anvil,25795072,25,18,transfer,505.91679199715145,True,
anvil,25795072,25,18,fund_token,1.0350829979870468,True,
anvil,25795072,25,18,fund_token,4.47354199422989,True,
anvil,25795072,25,18,approve,517.9332910047378,True,
anvil,25795072,25,18,approve,256.36529200710356,True,
anvil,25795072,25,18,swap_eth_for_token,254.28395900235046,True,
anvil,25795072,25,18,discard,2.32116699044127,True,
anvil,25795072,25,19,acquire,874.1586249961983,True,
anvil,25795072,25,19,set_balance,146.55620900157373,True,
anvil,25795072,25,19,transfer,1887.5132499961182,True,
anvil,25795072,25,19,get_balance,7.711541999015026,True,
anvil,25795072,25,19,swap_eth_for_token,2209.3807499913964,True,
anvil,25795072,25,19,get_balance,5.139582994161174,True,
anvil,25795072,25,19,transfer,496.5812919981545,True,
anvil,25795072,25,19,fund_token,0.8574579987907782,True,
anvil,25795072,25,19,swap_eth_for_token,249.65062500268687,True,
anvil,25795072,25,19,swap_eth_for_token,250.15666699619032,True,
anvil,25795072,25,19,transfer,484.6518329868559,True,
anvil,25795072,25,19,transfer,518.975250000949,True,
anvil,25795072,25,19,transfer,490.6279999995604,True,
anvil,25795072,25,19,fund_token,0.6158750038594007,True,
anvil,25795072,25,19,transfer,504.5120420109015,True,
anvil,25795072,25,19,transfer,499.826833998668,True,
anvil,25795072,25,19,approve,498.0675419938052,True,
anvil,25795072,25,19,fund_token,1.5672909939894453,True,
anvil,25795072,25,19,approve,254.04779099335428,True,
anvil,25795072,25,19,get_balance,4.120291996514425,True,
anvil,25795072,25,19,get_balance,3.147625000565313,True,
anvil,25795072,25,19,get_balance,2.900499996030703,True,
anvil,25795072,25,19,discard,4.366166002000682,True,
anvil,25795072,25,20,acquire,874.8996670037741,True,
anvil,25795072,25,20,set_balance,142.54837500629947,True,
anvil,25795072,25,20,get_balance,10.752583999419585,True,
anvil,25795072,25,20,transfer,1896.842000001925,True,
anvil,25795072,25,20,get_balance,7.120084002963267,True,
anvil,25795072,25,20,fund_token,148.09816700289957,True,
anvil,25795072,25,20,transfer,486.04279100254644,True,
anvil,25795072,25,20,get_balance,2.361874998314306,True,
anvil,25795072,25,20,fund_token,4.70083300024271,True,
anvil,25795072,25,20,fund_token,1.1475829960545525,True,
anvil,25795072,25,20,get_balance,1.46916598896496,True,
anvil,25795072,25,20,swap_eth_for_token,1944.8143749905284,True,
anvil,25795072,25,20,fund_token,0.6040000007487833,True,
anvil,25795072,25,20,approve,482.472791991313,True,
anvil,25795072,25,20,transfer,490.7757920009317,True,
anvil,25795072,25,20,approve,261.7054579895921,True,
anvil,25795072,25,20,get_balance,6.909916002769023,True,
anvil,25795072,25,20,transfer,509.6917909977492,True,
anvil,25795072,25,20,swap_eth_for_token,267.8011669922853,True,
anvil,25795072,25,20,swap_eth_for_token,255.52537500334438,True,
anvil,25795072,25,20,get_balance,5.702957991161384,True,
anvil,25795072,25,20,transfer,499.8958750074962,True,
anvil,25795072,25,20,discard,4.2891670018434525,True,
anvil,25795072,25,21,acquire,861.9077909970656,True,
anvil,25795072,25,21,set_balance,143.17529200343415,True,
anvil,25795072,25,21,get_balance,9.330458007752895,True,
anvil,25795072,25,21,fund_token,140.31058399996255,True,
anvil,25795072,25,21,fund_token,0.5959999980404973,True,
anvil,25795072,25,21,fund_token,0.5632920074276626,True,
anvil,25795072,25,21,approve,1859.5887499977835,True,
anvil,25795072,25,21,transfer,496.54391600051895,True,
anvil,25795072,25,21,approve,253.7590420106426,True,
anvil,25795072,25,21,get_balance,1.6235829971265048,True,
anvil,25795072,25,21,get_balance,1.6478330071549863,True,
anvil,25795072,25,21,fund_token,0.7222090061986819,True,
anvil,25795072,25,21,approve,250.79645799996797,True,
anvil,25795072,25,21,swap_eth_for_token,1966.0237080097431,True,
anvil,25795072,25,21,swap_token_for_token,486.12954100826755,True,
anvil,25795072,25,21,get_balance,3.832374990452081,True,
anvil,25795072,25,21,transfer,508.5979169962229,True,
anvil,25795072,25,21,fund_token,0.7409170066239312,True,
anvil,25795072,25,21,approve,247.7966670121532,True,
anvil,25795072,25,21,fund_token,0.6086249923100695,True,
anvil,25795072,25,21,get_balance,1.3223330024629831,True,
anvil,25795072,25,21,fund_token,0.517250009579584,True,
anvil,25795072,25,21,discard,4.568457996356301,True,
anvil,25795072,25,22,acquire,841.3341249979567,True,
anvil,25795072,25,22,set_balance,145.10450001398567,True,
anvil,25795072,25,22,get_balance,8.80391598911956,True,
anvil,25795072,25,22,transfer,1897.0972499955678,True,
anvil,25795072,25,22,get_balance,2.4976249987958,True,
anvil,25795072,25,22,swap_eth_for_token,2212.783666996984,True,
anvil,25795072,25,22,get_balance,1.5110419917618856,True,
anvil,25795072,25,22,transfer,493.5518749989569,True,
anvil,25795072,25,22,get_balance,1.4513750065816566,True,
anvil,25795072,25,22,transfer,495.8976670022821,True,
anvil,25795072,25,22,swap_eth_for_token,259.203499997966,True,
anvil,25795072,25,22,fund_token,0.608083006227389,True,
anvil,25795072,25,22,get_balance,1.7964590078918263,True,
anvil,25795072,25,22,approve,491.8787080096081,True,
anvil,25795072,25,22,approve,255.49775001127273,True,
anvil,25795072,25,22,get_balance,1.3538750063162297,True,
anvil,25795072,25,22,swap_eth_for_token,257.4903749919031,True,
anvil,25795072,25,22,swap_eth_for_token,257.5351249979576,True,
anvil,25795072,25,22,swap_token_for_token,501.33899999491405,True,
anvil,25795072,25,22,swap_eth_for_token,267.5995829922613,True,
anvil,25795072,25,22,fund_token,0.5796249897684902,True,
anvil,25795072,25,22,approve,247.52395899849944,True,
anvil,25795072,25,22,discard,4.57858300069347,True,
anvil,25795072,25,23,acquire,858.0175420065643,True,
anvil,25795072,25,23,set_balance,142.55912500084378,True,
anvil,25795072,25,23,swap_eth_for_token,3604.1291669971542,True,
anvil,25795072,25,23,transfer,499.4875419943128,True,
anvil,25795072,25,23,fund_token,1.0448340035509318,True,
anvil,25795072,25,23,approve,500.38216599205043,True,
anvil,25795072,25,23,swap_token_for_token,494.9374580028234,True,
anvil,25795072,25,23,transfer,494.6456670004409,True,
anvil,25795072,25,23,approve,267.24274999287445,True,
anvil,25795072,25,23,transfer,522.2174590016948,True,
anvil,25795072,25,23,swap_token_for_token,267.5891669932753,True,
anvil,25795072,25,23,approve,264.0368330030469,True,
anvil,25795072,25,23,transfer,512.0779999997467,True,
anvil,25795072,25,23,transfer,499.30441699689254,True,
anvil,25795072,25,23,swap_token_for_token,253.27145800110884,True,
anvil,25795072,25,23,approve,259.39829199342057,True,
anvil,25795072,25,23,swap_token_for_token,253.6163330078125,True,
anvil,25795072,25,23,get_balance,3.8257499982137233,True,
anvil,25795072,25,23,approve,260.19937499950174,True,
anvil,25795072,25,23,get_balance,2.94062499597203,True,
anvil,25795072,25,23,approve,276.37599999434315,True,
anvil,25795072,25,23,approve,269.25645901064854,True,
anvil,25795072,25,23,discard,10.681625004508533,True,
anvil,25795072,25,24,acquire,854.7777079947991,True,
anvil,25795072,25,24,set_balance,150.3521249978803,True,
anvil,25795072,25,24,fund_token,160.1193329988746,True,
anvil,25795072,25,24,get_balance,1.9110830035060644,True,
anvil,25795072,25,24,get_balance,1.5994580026017502,True,
anvil,25795072,25,24,transfer,1897.500167004182,True,
anvil,25795072,25,24,swap_eth_for_token,1988.634417008143,True,
anvil,25795072,25,24,fund_token,6.434249997255392,True,
anvil,25795072,25,24,transfer,509.7316250030417,True,
anvil,25795072,25,24,approve,507.5012500019511,True,
anvil,25795072,25,24,swap_token_for_token,509.86674999876413,True,
anvil,25795072,25,24,transfer,529.598959008581,True,
anvil,25795072,25,24,approve,254.83433400222566,True,
anvil,25795072,25,24,swap_eth_for_token,272.8232920053415,True,
anvil,25795072,25,24,approve,261.8382499931613,True,
anvil,25795072,25,24,get_balance,8.129791007377207,True,
anvil,25795072,25,24,swap_eth_for_token,263.00454199372325,True,
anvil,25795072,25,24,swap_eth_for_token,253.40245899860747,True,
anvil,25795072,25,24,get_balance,9.553541996865533,True,
anvil,25795072,25,24,fund_token,0.8382090018130839,True,
anvil,25795072,25,24,swap_eth_for_token,253.7366249889601,True,
anvil,25795072,25,24,get_balance,6.522124996990897,True,
anvil,25795072,25,24,discard,5.187708011362702,True,
anvil,25795072,25,-1,__total__,10647.515750009916,True,
