backend,block_height,num_agents,agent_id,action,elapsed_ms,ok,error
forkyard,25795072,1,0,acquire,5.804958011140116,True,
forkyard,25795072,1,0,set_balance,236.35187499166932,True,
forkyard,25795072,1,0,fund_token,4.631500007235445,True,
forkyard,25795072,1,0,transfer,308.90645799809135,True,
forkyard,25795072,1,0,discard,1.6239999968092889,True,
forkyard,25795072,1,0,acquire,2.2710410121362656,True,
forkyard,25795072,1,0,set_balance,146.04224999493454,True,
forkyard,25795072,1,0,fund_token,4.166667000390589,True,
forkyard,25795072,1,0,swap_eth_for_token,1918.533291987842,True,
forkyard,25795072,1,0,discard,3.3157500001834705,True,
forkyard,25795072,1,0,acquire,4.179499999736436,True,
forkyard,25795072,1,0,set_balance,144.91558399458881,True,
forkyard,25795072,1,0,swap_eth_for_token,149.96295799210202,True,
forkyard,25795072,1,0,get_balance,1.6817499999888241,True,
forkyard,25795072,1,0,discard,0.5974579980829731,True,
forkyard,25795072,1,0,acquire,0.9809170005610213,True,
forkyard,25795072,1,0,set_balance,142.65508399694227,True,
forkyard,25795072,1,0,get_balance,2.2583340032724664,True,
forkyard,25795072,1,0,swap_eth_for_token,153.17216698895209,True,
forkyard,25795072,1,0,discard,1.312834006967023,True,
forkyard,25795072,1,0,acquire,1.833332993555814,True,
forkyard,25795072,1,0,set_balance,146.05833300447557,True,
forkyard,25795072,1,0,swap_eth_for_token,159.4402920018183,True,
forkyard,25795072,1,0,transfer,156.63083399704192,True,
forkyard,25795072,1,0,discard,2.59649999497924,True,
forkyard,25795072,1,0,acquire,3.5584170109359547,True,
forkyard,25795072,1,0,set_balance,161.13058300106786,True,
forkyard,25795072,1,0,fund_token,5.144790993654169,True,
forkyard,25795072,1,0,swap_eth_for_token,20.85600000282284,True,
forkyard,25795072,1,0,discard,1.0740420111687854,True,
forkyard,25795072,1,0,acquire,1.6570000007050112,True,
forkyard,25795072,1,0,set_balance,140.52049999008887,True,
forkyard,25795072,1,0,swap_eth_for_token,161.35129099711776,True,
forkyard,25795072,1,0,fund_token,2.2824160114396363,True,
forkyard,25795072,1,0,discard,1.8162500055041164,True,
forkyard,25795072,1,0,acquire,2.1187499951338395,True,
forkyard,25795072,1,0,set_balance,141.82154199806973,True,
forkyard,25795072,1,0,swap_eth_for_token,158.80466699309181,True,
forkyard,25795072,1,0,transfer,151.6511670051841,True,
forkyard,25795072,1,0,discard,1.5785839932505041,True,
forkyard,25795072,1,0,acquire,2.050458002486266,True,
forkyard,25795072,1,0,set_balance,143.1296250084415,True,
forkyard,25795072,1,0,fund_token,4.401625003083609,True,
forkyard,25795072,1,0,approve,161.06987500097603,True,
forkyard,25795072,1,0,discard,2.892874996177852,True,
forkyard,25795072,1,0,acquire,3.8820410118205473,True,
forkyard,25795072,1,0,set_balance,142.61991700914223,True,
forkyard,25795072,1,0,get_balance,7.525666995206848,True,
forkyard,25795072,1,0,transfer,151.6529999935301,True,
forkyard,25795072,1,0,discard,1.2852090003434569,True,
forkyard,25795072,1,-1,__total__,5328.34845900652,True,
anvil,25795072,1,0,acquire,852.2114579973277,True,
anvil,25795072,1,0,set_balance,143.65220900799613,True,
anvil,25795072,1,0,fund_token,151.3794580096146,True,
anvil,25795072,1,0,transfer,777.8853339987108,True,
anvil,25795072,1,0,discard,4.691458001616411,True,
anvil,25795072,1,0,acquire,860.6772079947405,True,
anvil,25795072,1,0,set_balance,142.13474999996834,True,
anvil,25795072,1,0,fund_token,145.77733300393447,True,
anvil,25795072,1,0,swap_eth_for_token,2254.8490420012968,True,
anvil,25795072,1,0,discard,10.342583002056926,True,
anvil,25795072,1,0,acquire,863.2894579932326,True,
anvil,25795072,1,0,set_balance,142.20358300372027,True,
anvil,25795072,1,0,swap_eth_for_token,2495.8787909999955,True,
anvil,25795072,1,0,get_balance,6.395082993549295,True,
anvil,25795072,1,0,discard,4.72441699821502,True,
anvil,25795072,1,0,acquire,857.1310000115773,True,
anvil,25795072,1,0,set_balance,148.63737499399576,True,
anvil,25795072,1,0,get_balance,6.49583300400991,True,
anvil,25795072,1,0,swap_eth_for_token,2523.8426249998156,True,
anvil,25795072,1,0,discard,9.741040994413197,True,
anvil,25795072,1,0,acquire,862.9391669965116,True,
anvil,25795072,1,0,set_balance,152.9492499976186,True,
anvil,25795072,1,0,swap_eth_for_token,2554.3368749931687,True,
anvil,25795072,1,0,transfer,532.5118749897229,True,
anvil,25795072,1,0,discard,10.20733300538268,True,
anvil,25795072,1,0,acquire,860.3061670000898,True,
anvil,25795072,1,0,set_balance,147.60229100647848,True,
anvil,25795072,1,0,fund_token,144.5487500022864,True,
anvil,25795072,1,0,swap_eth_for_token,2251.2739170051645,True,
anvil,25795072,1,0,discard,10.321124995243736,True,
anvil,25795072,1,0,acquire,854.1202500055078,True,
anvil,25795072,1,0,set_balance,147.87287499348167,True,
anvil,25795072,1,0,swap_eth_for_token,2506.887875002576,True,
anvil,25795072,1,0,fund_token,4.810292011825368,True,
anvil,25795072,1,0,discard,4.690292000304908,True,
anvil,25795072,1,0,acquire,855.5352080002194,True,
anvil,25795072,1,0,set_balance,140.86174999829382,True,
anvil,25795072,1,0,swap_eth_for_token,2529.302208000445,True,
anvil,25795072,1,0,transfer,512.2186669905204,True,
anvil,25795072,1,0,discard,8.933709003031254,True,
anvil,25795072,1,0,acquire,870.3449170134263,True,
anvil,25795072,1,0,set_balance,145.38200000242796,True,
anvil,25795072,1,0,fund_token,152.40091700979974,True,
anvil,25795072,1,0,approve,763.1393749907147,True,
anvil,25795072,1,0,discard,10.689500006265007,True,
anvil,25795072,1,0,acquire,867.8792499995325,True,
anvil,25795072,1,0,set_balance,143.00762499624398,True,
anvil,25795072,1,0,get_balance,8.778542003710754,True,
anvil,25795072,1,0,transfer,759.6786249923753,True,
anvil,25795072,1,0,discard,4.316625010687858,True,
anvil,25795072,1,-1,__total__,31285.963374990388,True,
forkyard,25795072,5,0,acquire,4.302042012568563,True,
forkyard,25795072,5,0,set_balance,212.7167080034269,True,
forkyard,25795072,5,0,fund_token,2.324665998457931,True,
forkyard,25795072,5,0,transfer,300.1620409922907,True,
forkyard,25795072,5,0,discard,3.9000839897198603,True,
forkyard,25795072,5,0,acquire,7.161540997913107,True,
forkyard,25795072,5,0,set_balance,143.80395800981205,True,
forkyard,25795072,5,0,fund_token,2.7646249945973977,True,
forkyard,25795072,5,0,swap_eth_for_token,1509.3903340020915,True,
forkyard,25795072,5,0,discard,3.4516659943619743,True,
forkyard,25795072,5,0,acquire,2.884250003262423,True,
forkyard,25795072,5,0,set_balance,143.82595800270792,True,
forkyard,25795072,5,0,swap_eth_for_token,163.03883299406152,True,
forkyard,25795072,5,0,get_balance,138.21195899799932,True,
forkyard,25795072,5,0,discard,4.514542000833899,True,
forkyard,25795072,5,0,acquire,10.186208004597574,True,
forkyard,25795072,5,0,set_balance,145.24429199809674,True,
forkyard,25795072,5,0,get_balance,15.309916998376139,True,
forkyard,25795072,5,0,swap_eth_for_token,161.33179201278836,True,
forkyard,25795072,5,0,discard,4.891958000371233,True,
forkyard,25795072,5,0,acquire,97.26316700107418,True,
forkyard,25795072,5,0,set_balance,148.61150000069756,True,
forkyard,25795072,5,0,swap_eth_for_token,161.73737500503194,True,
forkyard,25795072,5,0,transfer,152.2629999963101,True,
forkyard,25795072,5,0,discard,138.4422090050066,True,
forkyard,25795072,5,0,acquire,3.651624996564351,True,
forkyard,25795072,5,0,set_balance,149.1617919964483,True,
forkyard,25795072,5,0,fund_token,1.7863329994725063,True,
forkyard,25795072,5,0,swap_eth_for_token,37.54820900212508,True,
forkyard,25795072,5,0,discard,0.7466250099241734,True,
forkyard,25795072,5,0,acquire,5.735542014008388,True,
forkyard,25795072,5,0,set_balance,146.35804100544192,True,
forkyard,25795072,5,0,swap_eth_for_token,169.4510000088485,True,
forkyard,25795072,5,0,fund_token,12.5752080057282,True,
forkyard,25795072,5,0,discard,1.3312500086613,True,
forkyard,25795072,5,0,acquire,144.5072919887025,True,
forkyard,25795072,5,0,set_balance,143.25387500866782,True,
forkyard,25795072,5,0,swap_eth_for_token,162.91437500331085,True,
forkyard,25795072,5,0,transfer,292.96716599492356,True,
forkyard,25795072,5,0,discard,144.84912500483915,True,
forkyard,25795072,5,0,acquire,1.6338749992428347,True,
forkyard,25795072,5,0,set_balance,141.8767499999376,True,
forkyard,25795072,5,0,fund_token,6.564249997609295,True,
forkyard,25795072,5,0,approve,157.47620900219772,True,
forkyard,25795072,5,0,discard,0.9175000013783574,True,
forkyard,25795072,5,0,acquire,1.4927080046618357,True,
forkyard,25795072,5,0,set_balance,142.60195899987593,True,
forkyard,25795072,5,0,get_balance,2.2042500058887526,True,
forkyard,25795072,5,0,transfer,146.80829200369772,True,
forkyard,25795072,5,0,discard,2.2898339957464486,True,
forkyard,25795072,5,1,acquire,4.982040991308168,True,
forkyard,25795072,5,1,set_balance,352.51833400980104,True,
forkyard,25795072,5,1,get_balance,5.096291992231272,True,
forkyard,25795072,5,1,swap_eth_for_token,1821.0530409996863,True,
forkyard,25795072,5,1,discard,128.37354200019035,True,
forkyard,25795072,5,1,acquire,12.282374998903833,True,
forkyard,25795072,5,1,set_balance,140.60508301190566,True,
forkyard,25795072,5,1,fund_token,3.598875002353452,True,
forkyard,25795072,5,1,fund_token,1.3263750006444752,True,
forkyard,25795072,5,1,discard,4.852792000747286,True,
forkyard,25795072,5,1,acquire,141.037832989241,True,
forkyard,25795072,5,1,set_balance,146.4399159885943,True,
forkyard,25795072,5,1,get_balance,4.971083006239496,True,
forkyard,25795072,5,1,fund_token,1.3357909920159727,True,
forkyard,25795072,5,1,discard,1.1716669978341088,True,
forkyard,25795072,5,1,acquire,1.6115410107886419,True,
forkyard,25795072,5,1,set_balance,145.17133300250862,True,
forkyard,25795072,5,1,fund_token,1.5086670027812943,True,
forkyard,25795072,5,1,approve,160.36320899729617,True,
forkyard,25795072,5,1,discard,1.3992499880259857,True,
forkyard,25795072,5,1,acquire,45.0922080053715,True,
forkyard,25795072,5,1,set_balance,278.7148339994019,True,
forkyard,25795072,5,1,swap_eth_for_token,153.32033300364856,True,
forkyard,25795072,5,1,transfer,290.97145798732527,True,
forkyard,25795072,5,1,discard,3.232791001209989,True,
forkyard,25795072,5,1,acquire,13.498874992365018,True,
forkyard,25795072,5,1,set_balance,138.9482499944279,True,
forkyard,25795072,5,1,transfer,170.38620899256784,True,
forkyard,25795072,5,1,transfer,173.2287089980673,True,
forkyard,25795072,5,1,discard,140.2268750098301,True,
forkyard,25795072,5,1,acquire,7.618540999828838,True,
forkyard,25795072,5,1,set_balance,152.90874999482185,True,
forkyard,25795072,5,1,fund_token,4.7334999981103465,True,
forkyard,25795072,5,1,fund_token,1.4560840063495561,True,
forkyard,25795072,5,1,discard,6.51191700308118,True,
forkyard,25795072,5,1,acquire,1.371292004478164,True,
forkyard,25795072,5,1,set_balance,144.7924589883769,True,
forkyard,25795072,5,1,get_balance,2.976249990751967,True,
forkyard,25795072,5,1,fund_token,0.91758300550282,True,
forkyard,25795072,5,1,discard,0.8679170132381842,True,
forkyard,25795072,5,1,acquire,84.29741598956753,True,
forkyard,25795072,5,1,set_balance,145.60479098872747,True,
forkyard,25795072,5,1,swap_eth_for_token,171.15924999234267,True,
forkyard,25795072,5,1,get_balance,2.3880410008132458,True,
forkyard,25795072,5,1,discard,0.8533329964848235,True,
forkyard,25795072,5,1,acquire,11.495124999783002,True,
forkyard,25795072,5,1,set_balance,286.69087500020396,True,
forkyard,25795072,5,1,swap_eth_for_token,164.6607500006212,True,
forkyard,25795072,5,1,fund_token,8.765959006268531,True,
forkyard,25795072,5,1,discard,4.602874992997386,True,
forkyard,25795072,5,2,acquire,4.013833007775247,True,
forkyard,25795072,5,2,set_balance,202.63945798797067,True,
forkyard,25795072,5,2,transfer,306.01737499819137,True,
forkyard,25795072,5,2,transfer,153.65304100851063,True,
forkyard,25795072,5,2,discard,2.864624999347143,True,
forkyard,25795072,5,2,acquire,7.1342079900205135,True,
forkyard,25795072,5,2,set_balance,141.45608300168533,True,
forkyard,25795072,5,2,get_balance,4.110875001060776,True,
forkyard,25795072,5,2,swap_eth_for_token,1352.967874991009,True,
forkyard,25795072,5,2,discard,5.947375000687316,True,
forkyard,25795072,5,2,acquire,5.577707997872494,True,
forkyard,25795072,5,2,set_balance,136.53395800793078,True,
forkyard,25795072,5,2,transfer,162.65533400292043,True,
forkyard,25795072,5,2,fund_token,1.5767500008223578,True,
forkyard,25795072,5,2,discard,0.6469159998232499,True,
forkyard,25795072,5,2,acquire,0.9931670065270737,True,
forkyard,25795072,5,2,set_balance,145.21341600629967,True,
forkyard,25795072,5,2,swap_eth_for_token,158.76895899418741,True,
forkyard,25795072,5,2,swap_eth_for_token,26.672249994589947,True,
forkyard,25795072,5,2,discard,134.7913750068983,True,
forkyard,25795072,5,2,acquire,9.16745800350327,True,
forkyard,25795072,5,2,set_balance,151.0134999989532,True,
forkyard,25795072,5,2,transfer,155.95349999784958,True,
forkyard,25795072,5,2,fund_token,0.8108329930109903,True,
forkyard,25795072,5,2,discard,0.8077920065261424,True,
forkyard,25795072,5,2,acquire,1.369916004478,True,
forkyard,25795072,5,2,set_balance,139.1677079955116,True,
forkyard,25795072,5,2,fund_token,1.2363339919829741,True,
forkyard,25795072,5,2,approve,147.54604200425092,True,
forkyard,25795072,5,2,discard,0.8559159905416891,True,
forkyard,25795072,5,2,acquire,1.386083007673733,True,
forkyard,25795072,5,2,set_balance,144.88870798959397,True,
forkyard,25795072,5,2,get_balance,2.7438340039225295,True,
forkyard,25795072,5,2,transfer,152.1241669979645,True,
forkyard,25795072,5,2,discard,148.1260410073446,True,
forkyard,25795072,5,2,acquire,9.093708998989314,True,
forkyard,25795072,5,2,set_balance,146.34966700396035,True,
forkyard,25795072,5,2,swap_eth_for_token,158.89416699064896,True,
forkyard,25795072,5,2,get_balance,2.1215830056462437,True,
forkyard,25795072,5,2,discard,0.8598749991506338,True,
forkyard,25795072,5,2,acquire,1.4385829999810085,True,
forkyard,25795072,5,2,set_balance,147.8760829922976,True,
forkyard,25795072,5,2,get_balance,16.483291998156346,True,
forkyard,25795072,5,2,fund_token,1.079958994523622,True,
forkyard,25795072,5,2,discard,0.7133339968277141,True,
forkyard,25795072,5,2,acquire,137.82279200677294,True,
forkyard,25795072,5,2,set_balance,291.5187500038883,True,
forkyard,25795072,5,2,swap_eth_for_token,299.9682500085328,True,
forkyard,25795072,5,2,fund_token,4.352667005150579,True,
forkyard,25795072,5,2,discard,137.75100000202656,True,
forkyard,25795072,5,3,acquire,11.264582994044758,True,
forkyard,25795072,5,3,set_balance,208.41033299802803,True,
forkyard,25795072,5,3,get_balance,15.786125004524365,True,
forkyard,25795072,5,3,swap_eth_for_token,1952.835000003688,True,
forkyard,25795072,5,3,discard,3.460084000835195,True,
forkyard,25795072,5,3,acquire,124.18616699869744,True,
forkyard,25795072,5,3,set_balance,147.47729199007154,True,
forkyard,25795072,5,3,transfer,154.2541670060018,True,
forkyard,25795072,5,3,fund_token,144.0639159991406,True,
forkyard,25795072,5,3,discard,2.7376660000300035,True,
forkyard,25795072,5,3,acquire,34.813957987353206,True,
forkyard,25795072,5,3,set_balance,144.77583300322294,True,
forkyard,25795072,5,3,get_balance,3.1834169931244105,True,
forkyard,25795072,5,3,fund_token,0.9980419999919832,True,
forkyard,25795072,5,3,discard,0.8904580026865005,True,
forkyard,25795072,5,3,acquire,11.208000010810792,True,
forkyard,25795072,5,3,set_balance,148.16029100620653,True,
forkyard,25795072,5,3,fund_token,1.480375009123236,True,
forkyard,25795072,5,3,get_balance,3.0258750048233196,True,
forkyard,25795072,5,3,discard,1.0449169931234792,True,
forkyard,25795072,5,3,acquire,1.7187909979838878,True,
forkyard,25795072,5,3,set_balance,150.00854199752212,True,
forkyard,25795072,5,3,fund_token,1.729333002003841,True,
forkyard,25795072,5,3,transfer,156.82891699543688,True,
forkyard,25795072,5,3,discard,1.181375002488494,True,
forkyard,25795072,5,3,acquire,117.74091600091197,True,
forkyard,25795072,5,3,set_balance,288.5508750041481,True,
forkyard,25795072,5,3,transfer,168.29641700314824,True,
forkyard,25795072,5,3,transfer,276.54033299768344,True,
forkyard,25795072,5,3,discard,1.1553749936865643,True,
forkyard,25795072,5,3,acquire,148.64212500106078,True,
forkyard,25795072,5,3,set_balance,145.6294160016114,True,
forkyard,25795072,5,3,fund_token,1.897707988973707,True,
forkyard,25795072,5,3,fund_token,1.7347079992759973,True,
forkyard,25795072,5,3,discard,1.6506660031154752,True,
forkyard,25795072,5,3,acquire,5.29899999673944,True,
forkyard,25795072,5,3,set_balance,137.7192920044763,True,
forkyard,25795072,5,3,fund_token,1.673167003900744,True,
forkyard,25795072,5,3,swap_eth_for_token,24.687124998308718,True,
forkyard,25795072,5,3,discard,0.7650830084457994,True,
forkyard,25795072,5,3,acquire,182.18808301026002,True,
forkyard,25795072,5,3,set_balance,285.283207995235,True,
forkyard,25795072,5,3,transfer,302.89787499350496,True,
forkyard,25795072,5,3,fund_token,8.001084002899006,True,
forkyard,25795072,5,3,discard,141.45020899013616,True,
forkyard,25795072,5,3,acquire,4.824791001738049,True,
forkyard,25795072,5,3,set_balance,147.48887499445118,True,
forkyard,25795072,5,3,swap_eth_for_token,178.17274999106303,True,
forkyard,25795072,5,3,swap_eth_for_token,21.931499999482185,True,
forkyard,25795072,5,3,discard,0.8395000040763989,True,
forkyard,25795072,5,4,acquire,8.423624996794388,True,
forkyard,25795072,5,4,set_balance,348.65300000819843,True,
forkyard,25795072,5,4,get_balance,6.41991599695757,True,
forkyard,25795072,5,4,transfer,1953.5009170067497,True,
forkyard,25795072,5,4,discard,144.17908299947158,True,
forkyard,25795072,5,4,acquire,31.576082998071797,True,
forkyard,25795072,5,4,set_balance,138.6105419951491,True,
forkyard,25795072,5,4,fund_token,1.9574170000851154,True,
forkyard,25795072,5,4,transfer,171.86541699629743,True,
forkyard,25795072,5,4,discard,1.9702090066857636,True,
forkyard,25795072,5,4,acquire,5.500583996763453,True,
forkyard,25795072,5,4,set_balance,146.47474999947008,True,
forkyard,25795072,5,4,transfer,165.28754099272192,True,
forkyard,25795072,5,4,swap_eth_for_token,278.87395799916703,True,
forkyard,25795072,5,4,discard,1.3966670085210353,True,
forkyard,25795072,5,4,acquire,123.98704199586064,True,
forkyard,25795072,5,4,set_balance,139.4605829991633,True,
forkyard,25795072,5,4,get_balance,10.828041995409876,True,
forkyard,25795072,5,4,swap_eth_for_token,163.08454200043343,True,
forkyard,25795072,5,4,discard,2.945792002719827,True,
forkyard,25795072,5,4,acquire,13.430042003165,True,
forkyard,25795072,5,4,set_balance,423.19537499861326,True,
forkyard,25795072,5,4,transfer,157.02291698835324,True,
forkyard,25795072,5,4,get_balance,145.18508400942665,True,
forkyard,25795072,5,4,discard,1.7370830028085038,True,
forkyard,25795072,5,4,acquire,2.965249994304031,True,
forkyard,25795072,5,4,set_balance,147.962249990087,True,
forkyard,25795072,5,4,swap_eth_for_token,167.24870800680947,True,
forkyard,25795072,5,4,get_balance,149.37329200620297,True,
forkyard,25795072,5,4,discard,6.816082997829653,True,
forkyard,25795072,5,4,acquire,1.6932080034166574,True,
forkyard,25795072,5,4,set_balance,137.65512499958277,True,
forkyard,25795072,5,4,swap_eth_for_token,157.3497499921359,True,
forkyard,25795072,5,4,swap_eth_for_token,16.29924999724608,True,
forkyard,25795072,5,4,discard,0.9985000069718808,True,
forkyard,25795072,5,4,acquire,1.5879999991739169,True,
forkyard,25795072,5,4,set_balance,148.87270799954422,True,
forkyard,25795072,5,4,swap_eth_for_token,167.75458300253376,True,
forkyard,25795072,5,4,get_balance,4.770291998283938,True,
forkyard,25795072,5,4,discard,1.2064580078003928,True,
forkyard,25795072,5,4,acquire,1.4785420062253252,True,
forkyard,25795072,5,4,set_balance,140.22420799301472,True,
forkyard,25795072,5,4,get_balance,5.1993749948451295,True,
forkyard,25795072,5,4,swap_eth_for_token,165.4232909932034,True,
forkyard,25795072,5,4,discard,8.340333995874971,True,
forkyard,25795072,5,4,acquire,9.475083003053442,True,
forkyard,25795072,5,4,set_balance,147.4535829911474,True,
forkyard,25795072,5,4,swap_eth_for_token,160.84591699473094,True,
forkyard,25795072,5,4,swap_eth_for_token,20.624083001166582,True,
forkyard,25795072,5,4,discard,1.097833999665454,True,
forkyard,25795072,5,-1,__total__,6407.156209010282,True,
anvil,25795072,5,0,acquire,896.323291992303,True,
anvil,25795072,5,0,set_balance,146.54725001309998,True,
anvil,25795072,5,0,fund_token,145.97616699757054,True,
anvil,25795072,5,0,transfer,749.6475840016501,True,
anvil,25795072,5,0,discard,4.582624998874962,True,
anvil,25795072,5,0,acquire,1042.0371249929303,True,
anvil,25795072,5,0,set_balance,149.7179580037482,True,
anvil,25795072,5,0,fund_token,145.19554199068807,True,
anvil,25795072,5,0,swap_eth_for_token,2253.1883750052657,True,
anvil,25795072,5,0,discard,4.5780410000588745,True,
anvil,25795072,5,0,acquire,840.13512499223,True,
anvil,25795072,5,0,set_balance,145.15362499514595,True,
anvil,25795072,5,0,swap_eth_for_token,2486.3378339941846,True,
anvil,25795072,5,0,get_balance,5.323749996023253,True,
anvil,25795072,5,0,discard,4.066042005433701,True,
anvil,25795072,5,0,acquire,841.0507079970557,True,
anvil,25795072,5,0,set_balance,154.02575000189245,True,
anvil,25795072,5,0,get_balance,6.3324169896077365,True,
anvil,25795072,5,0,swap_eth_for_token,2519.843000001856,True,
anvil,25795072,5,0,discard,4.591291988617741,True,
anvil,25795072,5,0,acquire,847.0163749880157,True,
anvil,25795072,5,0,set_balance,161.77249999600463,True,
anvil,25795072,5,0,swap_eth_for_token,2513.1194999994477,True,
anvil,25795072,5,0,transfer,509.8227080015931,True,
anvil,25795072,5,0,discard,4.576125007588416,True,
anvil,25795072,5,0,acquire,841.3808750046883,True,
anvil,25795072,5,0,set_balance,142.17612499487586,True,
anvil,25795072,5,0,fund_token,145.05725000344682,True,
anvil,25795072,5,0,swap_eth_for_token,2761.810374999186,True,
anvil,25795072,5,0,discard,4.616874997736886,True,
anvil,25795072,5,0,acquire,854.6629579941509,True,
anvil,25795072,5,0,set_balance,147.68862500204705,True,
anvil,25795072,5,0,swap_eth_for_token,2540.662125000381,True,
anvil,25795072,5,0,fund_token,2.2642080002697185,True,
anvil,25795072,5,0,discard,4.612166987499222,True,
anvil,25795072,5,0,acquire,859.3435419898015,True,
anvil,25795072,5,0,set_balance,140.3076249989681,True,
anvil,25795072,5,0,swap_eth_for_token,2501.0914169979515,True,
anvil,25795072,5,0,transfer,513.5852080129553,True,
anvil,25795072,5,0,discard,4.585458998917602,True,
anvil,25795072,5,0,acquire,859.7103329957463,True,
anvil,25795072,5,0,set_balance,139.9692090053577,True,
anvil,25795072,5,0,fund_token,146.0107080056332,True,
anvil,25795072,5,0,approve,759.0084580006078,True,
anvil,25795072,5,0,discard,4.6963749919086695,True,
anvil,25795072,5,0,acquire,846.5714999911143,True,
anvil,25795072,5,0,set_balance,139.85566700284835,True,
anvil,25795072,5,0,get_balance,3.96716600516811,True,
anvil,25795072,5,0,transfer,762.8716659964994,True,
anvil,25795072,5,0,discard,10.625707989674993,True,
anvil,25795072,5,1,acquire,885.5080409994116,True,
anvil,25795072,5,1,set_balance,154.32054200209677,True,
anvil,25795072,5,1,get_balance,2.38379200163763,True,
anvil,25795072,5,1,swap_eth_for_token,2474.3725000007544,True,
anvil,25795072,5,1,discard,4.562333997455426,True,
anvil,25795072,5,1,acquire,838.0692920036381,True,
anvil,25795072,5,1,set_balance,147.4037089938065,True,
anvil,25795072,5,1,fund_token,151.61512499616947,True,
anvil,25795072,5,1,fund_token,3.839583005174063,True,
anvil,25795072,5,1,discard,4.597375009325333,True,
anvil,25795072,5,1,acquire,851.7190830025356,True,
anvil,25795072,5,1,set_balance,142.01237499946728,True,
anvil,25795072,5,1,get_balance,2.966458006994799,True,
anvil,25795072,5,1,fund_token,141.9054169964511,True,
anvil,25795072,5,1,discard,6.1630829877685755,True,
anvil,25795072,5,1,acquire,837.8417499916395,True,
anvil,25795072,5,1,set_balance,143.2226670003729,True,
anvil,25795072,5,1,fund_token,145.03970800433308,True,
anvil,25795072,5,1,approve,748.8846670021303,True,
anvil,25795072,5,1,discard,4.664124993723817,True,
anvil,25795072,5,1,acquire,825.9728340053698,True,
anvil,25795072,5,1,set_balance,144.06262499687728,True,
anvil,25795072,5,1,swap_eth_for_token,2489.38695799734,True,
anvil,25795072,5,1,transfer,514.0435840003192,True,
anvil,25795072,5,1,discard,4.58795900340192,True,
anvil,25795072,5,1,acquire,834.172959002899,True,
anvil,25795072,5,1,set_balance,140.45495800382923,True,
anvil,25795072,5,1,transfer,740.5909160006559,True,
anvil,25795072,5,1,transfer,497.7690829982748,True,
anvil,25795072,5,1,discard,3.7129999982425943,True,
anvil,25795072,5,1,acquire,846.4680000033695,True,
anvil,25795072,5,1,set_balance,140.25862500420772,True,
anvil,25795072,5,1,fund_token,146.79749999777414,True,
anvil,25795072,5,1,fund_token,3.7242919934215024,True,
anvil,25795072,5,1,discard,4.969540997990407,True,
anvil,25795072,5,1,acquire,848.0083750037011,True,
anvil,25795072,5,1,set_balance,139.14716598810628,True,
anvil,25795072,5,1,get_balance,2.4015420058276504,True,
anvil,25795072,5,1,fund_token,142.0729579986073,True,
anvil,25795072,5,1,discard,4.598917003022507,True,
anvil,25795072,5,1,acquire,843.7875419913325,True,
anvil,25795072,5,1,set_balance,145.13404200260993,True,
anvil,25795072,5,1,swap_eth_for_token,2491.943708009785,True,
anvil,25795072,5,1,get_balance,5.567874992266297,True,
anvil,25795072,5,1,discard,4.6209170104702935,True,
anvil,25795072,5,1,acquire,847.7342080004746,True,
anvil,25795072,5,1,set_balance,141.07862499076873,True,
anvil,25795072,5,1,swap_eth_for_token,2442.8000420011813,True,
anvil,25795072,5,1,fund_token,1.923375006299466,True,
anvil,25795072,5,1,discard,4.635000004782341,True,
anvil,25795072,5,2,acquire,890.2451670001028,True,
anvil,25795072,5,2,set_balance,153.97037500224542,True,
anvil,25795072,5,2,transfer,741.8450830009533,True,
anvil,25795072,5,2,transfer,514.0779580106027,True,
anvil,25795072,5,2,discard,4.665667001972906,True,
anvil,25795072,5,2,acquire,853.854125001817,True,
anvil,25795072,5,2,set_balance,142.37595899612643,True,
anvil,25795072,5,2,get_balance,2.8956250025657937,True,
anvil,25795072,5,2,swap_eth_for_token,2485.8238750020973,True,
anvil,25795072,5,2,discard,4.610624993802048,True,
anvil,25795072,5,2,acquire,840.7340829871828,True,
anvil,25795072,5,2,set_balance,146.08045799832325,True,
anvil,25795072,5,2,transfer,772.6456659875112,True,
anvil,25795072,5,2,fund_token,145.7354580052197,True,
anvil,25795072,5,2,discard,4.5620840101037174,True,
anvil,25795072,5,2,acquire,852.705707991845,True,
anvil,25795072,5,2,set_balance,148.78862499608658,True,
anvil,25795072,5,2,swap_eth_for_token,2495.8552079915535,True,
anvil,25795072,5,2,swap_eth_for_token,274.69858300173655,True,
anvil,25795072,5,2,discard,4.648417001590133,True,
anvil,25795072,5,2,acquire,844.097209002939,True,
anvil,25795072,5,2,set_balance,139.40675000776537,True,
anvil,25795072,5,2,transfer,739.9383339943597,True,
anvil,25795072,5,2,fund_token,143.93379200191703,True,
anvil,25795072,5,2,discard,10.778416995890439,True,
anvil,25795072,5,2,acquire,849.3989580019843,True,
anvil,25795072,5,2,set_balance,150.27508299681358,True,
anvil,25795072,5,2,fund_token,154.27266700135078,True,
anvil,25795072,5,2,approve,781.3069590047235,True,
anvil,25795072,5,2,discard,4.5767499977955595,True,
anvil,25795072,5,2,acquire,842.0984170079464,True,
anvil,25795072,5,2,set_balance,136.58970899996348,True,
anvil,25795072,5,2,get_balance,3.43579200853128,True,
anvil,25795072,5,2,transfer,743.8432080089115,True,
anvil,25795072,5,2,discard,4.107875007321127,True,
anvil,25795072,5,2,acquire,849.4128750025993,True,
anvil,25795072,5,2,set_balance,140.0564580108039,True,
anvil,25795072,5,2,swap_eth_for_token,2485.6782919960096,True,
anvil,25795072,5,2,get_balance,1.797707998775877,True,
anvil,25795072,5,2,discard,4.56662499345839,True,
anvil,25795072,5,2,acquire,837.2427079884801,True,
anvil,25795072,5,2,set_balance,157.2482080082409,True,
anvil,25795072,5,2,get_balance,3.7135830061743036,True,
anvil,25795072,5,2,fund_token,141.87524998851586,True,
anvil,25795072,5,2,discard,10.416249991976656,True,
anvil,25795072,5,2,acquire,848.8211670046439,True,
anvil,25795072,5,2,set_balance,137.11554200563114,True,
anvil,25795072,5,2,swap_eth_for_token,2551.6777919983724,True,
anvil,25795072,5,2,fund_token,2.7465419989312068,True,
anvil,25795072,5,2,discard,10.034291000920348,True,
anvil,25795072,5,3,acquire,873.0030419974355,True,
anvil,25795072,5,3,set_balance,147.94366700516548,True,
anvil,25795072,5,3,get_balance,2.480707989889197,True,
anvil,25795072,5,3,swap_eth_for_token,2475.3096669883234,True,
anvil,25795072,5,3,discard,5.008166990592144,True,
anvil,25795072,5,3,acquire,839.0853329910897,True,
anvil,25795072,5,3,set_balance,147.3642920027487,True,
anvil,25795072,5,3,transfer,775.0722500059055,True,
anvil,25795072,5,3,fund_token,147.16550000593998,True,
anvil,25795072,5,3,discard,10.084250010550022,True,
anvil,25795072,5,3,acquire,837.6007500046398,True,
anvil,25795072,5,3,set_balance,148.1159579998348,True,
anvil,25795072,5,3,get_balance,4.382958009955473,True,
anvil,25795072,5,3,fund_token,155.22474999306723,True,
anvil,25795072,5,3,discard,4.108666995307431,True,
anvil,25795072,5,3,acquire,845.2033339999616,True,
anvil,25795072,5,3,set_balance,146.03479199286085,True,
anvil,25795072,5,3,fund_token,144.49529199919198,True,
anvil,25795072,5,3,get_balance,2.9186669999035075,True,
anvil,25795072,5,3,discard,4.566042000078596,True,
anvil,25795072,5,3,acquire,840.9853339981055,True,
anvil,25795072,5,3,set_balance,139.70866599993315,True,
anvil,25795072,5,3,fund_token,141.01229100197088,True,
anvil,25795072,5,3,transfer,760.1787919993512,True,
anvil,25795072,5,3,discard,4.5910420012660325,True,
anvil,25795072,5,3,acquire,831.3512500026263,True,
anvil,25795072,5,3,set_balance,140.0288340082625,True,
anvil,25795072,5,3,transfer,748.1683749938384,True,
anvil,25795072,5,3,transfer,509.3017500039423,True,
anvil,25795072,5,3,discard,4.70308298827149,True,
anvil,25795072,5,3,acquire,856.1183330020867,True,
anvil,25795072,5,3,set_balance,147.1818329882808,True,
anvil,25795072,5,3,fund_token,152.54829100740608,True,
anvil,25795072,5,3,fund_token,1.4135000092210248,True,
anvil,25795072,5,3,discard,4.6127499954309314,True,
anvil,25795072,5,3,acquire,827.894957998069,True,
anvil,25795072,5,3,set_balance,143.09625000169035,True,
anvil,25795072,5,3,fund_token,142.16958300676197,True,
anvil,25795072,5,3,swap_eth_for_token,2249.066207994474,True,
anvil,25795072,5,3,discard,4.561624999041669,True,
anvil,25795072,5,3,acquire,838.0822499893839,True,
anvil,25795072,5,3,set_balance,144.75583299645223,True,
anvil,25795072,5,3,transfer,747.7748329984024,True,
anvil,25795072,5,3,fund_token,143.08304199948907,True,
anvil,25795072,5,3,discard,10.796250004204921,True,
anvil,25795072,5,3,acquire,850.2111660054652,True,
anvil,25795072,5,3,set_balance,146.339832994272,True,
anvil,25795072,5,3,swap_eth_for_token,2479.840375002823,True,
anvil,25795072,5,3,swap_eth_for_token,256.3867080025375,True,
anvil,25795072,5,3,discard,4.608208997524343,True,
anvil,25795072,5,4,acquire,884.0515409974614,True,
anvil,25795072,5,4,set_balance,152.552208994166,True,
anvil,25795072,5,4,get_balance,2.7501669974299148,True,
anvil,25795072,5,4,transfer,740.7371250010328,True,
anvil,25795072,5,4,discard,4.620708001311868,True,
anvil,25795072,5,4,acquire,852.6568749948638,True,
anvil,25795072,5,4,set_balance,139.4780419941526,True,
anvil,25795072,5,4,fund_token,144.45020898710936,True,
anvil,25795072,5,4,transfer,762.9318749968661,True,
anvil,25795072,5,4,discard,4.581624991260469,True,
anvil,25795072,5,4,acquire,841.6371659986908,True,
anvil,25795072,5,4,set_balance,140.8203750033863,True,
anvil,25795072,5,4,transfer,748.1346249987837,True,
anvil,25795072,5,4,swap_eth_for_token,2263.364124999498,True,
anvil,25795072,5,4,discard,3.9360000082524493,True,
anvil,25795072,5,4,acquire,844.5799170003738,True,
anvil,25795072,5,4,set_balance,136.44383400969673,True,
anvil,25795072,5,4,get_balance,2.2266659943852574,True,
anvil,25795072,5,4,swap_eth_for_token,2462.698332994478,True,
anvil,25795072,5,4,discard,5.181041997275315,True,
anvil,25795072,5,4,acquire,848.5994170041522,True,
anvil,25795072,5,4,set_balance,143.42158399813343,True,
anvil,25795072,5,4,transfer,767.3261669988278,True,
anvil,25795072,5,4,get_balance,5.020958007662557,True,
anvil,25795072,5,4,discard,4.595208010869101,True,
anvil,25795072,5,4,acquire,839.2073330032872,True,
anvil,25795072,5,4,set_balance,138.36904198979028,True,
anvil,25795072,5,4,swap_eth_for_token,2453.7335829954827,True,
anvil,25795072,5,4,get_balance,2.1970000088913366,True,
anvil,25795072,5,4,discard,4.6026670024730265,True,
anvil,25795072,5,4,acquire,839.0389999985928,True,
anvil,25795072,5,4,set_balance,138.07829200231936,True,
anvil,25795072,5,4,swap_eth_for_token,2467.368458994315,True,
anvil,25795072,5,4,swap_eth_for_token,251.04275000921916,True,
anvil,25795072,5,4,discard,4.5952499931445345,True,
anvil,25795072,5,4,acquire,846.6451670101378,True,
anvil,25795072,5,4,set_balance,144.49766700272448,True,
anvil,25795072,5,4,swap_eth_for_token,2505.261458994937,True,
anvil,25795072,5,4,get_balance,2.0143750007264316,True,
anvil,25795072,5,4,discard,4.568667005514726,True,
anvil,25795072,5,4,acquire,845.7983340049395,True,
anvil,25795072,5,4,set_balance,148.00520900462288,True,
anvil,25795072,5,4,get_balance,5.7482499978505075,True,
anvil,25795072,5,4,swap_eth_for_token,2524.1932089993497,True,
anvil,25795072,5,4,discard,3.8282919995253906,True,
anvil,25795072,5,4,acquire,856.3957500009565,True,
anvil,25795072,5,4,set_balance,139.63170899660327,True,
anvil,25795072,5,4,swap_eth_for_token,2473.6782499967376,True,
anvil,25795072,5,4,swap_eth_for_token,267.1259999915492,True,
anvil,25795072,5,4,discard,4.397625001729466,True,
anvil,25795072,5,-1,__total__,31779.034582999884,True,
forkyard,25795072,10,0,acquire,15.218875007121824,True,
forkyard,25795072,10,0,set_balance,517.7995419944637,True,
forkyard,25795072,10,0,fund_token,12.75562500813976,True,
forkyard,25795072,10,0,transfer,164.3753339885734,True,
forkyard,25795072,10,0,discard,1617.4553750024643,True,
forkyard,25795072,10,0,acquire,143.7818749982398,True,
forkyard,25795072,10,0,set_balance,276.80824999697506,True,
forkyard,25795072,10,0,fund_token,7.754332997137681,True,
forkyard,25795072,10,0,swap_eth_for_token,146.62862500699703,True,
forkyard,25795072,10,0,discard,142.18450000043958,True,
forkyard,25795072,10,0,acquire,38.507332996232435,True,
forkyard,25795072,10,0,set_balance,160.8819169923663,True,
forkyard,25795072,10,0,swap_eth_for_token,173.97258299752139,True,
forkyard,25795072,10,0,get_balance,139.36787500279024,True,
forkyard,25795072,10,0,discard,143.7157080072211,True,
forkyard,25795072,10,0,acquire,121.08949999674223,True,
forkyard,25795072,10,0,set_balance,298.90116599563044,True,
forkyard,25795072,10,0,get_balance,147.80070800043177,True,
forkyard,25795072,10,0,swap_eth_for_token,304.99866700847633,True,
forkyard,25795072,10,0,discard,2.9622080037370324,True,
forkyard,25795072,10,0,acquire,17.194499989273027,True,
forkyard,25795072,10,0,set_balance,147.52262500405777,True,
forkyard,25795072,10,0,swap_eth_for_token,299.63750000752043,True,
forkyard,25795072,10,0,transfer,306.06400000397116,True,
forkyard,25795072,10,0,discard,143.91191699542105,True,
forkyard,25795072,10,0,acquire,4.474957997445017,True,
forkyard,25795072,10,0,set_balance,280.25920801155735,True,
forkyard,25795072,10,0,fund_token,3.2404579978901893,True,
forkyard,25795072,10,0,swap_eth_for_token,23.241332994075492,True,
forkyard,25795072,10,0,discard,135.09129200247116,True,
forkyard,25795072,10,0,acquire,233.31687500467524,True,
forkyard,25795072,10,0,set_balance,426.8149169947719,True,
forkyard,25795072,10,0,swap_eth_for_token,299.24154200125486,True,
forkyard,25795072,10,0,fund_token,278.29533400654327,True,
forkyard,25795072,10,0,discard,145.32129099825397,True,
forkyard,25795072,10,0,acquire,16.737290992750786,True,
forkyard,25795072,10,0,set_balance,142.13700000254903,True,
forkyard,25795072,10,0,swap_eth_for_token,161.32941699470393,True,
forkyard,25795072,10,0,transfer,150.09695800836198,True,
forkyard,25795072,10,0,discard,1.3180420064600185,True,
forkyard,25795072,10,0,acquire,2.0078329980606213,True,
forkyard,25795072,10,0,set_balance,150.22487500391435,True,
forkyard,25795072,10,0,fund_token,1.8973749974975362,True,
forkyard,25795072,10,0,approve,153.56833300029393,True,
forkyard,25795072,10,0,discard,1.1997499968856573,True,
forkyard,25795072,10,0,acquire,1.8741670064628124,True,
forkyard,25795072,10,0,set_balance,143.5367079975549,True,
forkyard,25795072,10,0,get_balance,2.9172909999033436,True,
forkyard,25795072,10,0,transfer,159.47650000452995,True,
forkyard,25795072,10,0,discard,144.7676250099903,True,
forkyard,25795072,10,1,acquire,16.08179100730922,True,
forkyard,25795072,10,1,set_balance,347.1311670000432,True,
forkyard,25795072,10,1,get_balance,14.519916992867365,True,
forkyard,25795072,10,1,swap_eth_for_token,2143.4771670028567,True,
forkyard,25795072,10,1,discard,250.56054099695757,True,
forkyard,25795072,10,1,acquire,31.197999996948056,True,
forkyard,25795072,10,1,set_balance,157.82929200213403,True,
forkyard,25795072,10,1,fund_token,3.1945829978212714,True,
forkyard,25795072,10,1,fund_token,1.2750409950967878,True,
forkyard,25795072,10,1,discard,4.724250000435859,True,
forkyard,25795072,10,1,acquire,142.65091699780896,True,
forkyard,25795072,10,1,set_balance,159.09291699063033,True,
forkyard,25795072,10,1,get_balance,10.404333006590605,True,
forkyard,25795072,10,1,fund_token,152.86404200014658,True,
forkyard,25795072,10,1,discard,5.931249994318932,True,
forkyard,25795072,10,1,acquire,116.23470799531788,True,
forkyard,25795072,10,1,set_balance,285.42941600608174,True,
forkyard,25795072,10,1,fund_token,4.781958006788045,True,
forkyard,25795072,10,1,approve,304.37720799818635,True,
forkyard,25795072,10,1,discard,140.54995799961034,True,
forkyard,25795072,10,1,acquire,166.17958300048485,True,
forkyard,25795072,10,1,set_balance,150.0525830051629,True,
forkyard,25795072,10,1,swap_eth_for_token,441.9987500004936,True,
forkyard,25795072,10,1,transfer,278.7936249951599,True,
forkyard,25795072,10,1,discard,143.5829159891,True,
forkyard,25795072,10,1,acquire,10.09741600137204,True,
forkyard,25795072,10,1,set_balance,424.71458300133236,True,
forkyard,25795072,10,1,transfer,297.0216249959776,True,
forkyard,25795072,10,1,transfer,428.8323329965351,True,
forkyard,25795072,10,1,discard,141.53733300918248,True,
forkyard,25795072,10,1,acquire,65.37191700772382,True,
forkyard,25795072,10,1,set_balance,146.3631669903407,True,
forkyard,25795072,10,1,fund_token,1.5931660018395633,True,
forkyard,25795072,10,1,fund_token,0.8779589988989756,True,
forkyard,25795072,10,1,discard,0.800124995294027,True,
forkyard,25795072,10,1,acquire,1.3539999927161261,True,
forkyard,25795072,10,1,set_balance,142.97604199964553,True,
forkyard,25795072,10,1,get_balance,2.415916998870671,True,
forkyard,25795072,10,1,fund_token,0.8781249925959855,True,
forkyard,25795072,10,1,discard,0.7885829982114956,True,
forkyard,25795072,10,1,acquire,205.43104100215714,True,
forkyard,25795072,10,1,set_balance,284.3591249984456,True,
forkyard,25795072,10,1,swap_eth_for_token,424.7638749948237,True,
forkyard,25795072,10,1,get_balance,151.56250000291038,True,
forkyard,25795072,10,1,discard,139.9716250016354,True,
forkyard,25795072,10,1,acquire,84.12737499747891,True,
forkyard,25795072,10,1,set_balance,146.9663329917239,True,
forkyard,25795072,10,1,swap_eth_for_token,160.2299999940442,True,
forkyard,25795072,10,1,fund_token,0.8201250020647421,True,
forkyard,25795072,10,1,discard,0.6867080082884058,True,
forkyard,25795072,10,2,acquire,15.036125012557022,True,
forkyard,25795072,10,2,set_balance,537.7772919891868,True,
forkyard,25795072,10,2,transfer,323.3592500037048,True,
forkyard,25795072,10,2,transfer,1623.0125840083929,True,
forkyard,25795072,10,2,discard,14.711541996803135,True,
forkyard,25795072,10,2,acquire,6.7369169992161915,True,
forkyard,25795072,10,2,set_balance,280.9676659962861,True,
forkyard,25795072,10,2,get_balance,9.889791996101849,True,
forkyard,25795072,10,2,swap_eth_for_token,319.34170798922423,True,
forkyard,25795072,10,2,discard,140.8786669926485,True,
forkyard,25795072,10,2,acquire,13.959917007014155,True,
forkyard,25795072,10,2,set_balance,289.6754579996923,True,
forkyard,25795072,10,2,transfer,285.62037499796133,True,
forkyard,25795072,10,2,fund_token,1.2989999959245324,True,
forkyard,25795072,10,2,discard,2.6274590054526925,True,
forkyard,25795072,10,2,acquire,5.25170800392516,True,
forkyard,25795072,10,2,set_balance,288.93762500956655,True,
forkyard,25795072,10,2,swap_eth_for_token,310.0649579864694,True,
forkyard,25795072,10,2,swap_eth_for_token,154.18583298742305,True,
forkyard,25795072,10,2,discard,145.01504199870396,True,
forkyard,25795072,10,2,acquire,275.1471249939641,True,
forkyard,25795072,10,2,set_balance,427.8612920024898,True,
forkyard,25795072,10,2,transfer,442.0055410009809,True,
forkyard,25795072,10,2,fund_token,143.13050000055227,True,
forkyard,25795072,10,2,discard,137.81312500941567,True,
forkyard,25795072,10,2,acquire,35.47283400257584,True,
forkyard,25795072,10,2,set_balance,292.08945800201036,True,
forkyard,25795072,10,2,fund_token,8.715124989976175,True,
forkyard,25795072,10,2,approve,309.43816699436866,True,
forkyard,25795072,10,2,discard,141.02937499410473,True,
forkyard,25795072,10,2,acquire,21.30300000135321,True,
forkyard,25795072,10,2,set_balance,145.4176250117598,True,
forkyard,25795072,10,2,get_balance,6.010750003042631,True,
forkyard,25795072,10,2,transfer,279.794583999319,True,
forkyard,25795072,10,2,discard,5.540707992622629,True,
forkyard,25795072,10,2,acquire,200.9119999856921,True,
forkyard,25795072,10,2,set_balance,559.1149579995545,True,
forkyard,25795072,10,2,swap_eth_for_token,302.74412500148173,True,
forkyard,25795072,10,2,get_balance,280.10099999664817,True,
forkyard,25795072,10,2,discard,6.794417000492103,True,
forkyard,25795072,10,2,acquire,38.009708005120046,True,
forkyard,25795072,10,2,set_balance,142.41195900831372,True,
forkyard,25795072,10,2,get_balance,4.5291669957805425,True,
forkyard,25795072,10,2,fund_token,1.1910000030184165,True,
forkyard,25795072,10,2,discard,1.0419579921290278,True,
forkyard,25795072,10,2,acquire,1.7408749990863726,True,
forkyard,25795072,10,2,set_balance,147.22870900004636,True,
forkyard,25795072,10,2,swap_eth_for_token,155.0308750011027,True,
forkyard,25795072,10,2,fund_token,1.6797919961391017,True,
forkyard,25795072,10,2,discard,1.2807079910999164,True,
forkyard,25795072,10,3,acquire,12.522582997917198,True,
forkyard,25795072,10,3,set_balance,551.7634579882724,True,
forkyard,25795072,10,3,get_balance,28.842499988968484,True,
forkyard,25795072,10,3,swap_eth_for_token,1930.330832998152,True,
forkyard,25795072,10,3,discard,7.129333011107519,True,
forkyard,25795072,10,3,acquire,145.66137500514742,True,
forkyard,25795072,10,3,set_balance,284.2239579913439,True,
forkyard,25795072,10,3,transfer,179.7929999884218,True,
forkyard,25795072,10,3,fund_token,144.96758399764076,True,
forkyard,25795072,10,3,discard,4.934166994644329,True,
forkyard,25795072,10,3,acquire,220.77870900102425,True,
forkyard,25795072,10,3,set_balance,294.28354199626483,True,
forkyard,25795072,10,3,get_balance,146.07533300295472,True,
forkyard,25795072,10,3,fund_token,3.0485000024782494,True,
forkyard,25795072,10,3,discard,2.052374999038875,True,
forkyard,25795072,10,3,acquire,1.7993749934248626,True,
forkyard,25795072,10,3,set_balance,143.1307500024559,True,
forkyard,25795072,10,3,fund_token,1.5927080094115809,True,
forkyard,25795072,10,3,get_balance,3.3492500078864396,True,
forkyard,25795072,10,3,discard,1.0489159903954715,True,
forkyard,25795072,10,3,acquire,1.6267500031972304,True,
forkyard,25795072,10,3,set_balance,144.96254199184477,True,
forkyard,25795072,10,3,fund_token,1.4641250018030405,True,
forkyard,25795072,10,3,transfer,154.76141599356197,True,
forkyard,25795072,10,3,discard,1.1588330089580268,True,
forkyard,25795072,10,3,acquire,1.759958002367057,True,
forkyard,25795072,10,3,set_balance,143.100624991348,True,
forkyard,25795072,10,3,transfer,163.0629580031382,True,
forkyard,25795072,10,3,transfer,293.40995800157543,True,
forkyard,25795072,10,3,discard,2.025125009822659,True,
forkyard,25795072,10,3,acquire,42.78400000475813,True,
forkyard,25795072,10,3,set_balance,300.9102910000365,True,
forkyard,25795072,10,3,fund_token,7.528707996243611,True,
forkyard,25795072,10,3,fund_token,142.8227500000503,True,
forkyard,25795072,10,3,discard,4.447541999979876,True,
forkyard,25795072,10,3,acquire,115.29724999854807,True,
forkyard,25795072,10,3,set_balance,284.6096249995753,True,
forkyard,25795072,10,3,fund_token,5.955375003395602,True,
forkyard,25795072,10,3,swap_eth_for_token,161.7334589973325,True,
forkyard,25795072,10,3,discard,140.62858300167136,True,
forkyard,25795072,10,3,acquire,402.164166996954,True,
forkyard,25795072,10,3,set_balance,286.7644580110209,True,
forkyard,25795072,10,3,transfer,441.88420799036976,True,
forkyard,25795072,10,3,fund_token,144.36845899035688,True,
forkyard,25795072,10,3,discard,137.36675000109244,True,
forkyard,25795072,10,3,acquire,68.47199999901932,True,
forkyard,25795072,10,3,set_balance,145.65329099423252,True,
forkyard,25795072,10,3,swap_eth_for_token,151.95949999906588,True,
forkyard,25795072,10,3,swap_eth_for_token,13.794415994198062,True,
forkyard,25795072,10,3,discard,1.1883749975822866,True,
forkyard,25795072,10,4,acquire,13.973667009850033,True,
forkyard,25795072,10,4,set_balance,369.8352499923203,True,
forkyard,25795072,10,4,get_balance,8.53366700175684,True,
forkyard,25795072,10,4,transfer,433.58054201235063,True,
forkyard,25795072,10,4,discard,1639.779749995796,True,
forkyard,25795072,10,4,acquire,26.166708004893735,True,
forkyard,25795072,10,4,set_balance,292.4460420035757,True,
forkyard,25795072,10,4,fund_token,4.633290998754092,True,
forkyard,25795072,10,4,transfer,161.82345899869688,True,
forkyard,25795072,10,4,discard,138.72691700817086,True,
forkyard,25795072,10,4,acquire,16.162749991053715,True,
forkyard,25795072,10,4,set_balance,279.2219999973895,True,
forkyard,25795072,10,4,transfer,154.23108398681507,True,
forkyard,25795072,10,4,swap_eth_for_token,288.5428330046125,True,
forkyard,25795072,10,4,discard,159.90949999832083,True,
forkyard,25795072,10,4,acquire,156.35687499889173,True,
forkyard,25795072,10,4,set_balance,288.360874998034,True,
forkyard,25795072,10,4,get_balance,154.57116700417828,True,
forkyard,25795072,10,4,swap_eth_for_token,303.54691699903924,True,
forkyard,25795072,10,4,discard,133.41070800379384,True,
forkyard,25795072,10,4,acquire,132.3771249881247,True,
forkyard,25795072,10,4,set_balance,154.32658299687319,True,
forkyard,25795072,10,4,transfer,160.51787498872727,True,
forkyard,25795072,10,4,get_balance,143.14345800084993,True,
forkyard,25795072,10,4,discard,7.100417002220638,True,
forkyard,25795072,10,4,acquire,266.338250003173,True,
forkyard,25795072,10,4,set_balance,282.37995800736826,True,
forkyard,25795072,10,4,swap_eth_for_token,298.7260000081733,True,
forkyard,25795072,10,4,get_balance,147.6033329963684,True,
forkyard,25795072,10,4,discard,141.01991700590588,True,
forkyard,25795072,10,4,acquire,56.06695800088346,True,
forkyard,25795072,10,4,set_balance,281.2879170087399,True,
forkyard,25795072,10,4,swap_eth_for_token,299.5304579962976,True,
forkyard,25795072,10,4,swap_eth_for_token,139.825958001893,True,
forkyard,25795072,10,4,discard,2.3860829969635233,True,
forkyard,25795072,10,4,acquire,31.21412500331644,True,
forkyard,25795072,10,4,set_balance,284.1292500088457,True,
forkyard,25795072,10,4,swap_eth_for_token,153.46558298915625,True,
forkyard,25795072,10,4,get_balance,1.9827920041279867,True,
forkyard,25795072,10,4,discard,0.7578340009786189,True,
forkyard,25795072,10,4,acquire,1.3522089866455644,True,
forkyard,25795072,10,4,set_balance,143.78700000816025,True,
forkyard,25795072,10,4,get_balance,3.308041996206157,True,
forkyard,25795072,10,4,swap_eth_for_token,156.63520801172126,True,
forkyard,25795072,10,4,discard,1.131458004238084,True,
forkyard,25795072,10,4,acquire,160.1843340031337,True,
forkyard,25795072,10,4,set_balance,287.06516699458007,True,
forkyard,25795072,10,4,swap_eth_for_token,296.52029200224206,True,
forkyard,25795072,10,4,swap_eth_for_token,17.967416992178187,True,
forkyard,25795072,10,4,discard,0.9184999944409356,True,
forkyard,25795072,10,5,acquire,17.243875001440756,True,
forkyard,25795072,10,5,set_balance,345.2671669947449,True,
forkyard,25795072,10,5,swap_eth_for_token,1994.9965420091758,True,
forkyard,25795072,10,5,transfer,265.83466699230485,True,
forkyard,25795072,10,5,discard,142.35491599538364,True,
forkyard,25795072,10,5,acquire,146.77841700904537,True,
forkyard,25795072,10,5,set_balance,286.62558300129604,True,
forkyard,25795072,10,5,get_balance,156.18299999914598,True,
forkyard,25795072,10,5,get_balance,147.28529201238416,True,
forkyard,25795072,10,5,discard,4.258042012224905,True,
forkyard,25795072,10,5,acquire,78.57420900836587,True,
forkyard,25795072,10,5,set_balance,282.89154199592303,True,
forkyard,25795072,10,5,swap_eth_for_token,303.61649999395013,True,
forkyard,25795072,10,5,get_balance,283.29974999360275,True,
forkyard,25795072,10,5,discard,12.759625009493902,True,
forkyard,25795072,10,5,acquire,118.18754101113882,True,
forkyard,25795072,10,5,set_balance,147.16537499043625,True,
forkyard,25795072,10,5,transfer,149.36520899937022,True,
forkyard,25795072,10,5,transfer,282.24925001268275,True,
forkyard,25795072,10,5,discard,140.25687499088235,True,
forkyard,25795072,10,5,acquire,162.8797500015935,True,
forkyard,25795072,10,5,set_balance,430.6572089990368,True,
forkyard,25795072,10,5,fund_token,8.558500005165115,True,
forkyard,25795072,10,5,get_balance,280.25449998676777,True,
forkyard,25795072,10,5,discard,13.017084012972191,True,
forkyard,25795072,10,5,acquire,36.98441700544208,True,
forkyard,25795072,10,5,set_balance,287.08245800225995,True,
forkyard,25795072,10,5,get_balance,12.257541995495558,True,
forkyard,25795072,10,5,get_balance,12.12229199882131,True,
forkyard,25795072,10,5,discard,137.06575000833254,True,
forkyard,25795072,10,5,acquire,225.2862500026822,True,
forkyard,25795072,10,5,set_balance,430.0177499972051,True,
forkyard,25795072,10,5,get_balance,159.8832500021672,True,
forkyard,25795072,10,5,transfer,277.5174580019666,True,
forkyard,25795072,10,5,discard,421.9245830026921,True,
forkyard,25795072,10,5,acquire,11.314999996102415,True,
forkyard,25795072,10,5,set_balance,142.59066600061487,True,
forkyard,25795072,10,5,get_balance,2.875124991987832,True,
forkyard,25795072,10,5,get_balance,2.2548749984707683,True,
forkyard,25795072,10,5,discard,0.9312920010415837,True,
forkyard,25795072,10,5,acquire,1.4604579919250682,True,
forkyard,25795072,10,5,set_balance,146.78795900545083,True,
forkyard,25795072,10,5,swap_eth_for_token,159.8183330061147,True,
forkyard,25795072,10,5,get_balance,9.365374993649311,True,
forkyard,25795072,10,5,discard,0.953208000282757,True,
forkyard,25795072,10,5,acquire,96.58287500496954,True,
forkyard,25795072,10,5,set_balance,284.9631249991944,True,
forkyard,25795072,10,5,get_balance,13.83450000139419,True,
forkyard,25795072,10,5,fund_token,2.1651670103892684,True,
forkyard,25795072,10,5,discard,7.382249998045154,True,
forkyard,25795072,10,6,acquire,14.978874998632818,True,
forkyard,25795072,10,6,set_balance,387.1203749877168,True,
forkyard,25795072,10,6,transfer,300.5445409944514,True,
forkyard,25795072,10,6,swap_eth_for_token,1658.1968749960652,True,
forkyard,25795072,10,6,discard,124.2395419976674,True,
forkyard,25795072,10,6,acquire,18.945416988572106,True,
forkyard,25795072,10,6,set_balance,154.0422919933917,True,
forkyard,25795072,10,6,transfer,290.7405410078354,True,
forkyard,25795072,10,6,fund_token,5.303500001900829,True,
forkyard,25795072,10,6,discard,151.96395899693016,True,
forkyard,25795072,10,6,acquire,99.06558301008772,True,
forkyard,25795072,10,6,set_balance,290.1106249919394,True,
forkyard,25795072,10,6,swap_eth_for_token,307.0425000041723,True,
forkyard,25795072,10,6,swap_eth_for_token,143.45074999437202,True,
forkyard,25795072,10,6,discard,1.5707499987911433,True,
forkyard,25795072,10,6,acquire,72.57833299809135,True,
forkyard,25795072,10,6,set_balance,285.7655830011936,True,
forkyard,25795072,10,6,get_balance,3.4088329994119704,True,
forkyard,25795072,10,6,transfer,157.6742920005927,True,
forkyard,25795072,10,6,discard,142.49208400724456,True,
forkyard,25795072,10,6,acquire,106.3616669998737,True,
forkyard,25795072,10,6,set_balance,290.92033400957007,True,
forkyard,25795072,10,6,swap_eth_for_token,176.3292499963427,True,
forkyard,25795072,10,6,fund_token,1.3798750005662441,True,
forkyard,25795072,10,6,discard,144.84308299142867,True,
forkyard,25795072,10,6,acquire,39.50108301069122,True,
forkyard,25795072,10,6,set_balance,146.48558299813885,True,
forkyard,25795072,10,6,transfer,287.9352919990197,True,
forkyard,25795072,10,6,fund_token,6.750291999196634,True,
forkyard,25795072,10,6,discard,1.9073330040555447,True,
forkyard,25795072,10,6,acquire,9.102959011215717,True,
forkyard,25795072,10,6,set_balance,137.69849999516737,True,
forkyard,25795072,10,6,fund_token,1.4255830028560013,True,
forkyard,25795072,10,6,get_balance,1.765332999639213,True,
forkyard,25795072,10,6,discard,0.6402500002877787,True,
forkyard,25795072,10,6,acquire,1.031499996315688,True,
forkyard,25795072,10,6,set_balance,139.58741699752863,True,
forkyard,25795072,10,6,transfer,156.10229200683534,True,
forkyard,25795072,10,6,get_balance,150.74487500532996,True,
forkyard,25795072,10,6,discard,1.9694590009748936,True,
forkyard,25795072,10,6,acquire,107.94466600054875,True,
forkyard,25795072,10,6,set_balance,303.16791600489523,True,
forkyard,25795072,10,6,fund_token,7.238916994538158,True,
forkyard,25795072,10,6,approve,292.893666002783,True,
forkyard,25795072,10,6,discard,142.60079199448228,True,
forkyard,25795072,10,6,acquire,136.49449999502394,True,
forkyard,25795072,10,6,set_balance,140.74941600847524,True,
forkyard,25795072,10,6,get_balance,4.689959008828737,True,
forkyard,25795072,10,6,swap_eth_for_token,159.515042003477,True,
forkyard,25795072,10,6,discard,143.46820900391322,True,
forkyard,25795072,10,7,acquire,10.668999995687045,True,
forkyard,25795072,10,7,set_balance,538.1945419940166,True,
forkyard,25795072,10,7,swap_eth_for_token,1805.0729169917759,True,
forkyard,25795072,10,7,fund_token,129.3184999958612,True,
forkyard,25795072,10,7,discard,11.84566700248979,True,
forkyard,25795072,10,7,acquire,274.7623330069473,True,
forkyard,25795072,10,7,set_balance,141.98079200286884,True,
forkyard,25795072,10,7,transfer,295.920834003482,True,
forkyard,25795072,10,7,swap_eth_for_token,298.63116701017134,True,
forkyard,25795072,10,7,discard,2.793207997456193,True,
forkyard,25795072,10,7,acquire,62.88195800152607,True,
forkyard,25795072,10,7,set_balance,286.7420420079725,True,
forkyard,25795072,10,7,get_balance,2.541624999139458,True,
forkyard,25795072,10,7,transfer,160.6947500113165,True,
forkyard,25795072,10,7,discard,139.1607080004178,True,
forkyard,25795072,10,7,acquire,127.3230000078911,True,
forkyard,25795072,10,7,set_balance,288.0837499978952,True,
forkyard,25795072,10,7,fund_token,7.425500007229857,True,
forkyard,25795072,10,7,get_balance,145.790541995666,True,
forkyard,25795072,10,7,discard,3.674292005598545,True,
forkyard,25795072,10,7,acquire,5.8829170011449605,True,
forkyard,25795072,10,7,set_balance,417.6594999880763,True,
forkyard,25795072,10,7,fund_token,2.4097499990602955,True,
forkyard,25795072,10,7,approve,291.91924999759067,True,
forkyard,25795072,10,7,discard,2.8657499933615327,True,
forkyard,25795072,10,7,acquire,28.181292000226676,True,
forkyard,25795072,10,7,set_balance,143.2913339958759,True,
forkyard,25795072,10,7,transfer,291.43541598750744,True,
forkyard,25795072,10,7,transfer,303.5980830027256,True,
forkyard,25795072,10,7,discard,1.9473749998724088,True,
forkyard,25795072,10,7,acquire,26.614290996803902,True,
forkyard,25795072,10,7,set_balance,147.56962499814108,True,
forkyard,25795072,10,7,transfer,148.47804099554196,True,
forkyard,25795072,10,7,swap_eth_for_token,146.72341699770186,True,
forkyard,25795072,10,7,discard,0.8268329984275624,True,
forkyard,25795072,10,7,acquire,1.3264580047689378,True,
forkyard,25795072,10,7,set_balance,143.38508299260866,True,
forkyard,25795072,10,7,get_balance,1.9952080037910491,True,
forkyard,25795072,10,7,swap_eth_for_token,150.88379201188218,True,
forkyard,25795072,10,7,discard,143.2126250001602,True,
forkyard,25795072,10,7,acquire,2.7099169965367764,True,
forkyard,25795072,10,7,set_balance,279.37012500478886,True,
forkyard,25795072,10,7,transfer,156.26070799771696,True,
forkyard,25795072,10,7,swap_eth_for_token,288.06679099216126,True,
forkyard,25795072,10,7,discard,1.6944170056376606,True,
forkyard,25795072,10,7,acquire,330.7536250067642,True,
forkyard,25795072,10,7,set_balance,283.851541011245,True,
forkyard,25795072,10,7,transfer,288.7829999963287,True,
forkyard,25795072,10,7,get_balance,284.1114579932764,True,
forkyard,25795072,10,7,discard,4.4075830082874745,True,
forkyard,25795072,10,8,acquire,14.427042013267055,True,
forkyard,25795072,10,8,set_balance,527.8357079951093,True,
forkyard,25795072,10,8,get_balance,30.876083998009562,True,
forkyard,25795072,10,8,fund_token,10.25741700141225,True,
forkyard,25795072,10,8,discard,4.350707997218706,True,
forkyard,25795072,10,8,acquire,241.22129099851009,True,
forkyard,25795072,10,8,set_balance,1643.7054159905529,True,
forkyard,25795072,10,8,get_balance,32.90187500533648,True,
forkyard,25795072,10,8,transfer,292.4809579999419,True,
forkyard,25795072,10,8,discard,151.96691700839438,True,
forkyard,25795072,10,8,acquire,154.36879199114628,True,
forkyard,25795072,10,8,set_balance,285.750332986936,True,
forkyard,25795072,10,8,get_balance,12.798791998648085,True,
forkyard,25795072,10,8,fund_token,4.34158300049603,True,
forkyard,25795072,10,8,discard,136.51370801380835,True,
forkyard,25795072,10,8,acquire,244.73570799455047,True,
forkyard,25795072,10,8,set_balance,143.19379099470098,True,
forkyard,25795072,10,8,fund_token,1.9669169996632263,True,
forkyard,25795072,10,8,fund_token,2.3562090063933283,True,
forkyard,25795072,10,8,discard,1.6288750048261136,True,
forkyard,25795072,10,8,acquire,192.88520800182596,True,
forkyard,25795072,10,8,set_balance,143.69354100199416,True,
forkyard,25795072,10,8,fund_token,9.97904100222513,True,
forkyard,25795072,10,8,fund_token,144.7260830027517,True,
forkyard,25795072,10,8,discard,142.19683299597818,True,
forkyard,25795072,10,8,acquire,23.587333998875692,True,
forkyard,25795072,10,8,set_balance,426.9454159948509,True,
forkyard,25795072,10,8,fund_token,6.67770899599418,True,
forkyard,25795072,10,8,transfer,433.35116699745413,True,
forkyard,25795072,10,8,discard,144.72004200797528,True,
forkyard,25795072,10,8,acquire,140.74279200576711,True,
forkyard,25795072,10,8,set_balance,149.565583007643,True,
forkyard,25795072,10,8,fund_token,7.9200000036507845,True,
forkyard,25795072,10,8,fund_token,2.2299999982351437,True,
forkyard,25795072,10,8,discard,6.862833994091488,True,
forkyard,25795072,10,8,acquire,5.30908300424926,True,
forkyard,25795072,10,8,set_balance,150.36887499445584,True,
forkyard,25795072,10,8,swap_eth_for_token,155.3371670015622,True,
forkyard,25795072,10,8,transfer,291.40770800586324,True,
forkyard,25795072,10,8,discard,3.9128329954110086,True,
forkyard,25795072,10,8,acquire,3.419667002162896,True,
forkyard,25795072,10,8,set_balance,139.08224999613594,True,
forkyard,25795072,10,8,fund_token,1.5739999944344163,True,
forkyard,25795072,10,8,transfer,151.5043749968754,True,
forkyard,25795072,10,8,discard,144.6788750035921,True,
forkyard,25795072,10,8,acquire,128.19725000008475,True,
forkyard,25795072,10,8,set_balance,281.2973330001114,True,
forkyard,25795072,10,8,get_balance,144.12008300132584,True,
forkyard,25795072,10,8,fund_token,2.33312499767635,True,
forkyard,25795072,10,8,discard,3.2052080059656873,True,
forkyard,25795072,10,9,acquire,13.094958005240187,True,
forkyard,25795072,10,9,set_balance,535.9049580001738,True,
forkyard,25795072,10,9,fund_token,17.15195900760591,True,
forkyard,25795072,10,9,swap_eth_for_token,1794.3782500078669,True,
forkyard,25795072,10,9,discard,128.72733299445827,True,
forkyard,25795072,10,9,acquire,18.702750006923452,True,
forkyard,25795072,10,9,set_balance,287.37104099127464,True,
forkyard,25795072,10,9,get_balance,160.5132500117179,True,
forkyard,25795072,10,9,swap_eth_for_token,171.77454200282227,True,
forkyard,25795072,10,9,discard,141.6008329979377,True,
forkyard,25795072,10,9,acquire,10.249083003145643,True,
forkyard,25795072,10,9,set_balance,154.09162499418017,True,
forkyard,25795072,10,9,transfer,155.17295800964348,True,
forkyard,25795072,10,9,transfer,285.1073330093641,True,
forkyard,25795072,10,9,discard,142.4942080047913,True,
forkyard,25795072,10,9,acquire,6.772666005417705,True,
forkyard,25795072,10,9,set_balance,279.9159170099301,True,
forkyard,25795072,10,9,get_balance,6.172125009470619,True,
forkyard,25795072,10,9,fund_token,1.1034170020138845,True,
forkyard,25795072,10,9,discard,1.2648749980144203,True,
forkyard,25795072,10,9,acquire,146.4935410040198,True,
forkyard,25795072,10,9,set_balance,147.4416670098435,True,
forkyard,25795072,10,9,get_balance,157.18549999292009,True,
forkyard,25795072,10,9,transfer,153.6398750031367,True,
forkyard,25795072,10,9,discard,136.02191700192634,True,
forkyard,25795072,10,9,acquire,106.06720800569747,True,
forkyard,25795072,10,9,set_balance,285.35237499454524,True,
forkyard,25795072,10,9,get_balance,6.45733300189022,True,
forkyard,25795072,10,9,fund_token,2.115333001711406,True,
forkyard,25795072,10,9,discard,1.1835409968625754,True,
forkyard,25795072,10,9,acquire,1.726832997519523,True,
forkyard,25795072,10,9,set_balance,146.21708400954958,True,
forkyard,25795072,10,9,swap_eth_for_token,160.53762500814628,True,
forkyard,25795072,10,9,get_balance,153.67133299878333,True,
forkyard,25795072,10,9,discard,2.0888330036541447,True,
forkyard,25795072,10,9,acquire,7.723916001850739,True,
forkyard,25795072,10,9,set_balance,292.7949170116335,True,
forkyard,25795072,10,9,transfer,307.0886669884203,True,
forkyard,25795072,10,9,get_balance,150.16850001120474,True,
forkyard,25795072,10,9,discard,147.49991700227838,True,
forkyard,25795072,10,9,acquire,83.31541701045353,True,
forkyard,25795072,10,9,set_balance,424.28312500123866,True,
forkyard,25795072,10,9,swap_eth_for_token,307.1293339889962,True,
forkyard,25795072,10,9,transfer,562.7802079980029,True,
forkyard,25795072,10,9,discard,141.05241699144244,True,
forkyard,25795072,10,9,acquire,2.4807919980958104,True,
forkyard,25795072,10,9,set_balance,147.5493330071913,True,
forkyard,25795072,10,9,transfer,162.33541700057685,True,
forkyard,25795072,10,9,transfer,158.9197090070229,True,
forkyard,25795072,10,9,discard,142.2937499883119,True,
forkyard,25795072,10,-1,__total__,9350.26929200103,True,
anvil,25795072,10,0,acquire,915.7243340014247,True,
anvil,25795072,10,0,set_balance,163.39945800427813,True,
anvil,25795072,10,0,fund_token,155.5960419937037,True,
anvil,25795072,10,0,transfer,735.5000829993514,True,
anvil,25795072,10,0,discard,4.410499997902662,True,
anvil,25795072,10,0,acquire,834.5307919953484,True,
anvil,25795072,10,0,set_balance,143.363875002251,True,
anvil,25795072,10,0,fund_token,143.9253330026986,True,
anvil,25795072,10,0,swap_eth_for_token,2230.925500000012,True,
anvil,25795072,10,0,discard,4.683791994466446,True,
anvil,25795072,10,0,acquire,827.0449580013519,True,
anvil,25795072,10,0,set_balance,140.5844580003759,True,
anvil,25795072,10,0,swap_eth_for_token,2489.0257499937434,True,
anvil,25795072,10,0,get_balance,1.7968750034924597,True,
anvil,25795072,10,0,discard,4.166750004515052,True,
anvil,25795072,10,0,acquire,837.153207990923,True,
anvil,25795072,10,0,set_balance,143.88295898970682,True,
anvil,25795072,10,0,get_balance,2.484166994690895,True,
anvil,25795072,10,0,swap_eth_for_token,2497.179583006073,True,
anvil,25795072,10,0,discard,4.572958001517691,True,
anvil,25795072,10,0,acquire,825.256417010678,True,
anvil,25795072,10,0,set_balance,144.0552080021007,True,
anvil,25795072,10,0,swap_eth_for_token,2461.5615000075195,True,
anvil,25795072,10,0,transfer,503.0989579972811,True,
anvil,25795072,10,0,discard,4.5921670098323375,True,
anvil,25795072,10,0,acquire,841.0947919910541,True,
anvil,25795072,10,0,set_balance,138.97783299034927,True,
anvil,25795072,10,0,fund_token,148.86041698628105,True,
anvil,25795072,10,0,swap_eth_for_token,2213.585042001796,True,
anvil,25795072,10,0,discard,4.566916992189363,True,
anvil,25795072,10,0,acquire,832.6317909959471,True,
anvil,25795072,10,0,set_balance,148.5486250021495,True,
anvil,25795072,10,0,swap_eth_for_token,2474.6553330041934,True,
anvil,25795072,10,0,fund_token,1.2060000008204952,True,
anvil,25795072,10,0,discard,4.414665992953815,True,
anvil,25795072,10,0,acquire,852.4596659990493,True,
anvil,25795072,10,0,set_balance,146.0509590106085,True,
anvil,25795072,10,0,swap_eth_for_token,2524.912624998251,True,
anvil,25795072,10,0,transfer,521.051333998912,True,
anvil,25795072,10,0,discard,3.8133750058477744,True,
anvil,25795072,10,0,acquire,842.442207998829,True,
anvil,25795072,10,0,set_balance,140.60054199944716,True,
anvil,25795072,10,0,fund_token,168.33391699765343,True,
anvil,25795072,10,0,approve,768.8415000011446,True,
anvil,25795072,10,0,discard,10.580458998447284,True,
anvil,25795072,10,0,acquire,854.4919160049176,True,
anvil,25795072,10,0,set_balance,144.19900000211783,True,
anvil,25795072,10,0,get_balance,6.527958001242951,True,
anvil,25795072,10,0,transfer,762.1235419937875,True,
anvil,25795072,10,0,discard,10.578624991467223,True,
anvil,25795072,10,1,acquire,919.2307499906747,True,
anvil,25795072,10,1,set_balance,141.33266700082459,True,
anvil,25795072,10,1,get_balance,26.49845799896866,True,
anvil,25795072,10,1,swap_eth_for_token,2497.2974589909427,True,
anvil,25795072,10,1,discard,3.534250005031936,True,
anvil,25795072,10,1,acquire,847.2242499992717,True,
anvil,25795072,10,1,set_balance,147.39724999526516,True,
anvil,25795072,10,1,fund_token,194.2357920052018,True,
anvil,25795072,10,1,fund_token,1.1648749932646751,True,
anvil,25795072,10,1,discard,4.531250000582077,True,
anvil,25795072,10,1,acquire,829.8817080067238,True,
anvil,25795072,10,1,set_balance,165.88595799112227,True,
anvil,25795072,10,1,get_balance,4.103750005015172,True,
anvil,25795072,10,1,fund_token,148.42245800537057,True,
anvil,25795072,10,1,discard,4.603916997439228,True,
anvil,25795072,10,1,acquire,841.4840420009568,True,
anvil,25795072,10,1,set_balance,146.56837499933317,True,
anvil,25795072,10,1,fund_token,144.68358301382978,True,
anvil,25795072,10,1,approve,752.6875420007855,True,
anvil,25795072,10,1,discard,4.567083000438288,True,
anvil,25795072,10,1,acquire,837.0461669983342,True,
anvil,25795072,10,1,set_balance,141.6274999937741,True,
anvil,25795072,10,1,swap_eth_for_token,2455.933917008224,True,
anvil,25795072,10,1,transfer,491.4447079936508,True,
anvil,25795072,10,1,discard,4.5966660109115764,True,
anvil,25795072,10,1,acquire,835.9278749994701,True,
anvil,25795072,10,1,set_balance,147.7937089948682,True,
anvil,25795072,10,1,transfer,746.2454579945188,True,
anvil,25795072,10,1,transfer,497.07225000020117,True,
anvil,25795072,10,1,discard,3.5712090029846877,True,
anvil,25795072,10,1,acquire,853.0525829992257,True,
anvil,25795072,10,1,set_balance,145.5425419990206,True,
anvil,25795072,10,1,fund_token,140.7826669892529,True,
anvil,25795072,10,1,fund_token,2.2987919946899638,True,
anvil,25795072,10,1,discard,4.641791005269624,True,
anvil,25795072,10,1,acquire,843.3503749984084,True,
anvil,25795072,10,1,set_balance,141.32254201103933,True,
anvil,25795072,10,1,get_balance,4.59858299291227,True,
anvil,25795072,10,1,fund_token,144.0973330027191,True,
anvil,25795072,10,1,discard,4.570332996081561,True,
anvil,25795072,10,1,acquire,849.3253749911673,True,
anvil,25795072,10,1,set_balance,144.5417499926407,True,
anvil,25795072,10,1,swap_eth_for_token,2516.956374995061,True,
anvil,25795072,10,1,get_balance,2.486750003299676,True,
anvil,25795072,10,1,discard,4.576750012347475,True,
anvil,25795072,10,1,acquire,836.9008750014473,True,
anvil,25795072,10,1,set_balance,139.38799999596085,True,
anvil,25795072,10,1,swap_eth_for_token,2480.2083339891396,True,
anvil,25795072,10,1,fund_token,1.5097090072231367,True,
anvil,25795072,10,1,discard,4.618125007255003,True,
anvil,25795072,10,2,acquire,901.3096670096274,True,
anvil,25795072,10,2,set_balance,152.20850000332575,True,
anvil,25795072,10,2,transfer,761.2024999980349,True,
anvil,25795072,10,2,transfer,498.67762500070967,True,
anvil,25795072,10,2,discard,4.619458006345667,True,
anvil,25795072,10,2,acquire,842.7911670005415,True,
anvil,25795072,10,2,set_balance,144.95104100205936,True,
anvil,25795072,10,2,get_balance,4.717249990790151,True,
anvil,25795072,10,2,swap_eth_for_token,2503.8664580060868,True,
anvil,25795072,10,2,discard,4.607708993717097,True,
anvil,25795072,10,2,acquire,836.6586250049295,True,
anvil,25795072,10,2,set_balance,138.3703330066055,True,
anvil,25795072,10,2,transfer,745.5173339985777,True,
anvil,25795072,10,2,fund_token,140.87999999173917,True,
anvil,25795072,10,2,discard,4.580833003274165,True,
anvil,25795072,10,2,acquire,847.2948340058792,True,
anvil,25795072,10,2,set_balance,144.07129200117197,True,
anvil,25795072,10,2,swap_eth_for_token,2462.1090840082616,True,
anvil,25795072,10,2,swap_eth_for_token,256.25212500744965,True,
anvil,25795072,10,2,discard,4.564957998809405,True,
anvil,25795072,10,2,acquire,837.5344170053722,True,
anvil,25795072,10,2,set_balance,146.75404199806508,True,
anvil,25795072,10,2,transfer,739.6143749938346,True,
anvil,25795072,10,2,fund_token,148.96566700190306,True,
anvil,25795072,10,2,discard,4.588417010381818,True,
anvil,25795072,10,2,acquire,845.2222499909112,True,
anvil,25795072,10,2,set_balance,147.24433299852535,True,
anvil,25795072,10,2,fund_token,146.69925000634976,True,
anvil,25795072,10,2,approve,764.4792499922914,True,
anvil,25795072,10,2,discard,3.580582997528836,True,
anvil,25795072,10,2,acquire,837.6704160036752,True,
anvil,25795072,10,2,set_balance,147.4872919934569,True,
anvil,25795072,10,2,get_balance,4.019750005681999,True,
anvil,25795072,10,2,transfer,763.4479159896728,True,
anvil,25795072,10,2,discard,4.579165994073264,True,
anvil,25795072,10,2,acquire,845.1415840099799,True,
anvil,25795072,10,2,set_balance,139.36508299957495,True,
anvil,25795072,10,2,swap_eth_for_token,2451.7994999914663,True,
anvil,25795072,10,2,get_balance,2.8043750062352046,True,
anvil,25795072,10,2,discard,4.411250003613532,True,
anvil,25795072,10,2,acquire,851.6822079982376,True,
anvil,25795072,10,2,set_balance,139.20366698584985,True,
anvil,25795072,10,2,get_balance,7.9147090000333264,True,
anvil,25795072,10,2,fund_token,147.45674999721814,True,
anvil,25795072,10,2,discard,4.580167005769908,True,
anvil,25795072,10,2,acquire,840.8296249981504,True,
anvil,25795072,10,2,set_balance,141.5565420029452,True,
anvil,25795072,10,2,swap_eth_for_token,2460.660166994785,True,
anvil,25795072,10,2,fund_token,1.4415000041481107,True,
anvil,25795072,10,2,discard,3.7469999952008948,True,
anvil,25795072,10,3,acquire,900.8343750028871,True,
anvil,25795072,10,3,set_balance,151.70737500011455,True,
anvil,25795072,10,3,get_balance,28.80487500806339,True,
anvil,25795072,10,3,swap_eth_for_token,2479.6674999961397,True,
anvil,25795072,10,3,discard,5.008249994716607,True,
anvil,25795072,10,3,acquire,845.607666997239,True,
anvil,25795072,10,3,set_balance,150.60824999818578,True,
anvil,25795072,10,3,transfer,753.3164579945151,True,
anvil,25795072,10,3,fund_token,142.56629199371673,True,
anvil,25795072,10,3,discard,4.610125004546717,True,
anvil,25795072,10,3,acquire,843.0017500068061,True,
anvil,25795072,10,3,set_balance,156.1077079968527,True,
anvil,25795072,10,3,get_balance,2.156500006094575,True,
anvil,25795072,10,3,fund_token,147.30170799884945,True,
anvil,25795072,10,3,discard,4.592249999404885,True,
anvil,25795072,10,3,acquire,828.2299160055118,True,
anvil,25795072,10,3,set_balance,144.02679199702106,True,
anvil,25795072,10,3,fund_token,148.25687500706408,True,
anvil,25795072,10,3,get_balance,1.8361249967711046,True,
anvil,25795072,10,3,discard,3.6705409875139594,True,
anvil,25795072,10,3,acquire,850.8536250010366,True,
anvil,25795072,10,3,set_balance,158.9959999982966,True,
anvil,25795072,10,3,fund_token,140.2200000011362,True,
anvil,25795072,10,3,transfer,742.9934579995461,True,
anvil,25795072,10,3,discard,4.510832994128577,True,
anvil,25795072,10,3,acquire,838.4667920036009,True,
anvil,25795072,10,3,set_balance,147.1324169979198,True,
anvil,25795072,10,3,transfer,737.4677500047255,True,
anvil,25795072,10,3,transfer,496.61770899547264,True,
anvil,25795072,10,3,discard,4.594875004841015,True,
anvil,25795072,10,3,acquire,849.443708997569,True,
anvil,25795072,10,3,set_balance,163.08458299317863,True,
anvil,25795072,10,3,fund_token,147.24816700618248,True,
anvil,25795072,10,3,fund_token,1.1924999998882413,True,
anvil,25795072,10,3,discard,4.271957994205877,True,
anvil,25795072,10,3,acquire,829.6531249943655,True,
anvil,25795072,10,3,set_balance,137.96141700004227,True,
anvil,25795072,10,3,fund_token,143.4189160063397,True,
anvil,25795072,10,3,swap_eth_for_token,2202.7379580104025,True,
anvil,25795072,10,3,discard,4.542583992588334,True,
anvil,25795072,10,3,acquire,840.3187499934575,True,
anvil,25795072,10,3,set_balance,150.68874999997206,True,
anvil,25795072,10,3,transfer,741.6076660010731,True,
anvil,25795072,10,3,fund_token,143.12245899054687,True,
anvil,25795072,10,3,discard,4.635082994354889,True,
anvil,25795072,10,3,acquire,840.5494999897201,True,
anvil,25795072,10,3,set_balance,139.98541700129863,True,
anvil,25795072,10,3,swap_eth_for_token,2484.6548329951474,True,
anvil,25795072,10,3,swap_eth_for_token,267.68779099802487,True,
anvil,25795072,10,3,discard,4.552833997877315,True,
anvil,25795072,10,4,acquire,899.9722080043284,True,
anvil,25795072,10,4,set_balance,151.16608300013468,True,
anvil,25795072,10,4,get_balance,25.10870900005102,True,
anvil,25795072,10,4,transfer,771.8133750022389,True,
anvil,25795072,10,4,discard,3.7305419973563403,True,
anvil,25795072,10,4,acquire,839.1821669938508,True,
anvil,25795072,10,4,set_balance,138.5394590033684,True,
anvil,25795072,10,4,fund_token,143.31674999266397,True,
anvil,25795072,10,4,transfer,752.6329160027672,True,
anvil,25795072,10,4,discard,4.139917000429705,True,
anvil,25795072,10,4,acquire,835.5607089906698,True,
anvil,25795072,10,4,set_balance,146.79774999967776,True,
anvil,25795072,10,4,transfer,741.6917500086129,True,
anvil,25795072,10,4,swap_eth_for_token,2206.6710000071907,True,
anvil,25795072,10,4,discard,4.997165990062058,True,
anvil,25795072,10,4,acquire,846.3634170038858,True,
anvil,25795072,10,4,set_balance,144.564458008972,True,
anvil,25795072,10,4,get_balance,5.450833006761968,True,
anvil,25795072,10,4,swap_eth_for_token,2470.395083000767,True,
anvil,25795072,10,4,discard,4.57299999834504,True,
anvil,25795072,10,4,acquire,845.1758339942899,True,
anvil,25795072,10,4,set_balance,144.2971659998875,True,
anvil,25795072,10,4,transfer,759.4383329997072,True,
anvil,25795072,10,4,get_balance,2.207375000580214,True,
anvil,25795072,10,4,discard,4.072124997037463,True,
anvil,25795072,10,4,acquire,836.6901249974035,True,
anvil,25795072,10,4,set_balance,138.98037500621285,True,
anvil,25795072,10,4,swap_eth_for_token,2444.0927090035984,True,
anvil,25795072,10,4,get_balance,1.5366250008810312,True,
anvil,25795072,10,4,discard,4.548124998109415,True,
anvil,25795072,10,4,acquire,847.542000003159,True,
anvil,25795072,10,4,set_balance,138.42370800557546,True,
anvil,25795072,10,4,swap_eth_for_token,2441.8322080018697,True,
anvil,25795072,10,4,swap_eth_for_token,260.53479200345464,True,
anvil,25795072,10,4,discard,5.526207998627797,True,
anvil,25795072,10,4,acquire,840.5744579940801,True,
anvil,25795072,10,4,set_balance,141.08183300413657,True,
anvil,25795072,10,4,swap_eth_for_token,2454.836459000944,True,
anvil,25795072,10,4,get_balance,4.182040996965952,True,
anvil,25795072,10,4,discard,4.586458002449945,True,
anvil,25795072,10,4,acquire,848.295625008177,True,
anvil,25795072,10,4,set_balance,138.99604199104942,True,
anvil,25795072,10,4,get_balance,2.0240840094629675,True,
anvil,25795072,10,4,swap_eth_for_token,2490.1049999898532,True,
anvil,25795072,10,4,discard,4.584499998600222,True,
anvil,25795072,10,4,acquire,833.3547499933047,True,
anvil,25795072,10,4,set_balance,139.17179200507235,True,
anvil,25795072,10,4,swap_eth_for_token,2444.0200420067413,True,
anvil,25795072,10,4,swap_eth_for_token,268.97541600919794,True,
anvil,25795072,10,4,discard,4.26362500002142,True,
anvil,25795072,10,5,acquire,894.0978329919744,True,
anvil,25795072,10,5,set_balance,154.45537499908824,True,
anvil,25795072,10,5,swap_eth_for_token,2524.9755840050057,True,
anvil,25795072,10,5,transfer,511.1947919940576,True,
anvil,25795072,10,5,discard,4.603749999660067,True,
anvil,25795072,10,5,acquire,858.538625005167,True,
anvil,25795072,10,5,set_balance,147.19091600272804,True,
anvil,25795072,10,5,get_balance,3.4844159963540733,True,
anvil,25795072,10,5,get_balance,2.1025419991929084,True,
anvil,25795072,10,5,discard,4.5771250006509945,True,
anvil,25795072,10,5,acquire,839.6181669959333,True,
anvil,25795072,10,5,set_balance,143.60562499496154,True,
anvil,25795072,10,5,swap_eth_for_token,2506.588500007638,True,
anvil,25795072,10,5,get_balance,8.410834008827806,True,
anvil,25795072,10,5,discard,5.203166001592763,True,
anvil,25795072,10,5,acquire,825.3493749944028,True,
anvil,25795072,10,5,set_balance,144.6365839947248,True,
anvil,25795072,10,5,transfer,734.0475829987554,True,
anvil,25795072,10,5,transfer,502.80383399513084,True,
anvil,25795072,10,5,discard,4.581834000418894,True,
anvil,25795072,10,5,acquire,850.985708006192,True,
anvil,25795072,10,5,set_balance,142.62570800201502,True,
anvil,25795072,10,5,fund_token,143.77675000287127,True,
anvil,25795072,10,5,get_balance,2.2884170030010864,True,
anvil,25795072,10,5,discard,4.554541999823414,True,
anvil,25795072,10,5,acquire,834.0672080084914,True,
anvil,25795072,10,5,set_balance,146.92449998983648,True,
anvil,25795072,10,5,get_balance,2.1315830090316013,True,
anvil,25795072,10,5,get_balance,1.5008340124040842,True,
anvil,25795072,10,5,discard,4.67541599937249,True,
anvil,25795072,10,5,acquire,836.6497910028556,True,
anvil,25795072,10,5,set_balance,142.76754199818242,True,
anvil,25795072,10,5,get_balance,3.140792003250681,True,
anvil,25795072,10,5,transfer,739.7352499974659,True,
anvil,25795072,10,5,discard,4.3083750060759485,True,
anvil,25795072,10,5,acquire,846.9019580079475,True,
anvil,25795072,10,5,set_balance,148.7789579987293,True,
anvil,25795072,10,5,get_balance,9.220541003742255,True,
anvil,25795072,10,5,get_balance,1.702875000773929,True,
anvil,25795072,10,5,discard,4.566332994727418,True,
anvil,25795072,10,5,acquire,832.8640830004588,True,
anvil,25795072,10,5,set_balance,141.97645799140446,True,
anvil,25795072,10,5,swap_eth_for_token,2482.434542005649,True,
anvil,25795072,10,5,get_balance,9.636165996198542,True,
anvil,25795072,10,5,discard,4.584292008075863,True,
anvil,25795072,10,5,acquire,849.3282919953344,True,
anvil,25795072,10,5,set_balance,150.36029199836776,True,
anvil,25795072,10,5,get_balance,2.980208009830676,True,
anvil,25795072,10,5,fund_token,166.6637919988716,True,
anvil,25795072,10,5,discard,10.237707989290357,True,
anvil,25795072,10,6,acquire,890.7322080049198,True,
anvil,25795072,10,6,set_balance,149.40245798788965,True,
anvil,25795072,10,6,transfer,773.5979999997653,True,
anvil,25795072,10,6,swap_eth_for_token,2246.1676670063753,True,
anvil,25795072,10,6,discard,6.316958999377675,True,
anvil,25795072,10,6,acquire,848.9087920024758,True,
anvil,25795072,10,6,set_balance,137.87041600153316,True,
anvil,25795072,10,6,transfer,737.7970410016133,True,
anvil,25795072,10,6,fund_token,142.17150000331458,True,
anvil,25795072,10,6,discard,4.5603330072481185,True,
anvil,25795072,10,6,acquire,849.2167920048814,True,
anvil,25795072,10,6,set_balance,148.59591600543354,True,
anvil,25795072,10,6,swap_eth_for_token,2515.3070840024156,True,
anvil,25795072,10,6,swap_eth_for_token,258.74470800044946,True,
anvil,25795072,10,6,discard,4.595750011503696,True,
anvil,25795072,10,6,acquire,838.349500001641,True,
anvil,25795072,10,6,set_balance,140.15629100322258,True,
anvil,25795072,10,6,get_balance,3.105750001850538,True,
anvil,25795072,10,6,transfer,737.874540995108,True,
anvil,25795072,10,6,discard,4.561709007248282,True,
anvil,25795072,10,6,acquire,833.6207910033409,True,
anvil,25795072,10,6,set_balance,135.52812499983702,True,
anvil,25795072,10,6,swap_eth_for_token,2441.405625009793,True,
anvil,25795072,10,6,fund_token,0.9186249953927472,True,
anvil,25795072,10,6,discard,4.695583993452601,True,
anvil,25795072,10,6,acquire,856.1899159976747,True,
anvil,25795072,10,6,set_balance,139.14608300547116,True,
anvil,25795072,10,6,transfer,740.5314589996124,True,
anvil,25795072,10,6,fund_token,140.84354200167581,True,
anvil,25795072,10,6,discard,4.588041003444232,True,
anvil,25795072,10,6,acquire,822.1372499974677,True,
anvil,25795072,10,6,set_balance,141.47920900722966,True,
anvil,25795072,10,6,fund_token,142.90391700342298,True,
anvil,25795072,10,6,get_balance,4.796291992533952,True,
anvil,25795072,10,6,discard,4.612333999830298,True,
anvil,25795072,10,6,acquire,836.0899580002297,True,
anvil,25795072,10,6,set_balance,140.76749999367166,True,
anvil,25795072,10,6,transfer,748.9150420005899,True,
anvil,25795072,10,6,get_balance,1.8270000000484288,True,
anvil,25795072,10,6,discard,4.569416996673681,True,
anvil,25795072,10,6,acquire,837.358624994522,True,
anvil,25795072,10,6,set_balance,140.79133298946545,True,
anvil,25795072,10,6,fund_token,141.8611669942038,True,
anvil,25795072,10,6,approve,757.0264170062728,True,
anvil,25795072,10,6,discard,3.867209001327865,True,
anvil,25795072,10,6,acquire,839.6950409951387,True,
anvil,25795072,10,6,set_balance,157.2799580026185,True,
anvil,25795072,10,6,get_balance,3.488333008135669,True,
anvil,25795072,10,6,swap_eth_for_token,2472.7043339953525,True,
anvil,25795072,10,6,discard,4.5917920069769025,True,
anvil,25795072,10,7,acquire,867.5516249932116,True,
anvil,25795072,10,7,set_balance,165.62412500206847,True,
anvil,25795072,10,7,swap_eth_for_token,2534.226834002766,True,
anvil,25795072,10,7,fund_token,5.652125008055009,True,
anvil,25795072,10,7,discard,4.570749995764345,True,
anvil,25795072,10,7,acquire,829.4541670038598,True,
anvil,25795072,10,7,set_balance,146.76916699681897,True,
anvil,25795072,10,7,transfer,758.9884170010919,True,
anvil,25795072,10,7,swap_eth_for_token,2265.4097500053467,True,
anvil,25795072,10,7,discard,4.5592079986818135,True,
anvil,25795072,10,7,acquire,817.8757499990752,True,
anvil,25795072,10,7,set_balance,145.57645800232422,True,
anvil,25795072,10,7,get_balance,3.5637080000014976,True,
anvil,25795072,10,7,transfer,742.7877080044709,True,
anvil,25795072,10,7,discard,4.602582994266413,True,
anvil,25795072,10,7,acquire,831.706041994039,True,
anvil,25795072,10,7,set_balance,143.43920900137164,True,
anvil,25795072,10,7,fund_token,146.90837499802,True,
anvil,25795072,10,7,get_balance,2.1288749994710088,True,
anvil,25795072,10,7,discard,4.591332995914854,True,
anvil,25795072,10,7,acquire,833.1487499963259,True,
anvil,25795072,10,7,set_balance,144.30300000822172,True,
anvil,25795072,10,7,fund_token,151.77604199561756,True,
anvil,25795072,10,7,approve,757.5037499918835,True,
anvil,25795072,10,7,discard,4.557749998639338,True,
anvil,25795072,10,7,acquire,830.2960830042139,True,
anvil,25795072,10,7,set_balance,136.94795899209566,True,
anvil,25795072,10,7,transfer,740.3839170001447,True,
anvil,25795072,10,7,transfer,484.4991249992745,True,
anvil,25795072,10,7,discard,4.665540996938944,True,
anvil,25795072,10,7,acquire,837.13116699073,True,
anvil,25795072,10,7,set_balance,139.75312499678694,True,
anvil,25795072,10,7,transfer,750.0778749963501,True,
anvil,25795072,10,7,swap_eth_for_token,2212.111582994112,True,
anvil,25795072,10,7,discard,4.234915992128663,True,
anvil,25795072,10,7,acquire,834.3185000121593,True,
anvil,25795072,10,7,set_balance,145.38733400695492,True,
anvil,25795072,10,7,get_balance,2.433416011626832,True,
anvil,25795072,10,7,swap_eth_for_token,2493.5810000024503,True,
anvil,25795072,10,7,discard,4.543499991996214,True,
anvil,25795072,10,7,acquire,835.4142500029411,True,
anvil,25795072,10,7,set_balance,141.92300000286195,True,
anvil,25795072,10,7,transfer,757.7223749976838,True,
anvil,25795072,10,7,swap_eth_for_token,2237.841040987405,True,
anvil,25795072,10,7,discard,4.610916992533021,True,
anvil,25795072,10,7,acquire,850.1300829957472,True,
anvil,25795072,10,7,set_balance,145.16075000574347,True,
anvil,25795072,10,7,transfer,752.6683750038501,True,
anvil,25795072,10,7,get_balance,4.583916001138277,True,
anvil,25795072,10,7,discard,4.592541998135857,True,
anvil,25795072,10,8,acquire,874.529042004724,True,
anvil,25795072,10,8,set_balance,151.3671249995241,True,
anvil,25795072,10,8,get_balance,20.05654100503307,True,
anvil,25795072,10,8,fund_token,152.45933400001377,True,
anvil,25795072,10,8,discard,4.602792003424838,True,
anvil,25795072,10,8,acquire,835.6186659948435,True,
anvil,25795072,10,8,set_balance,139.23137499659788,True,
anvil,25795072,10,8,get_balance,4.418124997755513,True,
anvil,25795072,10,8,transfer,743.5761249944335,True,
anvil,25795072,10,8,discard,4.622207998181693,True,
anvil,25795072,10,8,acquire,883.6476249998668,True,
anvil,25795072,10,8,set_balance,140.69612500315998,True,
anvil,25795072,10,8,get_balance,4.0724159916862845,True,
anvil,25795072,10,8,fund_token,142.10733299842104,True,
anvil,25795072,10,8,discard,4.622625012416393,True,
anvil,25795072,10,8,acquire,834.324541996466,True,
anvil,25795072,10,8,set_balance,140.87129199469928,True,
anvil,25795072,10,8,fund_token,141.15479099564254,True,
anvil,25795072,10,8,fund_token,1.4107909955782816,True,
anvil,25795072,10,8,discard,4.480959003558382,True,
anvil,25795072,10,8,acquire,841.9014579994837,True,
anvil,25795072,10,8,set_balance,138.44862498808652,True,
anvil,25795072,10,8,fund_token,143.30141700338572,True,
anvil,25795072,10,8,fund_token,1.1913329944945872,True,
anvil,25795072,10,8,discard,4.702332997112535,True,
anvil,25795072,10,8,acquire,835.9151250042487,True,
anvil,25795072,10,8,set_balance,149.21562500239816,True,
anvil,25795072,10,8,fund_token,145.6594579940429,True,
anvil,25795072,10,8,transfer,757.8765000071144,True,
anvil,25795072,10,8,discard,4.611791009665467,True,
anvil,25795072,10,8,acquire,837.7189170132624,True,
anvil,25795072,10,8,set_balance,148.35291700728703,True,
anvil,25795072,10,8,fund_token,145.93729199259542,True,
anvil,25795072,10,8,fund_token,1.0222080018138513,True,
anvil,25795072,10,8,discard,4.432415997143835,True,
anvil,25795072,10,8,acquire,843.6607080075191,True,
anvil,25795072,10,8,set_balance,143.0453749926528,True,
anvil,25795072,10,8,swap_eth_for_token,2461.7175409948686,True,
anvil,25795072,10,8,transfer,495.1304580026772,True,
anvil,25795072,10,8,discard,4.587041010381654,True,
anvil,25795072,10,8,acquire,831.7803329991875,True,
anvil,25795072,10,8,set_balance,146.24600000388455,True,
anvil,25795072,10,8,fund_token,151.87587500258815,True,
anvil,25795072,10,8,transfer,726.4937910076696,True,
anvil,25795072,10,8,discard,4.5617079886142164,True,
anvil,25795072,10,8,acquire,842.5855829991633,True,
anvil,25795072,10,8,set_balance,142.45475000643637,True,
anvil,25795072,10,8,get_balance,2.0732499979203567,True,
anvil,25795072,10,8,fund_token,140.92104199517053,True,
anvil,25795072,10,8,discard,4.556375002721325,True,
anvil,25795072,10,9,acquire,855.5148330051452,True,
anvil,25795072,10,9,set_balance,149.15808399382513,True,
anvil,25795072,10,9,fund_token,148.77358300145715,True,
anvil,25795072,10,9,swap_eth_for_token,2208.667708997382,True,
anvil,25795072,10,9,discard,4.342833010014147,True,
anvil,25795072,10,9,acquire,881.93908399262,True,
anvil,25795072,10,9,set_balance,136.68691599741578,True,
anvil,25795072,10,9,get_balance,3.594416004489176,True,
anvil,25795072,10,9,swap_eth_for_token,2464.3365829979302,True,
anvil,25795072,10,9,discard,4.601041000569239,True,
anvil,25795072,10,9,acquire,850.4956249962561,True,
anvil,25795072,10,9,set_balance,138.3938329963712,True,
anvil,25795072,10,9,transfer,729.93708300055,True,
anvil,25795072,10,9,transfer,516.5959999867482,True,
anvil,25795072,10,9,discard,4.59841699921526,True,
anvil,25795072,10,9,acquire,844.8852919973433,True,
anvil,25795072,10,9,set_balance,145.82641700690147,True,
anvil,25795072,10,9,get_balance,6.609957999899052,True,
anvil,25795072,10,9,fund_token,147.6364999980433,True,
anvil,25795072,10,9,discard,4.6111660049064085,True,
anvil,25795072,10,9,acquire,843.3437499916181,True,
anvil,25795072,10,9,set_balance,144.67475000128616,True,
anvil,25795072,10,9,get_balance,1.664957992034033,True,
anvil,25795072,10,9,transfer,744.5144999946933,True,
anvil,25795072,10,9,discard,4.439374999492429,True,
anvil,25795072,10,9,acquire,838.8138339942088,True,
anvil,25795072,10,9,set_balance,140.16749999427702,True,
anvil,25795072,10,9,get_balance,2.969166002003476,True,
anvil,25795072,10,9,fund_token,142.5445830100216,True,
anvil,25795072,10,9,discard,4.585874994518235,True,
anvil,25795072,10,9,acquire,839.132957989932,True,
anvil,25795072,10,9,set_balance,141.92391598771792,True,
anvil,25795072,10,9,swap_eth_for_token,2449.3825000099605,True,
anvil,25795072,10,9,get_balance,2.3594590020366013,True,
anvil,25795072,10,9,discard,4.5854999916628,True,
anvil,25795072,10,9,acquire,836.4520830073161,True,
anvil,25795072,10,9,set_balance,140.2407500136178,True,
anvil,25795072,10,9,transfer,754.6133330033626,True,
anvil,25795072,10,9,get_balance,1.910040999064222,True,
anvil,25795072,10,9,discard,4.5982919982634485,True,
anvil,25795072,10,9,acquire,849.7187909961212,True,
anvil,25795072,10,9,set_balance,146.39091699791607,True,
anvil,25795072,10,9,swap_eth_for_token,2473.736333005945,True,
anvil,25795072,10,9,transfer,498.3601670101052,True,
anvil,25795072,10,9,discard,4.573749989503995,True,
anvil,25795072,10,9,acquire,838.5857920075068,True,
anvil,25795072,10,9,set_balance,145.161124994047,True,
anvil,25795072,10,9,transfer,749.3182089965558,True,
anvil,25795072,10,9,transfer,506.73195799754467,True,
anvil,25795072,10,9,discard,4.158666997682303,True,
anvil,25795072,10,-1,__total__,30838.274833004107,True,
forkyard,25795072,25,0,acquire,9.196958009852096,True,
forkyard,25795072,25,0,set_balance,520.3646250010934,True,
forkyard,25795072,25,0,fund_token,416.1995839967858,True,
forkyard,25795072,25,0,transfer,250.125291000586,True,
forkyard,25795072,25,0,discard,1878.003334000823,True,
forkyard,25795072,25,0,acquire,272.8277499991236,True,
forkyard,25795072,25,0,set_balance,435.99916700623,True,
forkyard,25795072,25,0,fund_token,9.161624999251217,True,
forkyard,25795072,25,0,swap_eth_for_token,157.16920800332446,True,
forkyard,25795072,25,0,discard,138.90450001053978,True,
forkyard,25795072,25,0,acquire,141.31999999517575,True,
forkyard,25795072,25,0,set_balance,442.1927079965826,True,
forkyard,25795072,25,0,swap_eth_for_token,304.52074999629986,True,
forkyard,25795072,25,0,get_balance,419.87316599988844,True,
forkyard,25795072,25,0,discard,139.09933299873956,True,
forkyard,25795072,25,0,acquire,470.02470899315085,True,
forkyard,25795072,25,0,set_balance,843.3424160029972,True,
forkyard,25795072,25,0,get_balance,581.7019579990301,True,
forkyard,25795072,25,0,swap_eth_for_token,1350.567957997555,True,
forkyard,25795072,25,0,discard,398.0582090007374,True,
forkyard,25795072,25,0,acquire,364.31949998950586,True,
forkyard,25795072,25,0,set_balance,437.47016601264477,True,
forkyard,25795072,25,0,swap_eth_for_token,447.4060840002494,True,
forkyard,25795072,25,0,transfer,723.5884159890702,True,
forkyard,25795072,25,0,discard,284.98654199938755,True,
forkyard,25795072,25,0,acquire,140.87445900077,True,
forkyard,25795072,25,0,set_balance,690.9348750050412,True,
forkyard,25795072,25,0,fund_token,11.357165989466012,True,
forkyard,25795072,25,0,swap_eth_for_token,446.07562499004416,True,
forkyard,25795072,25,0,discard,283.4604999952717,True,
forkyard,25795072,25,0,acquire,597.1070000086911,True,
forkyard,25795072,25,0,set_balance,691.3087910070317,True,
forkyard,25795072,25,0,swap_eth_for_token,971.6317919956055,True,
forkyard,25795072,25,0,fund_token,409.771541992086,True,
forkyard,25795072,25,0,discard,694.2102500033798,True,
forkyard,25795072,25,0,acquire,420.48179199628066,True,
forkyard,25795072,25,0,set_balance,955.7003329973668,True,
forkyard,25795072,25,0,swap_eth_for_token,551.3119999959599,True,
forkyard,25795072,25,0,transfer,422.6812080014497,True,
forkyard,25795072,25,0,discard,8.503416000166908,True,
forkyard,25795072,25,0,acquire,2.7847499877680093,True,
forkyard,25795072,25,0,set_balance,149.79904200299643,True,
forkyard,25795072,25,0,fund_token,1.0429999965708703,True,
forkyard,25795072,25,0,approve,147.49529199616518,True,
forkyard,25795072,25,0,discard,1.574124995386228,True,
forkyard,25795072,25,0,acquire,132.05641698732506,True,
forkyard,25795072,25,0,set_balance,301.75191700982396,True,
forkyard,25795072,25,0,get_balance,6.669000009424053,True,
forkyard,25795072,25,0,transfer,173.043749993667,True,
forkyard,25795072,25,0,discard,14.170666996506043,True,
forkyard,25795072,25,1,acquire,10.160499994526617,True,
forkyard,25795072,25,1,set_balance,623.3499579975614,True,
forkyard,25795072,25,1,get_balance,553.956832998665,True,
forkyard,25795072,25,1,swap_eth_for_token,2296.7500000086147,True,
forkyard,25795072,25,1,discard,561.3893339905189,True,
forkyard,25795072,25,1,acquire,49.65233399707358,True,
forkyard,25795072,25,1,set_balance,304.4487500010291,True,
forkyard,25795072,25,1,fund_token,8.88279199716635,True,
forkyard,25795072,25,1,fund_token,279.35579100449104,True,
forkyard,25795072,25,1,discard,12.892333004856482,True,
forkyard,25795072,25,1,acquire,387.12920898979064,True,
forkyard,25795072,25,1,set_balance,568.6744580016239,True,
forkyard,25795072,25,1,get_balance,154.8199169919826,True,
forkyard,25795072,25,1,fund_token,277.5578340078937,True,
forkyard,25795072,25,1,discard,13.722916002734564,True,
forkyard,25795072,25,1,acquire,40.743708013906144,True,
forkyard,25795072,25,1,set_balance,302.97216698818374,True,
forkyard,25795072,25,1,fund_token,7.375999994110316,True,
forkyard,25795072,25,1,approve,289.90012500435114,True,
forkyard,25795072,25,1,discard,142.51341699855402,True,
forkyard,25795072,25,1,acquire,207.27316600095946,True,
forkyard,25795072,25,1,set_balance,421.24937499465887,True,
forkyard,25795072,25,1,swap_eth_for_token,299.72516700217966,True,
forkyard,25795072,25,1,transfer,279.52183299930766,True,
forkyard,25795072,25,1,discard,398.91941599489655,True,
forkyard,25795072,25,1,acquire,160.20545799983665,True,
forkyard,25795072,25,1,set_balance,426.7767499986803,True,
forkyard,25795072,25,1,transfer,442.0963330048835,True,
forkyard,25795072,25,1,transfer,408.03399999276735,True,
forkyard,25795072,25,1,discard,136.51837498764507,True,
forkyard,25795072,25,1,acquire,135.13750000856817,True,
forkyard,25795072,25,1,set_balance,420.7331249926938,True,
forkyard,25795072,25,1,fund_token,135.63233299646527,True,
forkyard,25795072,25,1,fund_token,8.754292008234188,True,
forkyard,25795072,25,1,discard,142.9234590032138,True,
forkyard,25795072,25,1,acquire,195.6718750006985,True,
forkyard,25795072,25,1,set_balance,570.6830829876708,True,
forkyard,25795072,25,1,get_balance,563.0565839965129,True,
forkyard,25795072,25,1,fund_token,147.10695800022222,True,
forkyard,25795072,25,1,discard,286.1775000055786,True,
forkyard,25795072,25,1,acquire,335.1255419984227,True,
forkyard,25795072,25,1,set_balance,1106.386500003282,True,
forkyard,25795072,25,1,swap_eth_for_token,569.7542499983683,True,
forkyard,25795072,25,1,get_balance,1096.2679169897456,True,
forkyard,25795072,25,1,discard,553.9543339982629,True,
forkyard,25795072,25,1,acquire,258.6007909994805,True,
forkyard,25795072,25,1,set_balance,147.05004199640825,True,
forkyard,25795072,25,1,swap_eth_for_token,169.49250000470784,True,
forkyard,25795072,25,1,fund_token,1.8246660038130358,True,
forkyard,25795072,25,1,discard,2.0504169951891527,True,
forkyard,25795072,25,2,acquire,12.708834008662961,True,
forkyard,25795072,25,2,set_balance,1028.08408299461,True,
forkyard,25795072,25,2,transfer,191.74591699265875,True,
forkyard,25795072,25,2,transfer,2102.1036250022007,True,
forkyard,25795072,25,2,discard,141.21420799347106,True,
forkyard,25795072,25,2,acquire,535.6436659931205,True,
forkyard,25795072,25,2,set_balance,860.7295830006478,True,
forkyard,25795072,25,2,get_balance,694.6546669933014,True,
forkyard,25795072,25,2,swap_eth_for_token,846.5700829983689,True,
forkyard,25795072,25,2,discard,262.1451659942977,True,
forkyard,25795072,25,2,acquire,715.3860409889603,True,
forkyard,25795072,25,2,set_balance,1317.5515420007287,True,
forkyard,25795072,25,2,transfer,556.1447500076611,True,
forkyard,25795072,25,2,fund_token,265.5929580068914,True,
forkyard,25795072,25,2,discard,135.36295799713116,True,
forkyard,25795072,25,2,acquire,260.07908399333246,True,
forkyard,25795072,25,2,set_balance,426.68629200488795,True,
forkyard,25795072,25,2,swap_eth_for_token,578.0935829970986,True,
forkyard,25795072,25,2,swap_eth_for_token,161.79483399901073,True,
forkyard,25795072,25,2,discard,285.85179199581034,True,
forkyard,25795072,25,2,acquire,504.52770800620783,True,
forkyard,25795072,25,2,set_balance,968.2096670003375,True,
forkyard,25795072,25,2,transfer,701.971707996563,True,
forkyard,25795072,25,2,fund_token,262.59291599853896,True,
forkyard,25795072,25,2,discard,420.24824999680277,True,
forkyard,25795072,25,2,acquire,127.64683298883028,True,
forkyard,25795072,25,2,set_balance,417.097042009118,True,
forkyard,25795072,25,2,fund_token,12.646582996239886,True,
forkyard,25795072,25,2,approve,565.7199160050368,True,
forkyard,25795072,25,2,discard,151.12566600146238,True,
forkyard,25795072,25,2,acquire,65.00124999729451,True,
forkyard,25795072,25,2,set_balance,145.47124999808148,True,
forkyard,25795072,25,2,get_balance,7.752416990115307,True,
forkyard,25795072,25,2,transfer,286.152333006612,True,
forkyard,25795072,25,2,discard,4.742208999232389,True,
forkyard,25795072,25,2,acquire,67.20854100422002,True,
forkyard,25795072,25,2,set_balance,148.35916600713972,True,
forkyard,25795072,25,2,swap_eth_for_token,311.41916700289585,True,
forkyard,25795072,25,2,get_balance,144.26395800546743,True,
forkyard,25795072,25,2,discard,18.182208004873246,True,
forkyard,25795072,25,2,acquire,42.47445800865535,True,
forkyard,25795072,25,2,set_balance,141.28049999999348,True,
forkyard,25795072,25,2,get_balance,2.6732079859357327,True,
forkyard,25795072,25,2,fund_token,0.9297499927924946,True,
forkyard,25795072,25,2,discard,0.8173750102287158,True,
forkyard,25795072,25,2,acquire,1.5954999980749562,True,
forkyard,25795072,25,2,set_balance,143.06341600604355,True,
forkyard,25795072,25,2,swap_eth_for_token,161.14320899941958,True,
forkyard,25795072,25,2,fund_token,1.058374997228384,True,
forkyard,25795072,25,2,discard,0.9901669982355088,True,
forkyard,25795072,25,3,acquire,9.360208990983665,True,
forkyard,25795072,25,3,set_balance,860.2942910074489,True,
forkyard,25795072,25,3,get_balance,34.81116599868983,True,
forkyard,25795072,25,3,swap_eth_for_token,2142.9411669960245,True,
forkyard,25795072,25,3,discard,265.69724999717437,True,
forkyard,25795072,25,3,acquire,16.810750006698072,True,
forkyard,25795072,25,3,set_balance,287.02195899677463,True,
forkyard,25795072,25,3,transfer,427.993958001025,True,
forkyard,25795072,25,3,fund_token,4.466708007385023,True,
forkyard,25795072,25,3,discard,142.1066670009168,True,
forkyard,25795072,25,3,acquire,534.1845840011956,True,
forkyard,25795072,25,3,set_balance,821.5340840106364,True,
forkyard,25795072,25,3,get_balance,830.7347499940079,True,
forkyard,25795072,25,3,fund_token,139.00741598627064,True,
forkyard,25795072,25,3,discard,288.4478339983616,True,
forkyard,25795072,25,3,acquire,186.55112499254756,True,
forkyard,25795072,25,3,set_balance,561.6826670011505,True,
forkyard,25795072,25,3,fund_token,7.150834004278295,True,
forkyard,25795072,25,3,get_balance,295.31070799566805,True,
forkyard,25795072,25,3,discard,11.12137500604149,True,
forkyard,25795072,25,3,acquire,152.16887499263976,True,
forkyard,25795072,25,3,set_balance,425.3312910004752,True,
forkyard,25795072,25,3,fund_token,14.597000001231208,True,
forkyard,25795072,25,3,transfer,284.9320829991484,True,
forkyard,25795072,25,3,discard,145.43612500710879,True,
forkyard,25795072,25,3,acquire,145.55137499701232,True,
forkyard,25795072,25,3,set_balance,306.18437500379514,True,
forkyard,25795072,25,3,transfer,278.5999579937197,True,
forkyard,25795072,25,3,transfer,422.2330000047805,True,
forkyard,25795072,25,3,discard,137.14483300282154,True,
forkyard,25795072,25,3,acquire,147.4385410110699,True,
forkyard,25795072,25,3,set_balance,715.6126660120208,True,
forkyard,25795072,25,3,fund_token,14.46662499802187,True,
forkyard,25795072,25,3,fund_token,288.09466600068845,True,
forkyard,25795072,25,3,discard,139.28037499135826,True,
forkyard,25795072,25,3,acquire,136.06333298957907,True,
forkyard,25795072,25,3,set_balance,557.72695800988,True,
forkyard,25795072,25,3,fund_token,144.00754199596122,True,
forkyard,25795072,25,3,swap_eth_for_token,318.19737498881295,True,
forkyard,25795072,25,3,discard,128.80941601179074,True,
forkyard,25795072,25,3,acquire,148.3824589959113,True,
forkyard,25795072,25,3,set_balance,418.929332998232,True,
forkyard,25795072,25,3,transfer,410.0422080082353,True,
forkyard,25795072,25,3,fund_token,133.78287499654107,True,
forkyard,25795072,25,3,discard,23.602707995451055,True,
forkyard,25795072,25,3,acquire,298.48254199896473,True,
forkyard,25795072,25,3,set_balance,1230.0794170005247,True,
forkyard,25795072,25,3,swap_eth_for_token,841.991749999579,True,
forkyard,25795072,25,3,swap_eth_for_token,555.8282499987399,True,
forkyard,25795072,25,3,discard,678.4464999946067,True,
forkyard,25795072,25,4,acquire,11.677125003188848,True,
forkyard,25795072,25,4,set_balance,619.1905830055475,True,
forkyard,25795072,25,4,get_balance,444.1518750099931,True,
forkyard,25795072,25,4,transfer,2125.015708996216,True,
forkyard,25795072,25,4,discard,139.65316698886454,True,
forkyard,25795072,25,4,acquire,560.0610419933219,True,
forkyard,25795072,25,4,set_balance,860.6452919921139,True,
forkyard,25795072,25,4,fund_token,134.75458399625495,True,
forkyard,25795072,25,4,transfer,694.0944999951171,True,
forkyard,25795072,25,4,discard,538.5255420114845,True,
forkyard,25795072,25,4,acquire,26.44541701010894,True,
forkyard,25795072,25,4,set_balance,285.5912079976406,True,
forkyard,25795072,25,4,transfer,424.80958299711347,True,
forkyard,25795072,25,4,swap_eth_for_token,276.4724159933394,True,
forkyard,25795072,25,4,discard,437.9701670113718,True,
forkyard,25795072,25,4,acquire,334.3488329992397,True,
forkyard,25795072,25,4,set_balance,543.5329169995384,True,
forkyard,25795072,25,4,get_balance,160.317167014,True,
forkyard,25795072,25,4,swap_eth_for_token,459.1292080003768,True,
forkyard,25795072,25,4,discard,18.90616599121131,True,
forkyard,25795072,25,4,acquire,150.66962499986403,True,
forkyard,25795072,25,4,set_balance,563.214624999091,True,
forkyard,25795072,25,4,transfer,439.4818330038106,True,
forkyard,25795072,25,4,get_balance,296.1976670048898,True,
forkyard,25795072,25,4,discard,284.7136250056792,True,
forkyard,25795072,25,4,acquire,519.4329579971964,True,
forkyard,25795072,25,4,set_balance,834.821333992295,True,
forkyard,25795072,25,4,swap_eth_for_token,704.3079170107376,True,
forkyard,25795072,25,4,get_balance,823.0079589993693,True,
forkyard,25795072,25,4,discard,412.9307919938583,True,
forkyard,25795072,25,4,acquire,44.535916997119784,True,
forkyard,25795072,25,4,set_balance,291.245667001931,True,
forkyard,25795072,25,4,swap_eth_for_token,294.5174160122406,True,
forkyard,25795072,25,4,swap_eth_for_token,144.93262500036508,True,
forkyard,25795072,25,4,discard,137.95391700114124,True,
forkyard,25795072,25,4,acquire,4.040999992867,True,
forkyard,25795072,25,4,set_balance,281.04450000682846,True,
forkyard,25795072,25,4,swap_eth_for_token,155.635249990155,True,
forkyard,25795072,25,4,get_balance,142.26500000222586,True,
forkyard,25795072,25,4,discard,144.1543749970151,True,
forkyard,25795072,25,4,acquire,209.00308300042525,True,
forkyard,25795072,25,4,set_balance,156.60795899748337,True,
forkyard,25795072,25,4,get_balance,154.37270799884573,True,
forkyard,25795072,25,4,swap_eth_for_token,171.0461249895161,True,
forkyard,25795072,25,4,discard,132.7017080038786,True,
forkyard,25795072,25,4,acquire,9.642042001360096,True,
forkyard,25795072,25,4,set_balance,144.3528329982655,True,
forkyard,25795072,25,4,swap_eth_for_token,168.21604200231377,True,
forkyard,25795072,25,4,swap_eth_for_token,14.108999996096827,True,
forkyard,25795072,25,4,discard,0.8027090079849586,True,
forkyard,25795072,25,5,acquire,12.331000005360693,True,
forkyard,25795072,25,5,set_balance,857.169499999145,True,
forkyard,25795072,25,5,swap_eth_for_token,2179.5620000048075,True,
forkyard,25795072,25,5,transfer,676.6267499915557,True,
forkyard,25795072,25,5,discard,405.5549170006998,True,
forkyard,25795072,25,5,acquire,224.2027079919353,True,
forkyard,25795072,25,5,set_balance,290.41791601048317,True,
forkyard,25795072,25,5,get_balance,21.14883399917744,True,
forkyard,25795072,25,5,get_balance,147.84766700176988,True,
forkyard,25795072,25,5,discard,8.362749998923391,True,
forkyard,25795072,25,5,acquire,216.58816600393038,True,
forkyard,25795072,25,5,set_balance,563.1678749923594,True,
forkyard,25795072,25,5,swap_eth_for_token,292.47287499310914,True,
forkyard,25795072,25,5,get_balance,147.86266601004172,True,
forkyard,25795072,25,5,discard,6.8424589990172535,True,
forkyard,25795072,25,5,acquire,465.3672499989625,True,
forkyard,25795072,25,5,set_balance,849.7963330009952,True,
forkyard,25795072,25,5,transfer,756.8745000025956,True,
forkyard,25795072,25,5,transfer,722.147499996936,True,
forkyard,25795072,25,5,discard,541.3768329890445,True,
forkyard,25795072,25,5,acquire,379.83370799338445,True,
forkyard,25795072,25,5,set_balance,408.74133400211576,True,
forkyard,25795072,25,5,fund_token,135.36466599907726,True,
forkyard,25795072,25,5,get_balance,291.58775000541937,True,
forkyard,25795072,25,5,discard,134.99249999586027,True,
forkyard,25795072,25,5,acquire,341.13058300863486,True,
forkyard,25795072,25,5,set_balance,435.9598330047447,True,
forkyard,25795072,25,5,get_balance,559.3665839987807,True,
forkyard,25795072,25,5,get_balance,280.98766700713895,True,
forkyard,25795072,25,5,discard,6.893500001751818,True,
forkyard,25795072,25,5,acquire,26.131334001547657,True,
forkyard,25795072,25,5,set_balance,148.12745900417212,True,
forkyard,25795072,25,5,get_balance,7.733666992862709,True,
forkyard,25795072,25,5,transfer,432.3937500012107,True,
forkyard,25795072,25,5,discard,134.44554099987727,True,
forkyard,25795072,25,5,acquire,404.0161250013625,True,
forkyard,25795072,25,5,set_balance,409.00516699184664,True,
forkyard,25795072,25,5,get_balance,28.063499994459562,True,
forkyard,25795072,25,5,get_balance,418.7043749989243,True,
forkyard,25795072,25,5,discard,12.20512499276083,True,
forkyard,25795072,25,5,acquire,821.084458992118,True,
forkyard,25795072,25,5,set_balance,1107.116250001127,True,
forkyard,25795072,25,5,swap_eth_for_token,561.4137090014992,True,
forkyard,25795072,25,5,get_balance,820.6926669954555,True,
forkyard,25795072,25,5,discard,132.08104099612683,True,
forkyard,25795072,25,5,acquire,7.492208998883143,True,
forkyard,25795072,25,5,set_balance,148.5657080047531,True,
forkyard,25795072,25,5,get_balance,1.973458012798801,True,
forkyard,25795072,25,5,fund_token,0.6689160072710365,True,
forkyard,25795072,25,5,discard,0.6348329916363582,True,
forkyard,25795072,25,6,acquire,39.26279100414831,True,
forkyard,25795072,25,6,set_balance,754.0477919974364,True,
forkyard,25795072,25,6,transfer,424.5779579941882,True,
forkyard,25795072,25,6,swap_eth_for_token,2439.5544169965433,True,
forkyard,25795072,25,6,discard,544.0865839918843,True,
forkyard,25795072,25,6,acquire,166.16475000046194,True,
forkyard,25795072,25,6,set_balance,739.1119999956572,True,
forkyard,25795072,25,6,transfer,573.462832995574,True,
forkyard,25795072,25,6,fund_token,148.0031249957392,True,
forkyard,25795072,25,6,discard,274.6741250011837,True,
forkyard,25795072,25,6,acquire,88.48374999070074,True,
forkyard,25795072,25,6,set_balance,284.6600829943782,True,
forkyard,25795072,25,6,swap_eth_for_token,296.75545799545944,True,
forkyard,25795072,25,6,swap_eth_for_token,292.27220799657516,True,
forkyard,25795072,25,6,discard,274.62833300523926,True,
forkyard,25795072,25,6,acquire,287.97108300204854,True,
forkyard,25795072,25,6,set_balance,294.0296250017127,True,
forkyard,25795072,25,6,get_balance,161.01962501124945,True,
forkyard,25795072,25,6,transfer,288.2289160043001,True,
forkyard,25795072,25,6,discard,141.48575000581332,True,
forkyard,25795072,25,6,acquire,399.85858400177676,True,
forkyard,25795072,25,6,set_balance,816.2824169994565,True,
forkyard,25795072,25,6,swap_eth_for_token,579.0629999974044,True,
forkyard,25795072,25,6,fund_token,250.46170900168363,True,
forkyard,25795072,25,6,discard,692.2347080108011,True,
forkyard,25795072,25,6,acquire,338.8016249955399,True,
forkyard,25795072,25,6,set_balance,691.7581250017975,True,
forkyard,25795072,25,6,transfer,297.7717910107458,True,
forkyard,25795072,25,6,fund_token,140.2298329921905,True,
forkyard,25795072,25,6,discard,160.59362499800045,True,
forkyard,25795072,25,6,acquire,263.2599589996971,True,
forkyard,25795072,25,6,set_balance,556.2914999900386,True,
forkyard,25795072,25,6,fund_token,8.230708990595303,True,
forkyard,25795072,25,6,get_balance,283.31329199136235,True,
forkyard,25795072,25,6,discard,7.362165997619741,True,
forkyard,25795072,25,6,acquire,60.649709004792385,True,
forkyard,25795072,25,6,set_balance,151.70599998964462,True,
forkyard,25795072,25,6,transfer,296.00733300321735,True,
forkyard,25795072,25,6,get_balance,278.7224170024274,True,
forkyard,25795072,25,6,discard,11.164791998453438,True,
forkyard,25795072,25,6,acquire,71.62766600959003,True,
forkyard,25795072,25,6,set_balance,556.5338750020601,True,
forkyard,25795072,25,6,fund_token,14.433542004553601,True,
forkyard,25795072,25,6,approve,290.04554101265967,True,
forkyard,25795072,25,6,discard,134.66437500028405,True,
forkyard,25795072,25,6,acquire,646.6037500067614,True,
forkyard,25795072,25,6,set_balance,1096.0123330005445,True,
forkyard,25795072,25,6,get_balance,275.565000003553,True,
forkyard,25795072,25,6,swap_eth_for_token,555.9439589997055,True,
forkyard,25795072,25,6,discard,272.89375000691507,True,
forkyard,25795072,25,7,acquire,10.295625004800968,True,
forkyard,25795072,25,7,set_balance,900.5337499984307,True,
forkyard,25795072,25,7,swap_eth_for_token,2146.8504590011435,True,
forkyard,25795072,25,7,fund_token,280.38120800920296,True,
forkyard,25795072,25,7,discard,7.181499997386709,True,
forkyard,25795072,25,7,acquire,256.67758399504237,True,
forkyard,25795072,25,7,set_balance,415.6863340031123,True,
forkyard,25795072,25,7,transfer,285.5699580104556,True,
forkyard,25795072,25,7,swap_eth_for_token,603.8179999886779,True,
forkyard,25795072,25,7,discard,133.89762499718927,True,
forkyard,25795072,25,7,acquire,211.89241598767694,True,
forkyard,25795072,25,7,set_balance,282.53920799761545,True,
forkyard,25795072,25,7,get_balance,11.571458002435975,True,
forkyard,25795072,25,7,transfer,293.72741701081395,True,
forkyard,25795072,25,7,discard,137.03908400202636,True,
forkyard,25795072,25,7,acquire,537.3308749985881,True,
forkyard,25795072,25,7,set_balance,852.159208006924,True,
forkyard,25795072,25,7,fund_token,14.213041999028064,True,
forkyard,25795072,25,7,get_balance,617.4465420044726,True,
forkyard,25795072,25,7,discard,712.406207996537,True,
forkyard,25795072,25,7,acquire,327.97491700330283,True,
forkyard,25795072,25,7,set_balance,584.2600830073934,True,
forkyard,25795072,25,7,fund_token,277.3622919921763,True,
forkyard,25795072,25,7,approve,281.9387080089655,True,
forkyard,25795072,25,7,discard,277.0828750071814,True,
forkyard,25795072,25,7,acquire,723.5472920001484,True,
forkyard,25795072,25,7,set_balance,976.8103330134181,True,
forkyard,25795072,25,7,transfer,544.1594169969903,True,
forkyard,25795072,25,7,transfer,419.43899999023415,True,
forkyard,25795072,25,7,discard,550.5592499976046,True,
forkyard,25795072,25,7,acquire,416.97116699651815,True,
forkyard,25795072,25,7,set_balance,1095.682165992912,True,
forkyard,25795072,25,7,transfer,558.6744169995654,True,
forkyard,25795072,25,7,swap_eth_for_token,696.8253750092117,True,
forkyard,25795072,25,7,discard,551.3657499977853,True,
forkyard,25795072,25,7,acquire,546.2685840029735,True,
forkyard,25795072,25,7,set_balance,679.7859590005828,True,
forkyard,25795072,25,7,get_balance,415.3150420024758,True,
forkyard,25795072,25,7,swap_eth_for_token,314.964791003149,True,
forkyard,25795072,25,7,discard,1.7661670135566965,True,
forkyard,25795072,25,7,acquire,8.85720799851697,True,
forkyard,25795072,25,7,set_balance,140.64395800232887,True,
forkyard,25795072,25,7,transfer,165.16341699752957,True,
forkyard,25795072,25,7,swap_eth_for_token,158.426750000217,True,
forkyard,25795072,25,7,discard,0.8616670093033463,True,
forkyard,25795072,25,7,acquire,1.3004579959670082,True,
forkyard,25795072,25,7,set_balance,145.57191700441763,True,
forkyard,25795072,25,7,transfer,163.54679100913927,True,
forkyard,25795072,25,7,get_balance,4.431416993611492,True,
forkyard,25795072,25,7,discard,1.6703750006854534,True,
forkyard,25795072,25,8,acquire,39.75508300936781,True,
forkyard,25795072,25,8,set_balance,1018.7868339999113,True,
forkyard,25795072,25,8,get_balance,15.831832992262207,True,
forkyard,25795072,25,8,fund_token,6.172124994918704,True,
forkyard,25795072,25,8,discard,6.848750010249205,True,
forkyard,25795072,25,8,acquire,2250.6140829937067,True,
forkyard,25795072,25,8,set_balance,1105.6959169945912,True,
forkyard,25795072,25,8,get_balance,457.26950000971556,True,
forkyard,25795072,25,8,transfer,546.4281669992488,True,
forkyard,25795072,25,8,discard,547.1459999971557,True,
forkyard,25795072,25,8,acquire,134.99112499994226,True,
forkyard,25795072,25,8,set_balance,299.5927500014659,True,
forkyard,25795072,25,8,get_balance,147.1677079971414,True,
forkyard,25795072,25,8,fund_token,139.65687500603963,True,
forkyard,25795072,25,8,discard,9.724999996251427,True,
forkyard,25795072,25,8,acquire,292.5787499989383,True,
forkyard,25795072,25,8,set_balance,567.5039580091834,True,
forkyard,25795072,25,8,fund_token,6.777625007089227,True,
forkyard,25795072,25,8,fund_token,297.30170901166275,True,
forkyard,25795072,25,8,discard,11.65854099963326,True,
forkyard,25795072,25,8,acquire,838.5303750110324,True,
forkyard,25795072,25,8,set_balance,814.2905420099851,True,
forkyard,25795072,25,8,fund_token,133.43170798907522,True,
forkyard,25795072,25,8,fund_token,419.8754579992965,True,
forkyard,25795072,25,8,discard,142.0537499943748,True,
forkyard,25795072,25,8,acquire,131.4194580045296,True,
forkyard,25795072,25,8,set_balance,1100.8172500005458,True,
forkyard,25795072,25,8,fund_token,419.62945900741033,True,
forkyard,25795072,25,8,transfer,558.6399589956272,True,
forkyard,25795072,25,8,discard,541.0496669937856,True,
forkyard,25795072,25,8,acquire,227.8840829967521,True,
forkyard,25795072,25,8,set_balance,416.44787498808,True,
forkyard,25795072,25,8,fund_token,9.19758300005924,True,
forkyard,25795072,25,8,fund_token,140.993332999642,True,
forkyard,25795072,25,8,discard,140.59458300471306,True,
forkyard,25795072,25,8,acquire,321.52162499551196,True,
forkyard,25795072,25,8,set_balance,1227.236750011798,True,
forkyard,25795072,25,8,swap_eth_for_token,700.3185000066878,True,
forkyard,25795072,25,8,transfer,560.7937919994583,True,
forkyard,25795072,25,8,discard,674.9525830091443,True,
forkyard,25795072,25,8,acquire,6.0430829908000305,True,
forkyard,25795072,25,8,set_balance,141.65091700851917,True,
forkyard,25795072,25,8,fund_token,1.296791000640951,True,
forkyard,25795072,25,8,transfer,156.95008300826885,True,
forkyard,25795072,25,8,discard,0.7175419887062162,True,
forkyard,25795072,25,8,acquire,509.6905840036925,True,
forkyard,25795072,25,8,set_balance,410.73266699095257,True,
forkyard,25795072,25,8,get_balance,26.093166990904137,True,
forkyard,25795072,25,8,fund_token,139.54045900027268,True,
forkyard,25795072,25,8,discard,138.39891699899454,True,
forkyard,25795072,25,9,acquire,42.7456670004176,True,
forkyard,25795072,25,9,set_balance,642.3957500082906,True,
forkyard,25795072,25,9,fund_token,285.4102089913795,True,
forkyard,25795072,25,9,swap_eth_for_token,2143.252334004501,True,
forkyard,25795072,25,9,discard,147.8361670015147,True,
forkyard,25795072,25,9,acquire,255.42541699542198,True,
forkyard,25795072,25,9,set_balance,557.2958340053447,True,
forkyard,25795072,25,9,get_balance,150.5972919985652,True,
forkyard,25795072,25,9,swap_eth_for_token,281.63812500133645,True,
forkyard,25795072,25,9,discard,468.55962500558235,True,
forkyard,25795072,25,9,acquire,651.626374994521,True,
forkyard,25795072,25,9,set_balance,964.7751250013243,True,
forkyard,25795072,25,9,transfer,870.0365419936134,True,
forkyard,25795072,25,9,transfer,884.067833001609,True,
forkyard,25795072,25,9,discard,572.2734160081018,True,
forkyard,25795072,25,9,acquire,194.0479589975439,True,
forkyard,25795072,25,9,set_balance,428.4789169905707,True,
forkyard,25795072,25,9,get_balance,164.93912499572616,True,
forkyard,25795072,25,9,fund_token,277.57566700165626,True,
forkyard,25795072,25,9,discard,143.7033749971306,True,
forkyard,25795072,25,9,acquire,291.57950000080746,True,
forkyard,25795072,25,9,set_balance,710.9488749993034,True,
forkyard,25795072,25,9,get_balance,302.358250002726,True,
forkyard,25795072,25,9,transfer,276.03995900426526,True,
forkyard,25795072,25,9,discard,419.1148749960121,True,
forkyard,25795072,25,9,acquire,142.78391700645443,True,
forkyard,25795072,25,9,set_balance,434.99008400249295,True,
forkyard,25795072,25,9,get_balance,304.16337499627843,True,
forkyard,25795072,25,9,fund_token,12.504040991188958,True,
forkyard,25795072,25,9,discard,139.6764160017483,True,
forkyard,25795072,25,9,acquire,575.4242499970132,True,
forkyard,25795072,25,9,set_balance,969.1971669963095,True,
forkyard,25795072,25,9,swap_eth_for_token,840.551958011929,True,
forkyard,25795072,25,9,get_balance,1104.4631670083618,True,
forkyard,25795072,25,9,discard,549.4055840099463,True,
forkyard,25795072,25,9,acquire,12.321292000706308,True,
forkyard,25795072,25,9,set_balance,140.6484999897657,True,
forkyard,25795072,25,9,transfer,147.69437500217464,True,
forkyard,25795072,25,9,get_balance,3.1329589983215556,True,
forkyard,25795072,25,9,discard,1.2052920064888895,True,
forkyard,25795072,25,9,acquire,2.138832991477102,True,
forkyard,25795072,25,9,set_balance,145.45462500245776,True,
forkyard,25795072,25,9,swap_eth_for_token,155.55116599716712,True,
forkyard,25795072,25,9,transfer,151.23154100729153,True,
forkyard,25795072,25,9,discard,1.3431249972200021,True,
forkyard,25795072,25,9,acquire,1.9037919992115349,True,
forkyard,25795072,25,9,set_balance,179.81662499369122,True,
forkyard,25795072,25,9,transfer,153.10233399213757,True,
forkyard,25795072,25,9,transfer,158.67233299650252,True,
forkyard,25795072,25,9,discard,0.8214589906856418,True,
forkyard,25795072,25,10,acquire,31.934250000631437,True,
forkyard,25795072,25,10,set_balance,863.6471659992822,True,
forkyard,25795072,25,10,transfer,473.91495799820404,True,
forkyard,25795072,25,10,fund_token,1949.3486659921473,True,
forkyard,25795072,25,10,discard,137.80112500535324,True,
forkyard,25795072,25,10,acquire,297.23504099820275,True,
forkyard,25795072,25,10,set_balance,146.8120000063209,True,
forkyard,25795072,25,10,get_balance,156.58741699007805,True,
forkyard,25795072,25,10,fund_token,140.51358299911954,True,
forkyard,25795072,25,10,discard,7.209290997707285,True,
forkyard,25795072,25,10,acquire,156.6997499903664,True,
forkyard,25795072,25,10,set_balance,287.39845799282193,True,
forkyard,25795072,25,10,get_balance,21.57333301147446,True,
forkyard,25795072,25,10,fund_token,146.65116599644534,True,
forkyard,25795072,25,10,discard,1.6282919968944043,True,
forkyard,25795072,25,10,acquire,8.495042013237253,True,
forkyard,25795072,25,10,set_balance,426.1112499953015,True,
forkyard,25795072,25,10,transfer,292.5692499993602,True,
forkyard,25795072,25,10,swap_eth_for_token,444.8621249903226,True,
forkyard,25795072,25,10,discard,141.36937500734348,True,
forkyard,25795072,25,10,acquire,350.9817500016652,True,
forkyard,25795072,25,10,set_balance,416.16145899752155,True,
forkyard,25795072,25,10,fund_token,146.06083299440797,True,
forkyard,25795072,25,10,approve,430.67025000345893,True,
forkyard,25795072,25,10,discard,143.87958400766365,True,
forkyard,25795072,25,10,acquire,247.5519170111511,True,
forkyard,25795072,25,10,set_balance,151.62049999344163,True,
forkyard,25795072,25,10,fund_token,9.612791007384658,True,
forkyard,25795072,25,10,swap_eth_for_token,430.52637499931734,True,
forkyard,25795072,25,10,discard,7.110082995495759,True,
forkyard,25795072,25,10,acquire,378.9009580068523,True,
forkyard,25795072,25,10,set_balance,819.3811670062132,True,
forkyard,25795072,25,10,get_balance,562.6251659996342,True,
forkyard,25795072,25,10,swap_eth_for_token,406.98345900455024,True,
forkyard,25795072,25,10,discard,552.8864160005469,True,
forkyard,25795072,25,10,acquire,14.3574579997221,True,
forkyard,25795072,25,10,set_balance,289.67429100885056,True,
forkyard,25795072,25,10,fund_token,1.871208005468361,True,
forkyard,25795072,25,10,fund_token,3.657124994788319,True,
forkyard,25795072,25,10,discard,3.5059580113738775,True,
forkyard,25795072,25,10,acquire,142.61641699704342,True,
forkyard,25795072,25,10,set_balance,142.44045900704805,True,
forkyard,25795072,25,10,transfer,290.68079200806096,True,
forkyard,25795072,25,10,get_balance,15.86574999964796,True,
forkyard,25795072,25,10,discard,144.5009159942856,True,
forkyard,25795072,25,10,acquire,613.20291699667,True,
forkyard,25795072,25,10,set_balance,828.0837920028716,True,
forkyard,25795072,25,10,get_balance,564.0212500002235,True,
forkyard,25795072,25,10,swap_eth_for_token,828.9122079877416,True,
forkyard,25795072,25,10,discard,410.8616669982439,True,
forkyard,25795072,25,11,acquire,272.09179099008907,True,
forkyard,25795072,25,11,set_balance,693.7970829894766,True,
forkyard,25795072,25,11,fund_token,9.4226249930216,True,
forkyard,25795072,25,11,fund_token,15.15379200282041,True,
forkyard,25795072,25,11,discard,220.4144169954816,True,
forkyard,25795072,25,11,acquire,1886.3265000109095,True,
forkyard,25795072,25,11,set_balance,290.8552499866346,True,
forkyard,25795072,25,11,get_balance,284.35408299264964,True,
forkyard,25795072,25,11,get_balance,153.18658300384413,True,
forkyard,25795072,25,11,discard,281.205500010401,True,
forkyard,25795072,25,11,acquire,251.1589169880608,True,
forkyard,25795072,25,11,set_balance,740.6897920009214,True,
forkyard,25795072,25,11,fund_token,140.03591700748075,True,
forkyard,25795072,25,11,get_balance,442.52620900806505,True,
forkyard,25795072,25,11,discard,146.32779199746437,True,
forkyard,25795072,25,11,acquire,619.6239169948967,True,
forkyard,25795072,25,11,set_balance,977.2237500001211,True,
forkyard,25795072,25,11,transfer,1047.077208000701,True,
forkyard,25795072,25,11,fund_token,426.85016700124834,True,
forkyard,25795072,25,11,discard,418.03183300362434,True,
forkyard,25795072,25,11,acquire,274.55887499672826,True,
forkyard,25795072,25,11,set_balance,682.2267920069862,True,
forkyard,25795072,25,11,transfer,536.6548329911893,True,
forkyard,25795072,25,11,transfer,563.1897089915583,True,
forkyard,25795072,25,11,discard,550.5445000017062,True,
forkyard,25795072,25,11,acquire,200.0548749929294,True,
forkyard,25795072,25,11,set_balance,270.1347080001142,True,
forkyard,25795072,25,11,get_balance,13.808166011585854,True,
forkyard,25795072,25,11,transfer,301.39791600231547,True,
forkyard,25795072,25,11,discard,131.59379200078547,True,
forkyard,25795072,25,11,acquire,164.39175000414252,True,
forkyard,25795072,25,11,set_balance,287.6460830011638,True,
forkyard,25795072,25,11,swap_eth_for_token,292.79533300723415,True,
forkyard,25795072,25,11,get_balance,285.03391599224415,True,
forkyard,25795072,25,11,discard,13.769375000265427,True,
forkyard,25795072,25,11,acquire,77.69079199351836,True,
forkyard,25795072,25,11,set_balance,288.67108399572317,True,
forkyard,25795072,25,11,swap_eth_for_token,287.22316700441297,True,
forkyard,25795072,25,11,transfer,556.5355419967091,True,
forkyard,25795072,25,11,discard,285.3565840050578,True,
forkyard,25795072,25,11,acquire,16.265833008219488,True,
forkyard,25795072,25,11,set_balance,571.9375829939963,True,
forkyard,25795072,25,11,fund_token,8.369457995286211,True,
forkyard,25795072,25,11,fund_token,154.59929200005718,True,
forkyard,25795072,25,11,discard,12.813500012271106,True,
forkyard,25795072,25,11,acquire,5.246125001576729,True,
forkyard,25795072,25,11,set_balance,142.36479099781718,True,
forkyard,25795072,25,11,swap_eth_for_token,162.80437500972766,True,
forkyard,25795072,25,11,get_balance,3.0938329873606563,True,
forkyard,25795072,25,11,discard,0.8375420002266765,True,
forkyard,25795072,25,12,acquire,47.31441699550487,True,
forkyard,25795072,25,12,set_balance,739.2748330021277,True,
forkyard,25795072,25,12,fund_token,146.03570800682064,True,
forkyard,25795072,25,12,approve,348.3308750001015,True,
forkyard,25795072,25,12,discard,2094.5990000036545,True,
forkyard,25795072,25,12,acquire,141.68933399196249,True,
forkyard,25795072,25,12,set_balance,552.8547910071211,True,
forkyard,25795072,25,12,fund_token,10.996166995028034,True,
forkyard,25795072,25,12,swap_eth_for_token,293.1811669986928,True,
forkyard,25795072,25,12,discard,444.96858298953157,True,
forkyard,25795072,25,12,acquire,388.46116700733546,True,
forkyard,25795072,25,12,set_balance,1238.3827500016196,True,
forkyard,25795072,25,12,swap_eth_for_token,432.5970000063535,True,
forkyard,25795072,25,12,get_balance,583.818875005818,True,
forkyard,25795072,25,12,discard,16.995625002891757,True,
forkyard,25795072,25,12,acquire,153.0507910065353,True,
forkyard,25795072,25,12,set_balance,300.1604579912964,True,
forkyard,25795072,25,12,get_balance,160.3834590059705,True,
forkyard,25795072,25,12,swap_eth_for_token,441.06666700099595,True,
forkyard,25795072,25,12,discard,6.156832998385653,True,
forkyard,25795072,25,12,acquire,273.7753330002306,True,
forkyard,25795072,25,12,set_balance,291.6564170009224,True,
forkyard,25795072,25,12,swap_eth_for_token,472.04537500510924,True,
forkyard,25795072,25,12,transfer,426.49237500154413,True,
forkyard,25795072,25,12,discard,282.82912500435486,True,
forkyard,25795072,25,12,acquire,172.85775000345893,True,
forkyard,25795072,25,12,set_balance,560.423458009609,True,
forkyard,25795072,25,12,transfer,432.46212499798276,True,
forkyard,25795072,25,12,fund_token,132.66516600560863,True,
forkyard,25795072,25,12,discard,140.05679199181031,True,
forkyard,25795072,25,12,acquire,127.2073339932831,True,
forkyard,25795072,25,12,set_balance,276.9497920089634,True,
forkyard,25795072,25,12,transfer,174.0770420001354,True,
forkyard,25795072,25,12,get_balance,145.21912499913014,True,
forkyard,25795072,25,12,discard,146.66216699697543,True,
forkyard,25795072,25,12,acquire,4.160999989835545,True,
forkyard,25795072,25,12,set_balance,423.0012500047451,True,
forkyard,25795072,25,12,fund_token,9.515416997601278,True,
forkyard,25795072,25,12,transfer,282.19204100605566,True,
forkyard,25795072,25,12,discard,138.05050001246855,True,
forkyard,25795072,25,12,acquire,141.66716700128745,True,
forkyard,25795072,25,12,set_balance,291.19641600118484,True,
forkyard,25795072,25,12,get_balance,158.0866669974057,True,
forkyard,25795072,25,12,get_balance,151.2354169972241,True,
forkyard,25795072,25,12,discard,7.61604199942667,True,
forkyard,25795072,25,12,acquire,505.9739999996964,True,
forkyard,25795072,25,12,set_balance,1100.1655419968301,True,
forkyard,25795072,25,12,get_balance,975.1749999995809,True,
forkyard,25795072,25,12,fund_token,681.204082997283,True,
forkyard,25795072,25,12,discard,285.6701249984326,True,
forkyard,25795072,25,13,acquire,17.743916992913,True,
forkyard,25795072,25,13,set_balance,1032.8771250060527,True,
forkyard,25795072,25,13,swap_eth_for_token,2035.7551659981254,True,
forkyard,25795072,25,13,get_balance,254.25604199699592,True,
forkyard,25795072,25,13,discard,12.350374992820434,True,
forkyard,25795072,25,13,acquire,676.0358750034356,True,
forkyard,25795072,25,13,set_balance,864.4174169894541,True,
forkyard,25795072,25,13,get_balance,693.2863330002874,True,
forkyard,25795072,25,13,get_balance,832.1925830096006,True,
forkyard,25795072,25,13,discard,137.99925000057556,True,
forkyard,25795072,25,13,acquire,165.33920900837984,True,
forkyard,25795072,25,13,set_balance,285.81566699722316,True,
forkyard,25795072,25,13,transfer,303.2697919989005,True,
forkyard,25795072,25,13,swap_eth_for_token,301.36274998949375,True,
forkyard,25795072,25,13,discard,133.83087499823887,True,
forkyard,25795072,25,13,acquire,178.06945800839458,True,
forkyard,25795072,25,13,set_balance,539.3022079952061,True,
forkyard,25795072,25,13,fund_token,17.868875002022833,True,
forkyard,25795072,25,13,approve,297.2219999937806,True,
forkyard,25795072,25,13,discard,283.4357079991605,True,
forkyard,25795072,25,13,acquire,23.79266700881999,True,
forkyard,25795072,25,13,set_balance,566.1003330023959,True,
forkyard,25795072,25,13,get_balance,416.6950420039939,True,
forkyard,25795072,25,13,swap_eth_for_token,275.3908750019036,True,
forkyard,25795072,25,13,discard,284.99508400273044,True,
forkyard,25795072,25,13,acquire,136.72616600524634,True,
forkyard,25795072,25,13,set_balance,283.74083299422637,True,
forkyard,25795072,25,13,fund_token,2.6445000112289563,True,
forkyard,25795072,25,13,swap_eth_for_token,161.1914999957662,True,
forkyard,25795072,25,13,discard,8.015207989956252,True,
forkyard,25795072,25,13,acquire,312.8608749975683,True,
forkyard,25795072,25,13,set_balance,561.1766669899225,True,
forkyard,25795072,25,13,get_balance,278.1200839963276,True,
forkyard,25795072,25,13,fund_token,8.097207988612354,True,
forkyard,25795072,25,13,discard,11.962459000642411,True,
forkyard,25795072,25,13,acquire,479.11345900502056,True,
forkyard,25795072,25,13,set_balance,820.2527920075227,True,
forkyard,25795072,25,13,fund_token,416.31237500405405,True,
forkyard,25795072,25,13,transfer,414.5742910041008,True,
forkyard,25795072,25,13,discard,681.1100829945644,True,
forkyard,25795072,25,13,acquire,279.5979999937117,True,
forkyard,25795072,25,13,set_balance,1106.1752500099828,True,
forkyard,25795072,25,13,swap_eth_for_token,830.4548329906538,True,
forkyard,25795072,25,13,get_balance,406.57304199703503,True,
forkyard,25795072,25,13,discard,414.0122499957215,True,
forkyard,25795072,25,13,acquire,9.360583004308864,True,
forkyard,25795072,25,13,set_balance,139.57320801273454,True,
forkyard,25795072,25,13,fund_token,1.2609159894054756,True,
forkyard,25795072,25,13,swap_eth_for_token,14.279041992267594,True,
forkyard,25795072,25,13,discard,0.8678750018589199,True,
forkyard,25795072,25,14,acquire,19.14679199398961,True,
forkyard,25795072,25,14,set_balance,867.316750009195,True,
forkyard,25795072,25,14,transfer,2278.8387089967728,True,
forkyard,25795072,25,14,swap_eth_for_token,714.6013339952333,True,
forkyard,25795072,25,14,discard,394.62945799459703,True,
forkyard,25795072,25,14,acquire,365.97025000082795,True,
forkyard,25795072,25,14,set_balance,426.561957996455,True,
forkyard,25795072,25,14,swap_eth_for_token,289.2366250016494,True,
forkyard,25795072,25,14,fund_token,136.63362499210052,True,
forkyard,25795072,25,14,discard,7.922542004962452,True,
forkyard,25795072,25,14,acquire,38.586374997976236,True,
forkyard,25795072,25,14,set_balance,440.67083299160004,True,
forkyard,25795072,25,14,fund_token,5.647500001941808,True,
forkyard,25795072,25,14,fund_token,138.3849999983795,True,
forkyard,25795072,25,14,discard,8.97550000809133,True,
forkyard,25795072,25,14,acquire,267.18591700773686,True,
forkyard,25795072,25,14,set_balance,280.679791001603,True,
forkyard,25795072,25,14,swap_eth_for_token,306.40900001162663,True,
forkyard,25795072,25,14,swap_eth_for_token,295.23854098806623,True,
forkyard,25795072,25,14,discard,5.321042001014575,True,
forkyard,25795072,25,14,acquire,179.25429200113285,True,
forkyard,25795072,25,14,set_balance,423.43145901395474,True,
forkyard,25795072,25,14,swap_eth_for_token,573.5099170124158,True,
forkyard,25795072,25,14,get_balance,282.9730420053238,True,
forkyard,25795072,25,14,discard,290.15129200706724,True,
forkyard,25795072,25,14,acquire,38.41362500679679,True,
forkyard,25795072,25,14,set_balance,413.97074999986216,True,
forkyard,25795072,25,14,swap_eth_for_token,301.6404160007369,True,
forkyard,25795072,25,14,transfer,281.728457994177,True,
forkyard,25795072,25,14,discard,289.31504099455196,True,
forkyard,25795072,25,14,acquire,17.225333998794667,True,
forkyard,25795072,25,14,set_balance,704.575957992347,True,
forkyard,25795072,25,14,transfer,448.54837500315625,True,
forkyard,25795072,25,14,transfer,410.08775000227615,True,
forkyard,25795072,25,14,discard,137.14925000385847,True,
forkyard,25795072,25,14,acquire,366.3937090022955,True,
forkyard,25795072,25,14,set_balance,1104.0634999953909,True,
forkyard,25795072,25,14,swap_eth_for_token,565.3391660016496,True,
forkyard,25795072,25,14,fund_token,136.16941699001472,True,
forkyard,25795072,25,14,discard,408.86895899893716,True,
forkyard,25795072,25,14,acquire,69.84516599914059,True,
forkyard,25795072,25,14,set_balance,286.0004160029348,True,
forkyard,25795072,25,14,fund_token,3.4854580007959157,True,
forkyard,25795072,25,14,transfer,289.2521250032587,True,
forkyard,25795072,25,14,discard,3.788125002756715,True,
forkyard,25795072,25,14,acquire,55.28629200125579,True,
forkyard,25795072,25,14,set_balance,289.238249999471,True,
forkyard,25795072,25,14,get_balance,139.2071659938665,True,
forkyard,25795072,25,14,fund_token,1.245750012458302,True,
forkyard,25795072,25,14,discard,5.645375000312924,True,
forkyard,25795072,25,15,acquire,19.474500004434958,True,
forkyard,25795072,25,15,set_balance,858.1513340031961,True,
forkyard,25795072,25,15,get_balance,38.98450000269804,True,
forkyard,25795072,25,15,transfer,2368.1614579982124,True,
forkyard,25795072,25,15,discard,271.75108301162254,True,
forkyard,25795072,25,15,acquire,23.097874989616685,True,
forkyard,25795072,25,15,set_balance,421.562791991164,True,
forkyard,25795072,25,15,get_balance,8.805125005892478,True,
forkyard,25795072,25,15,transfer,308.0582919938024,True,
forkyard,25795072,25,15,discard,285.2740420057671,True,
forkyard,25795072,25,15,acquire,11.801874992670491,True,
forkyard,25795072,25,15,set_balance,147.08566600165796,True,
forkyard,25795072,25,15,swap_eth_for_token,159.9237920017913,True,
forkyard,25795072,25,15,transfer,290.24870799912605,True,
forkyard,25795072,25,15,discard,140.63933299621567,True,
forkyard,25795072,25,15,acquire,94.76154200092424,True,
forkyard,25795072,25,15,set_balance,281.0631669999566,True,
forkyard,25795072,25,15,fund_token,6.899290994624607,True,
forkyard,25795072,25,15,swap_eth_for_token,152.2839999961434,True,
forkyard,25795072,25,15,discard,2.583708002930507,True,
forkyard,25795072,25,15,acquire,97.54816599888727,True,
forkyard,25795072,25,15,set_balance,437.4250839900924,True,
forkyard,25795072,25,15,swap_eth_for_token,290.2453339920612,True,
forkyard,25795072,25,15,get_balance,286.45287500694394,True,
forkyard,25795072,25,15,discard,275.01233300426975,True,
forkyard,25795072,25,15,acquire,242.37391600036062,True,
forkyard,25795072,25,15,set_balance,424.6704170072917,True,
forkyard,25795072,25,15,swap_eth_for_token,295.9371249889955,True,
forkyard,25795072,25,15,get_balance,145.2327500010142,True,
forkyard,25795072,25,15,discard,5.604874997516163,True,
forkyard,25795072,25,15,acquire,24.259792000520974,True,
forkyard,25795072,25,15,set_balance,280.84941700217314,True,
forkyard,25795072,25,15,fund_token,7.862792001105845,True,
forkyard,25795072,25,15,approve,317.5816250004573,True,
forkyard,25795072,25,15,discard,11.47708299686201,True,
forkyard,25795072,25,15,acquire,274.32562499598134,True,
forkyard,25795072,25,15,set_balance,552.6069169864058,True,
forkyard,25795072,25,15,fund_token,139.75558399397414,True,
forkyard,25795072,25,15,fund_token,134.09395900089294,True,
forkyard,25795072,25,15,discard,137.0184999977937,True,
forkyard,25795072,25,15,acquire,148.31408300960902,True,
forkyard,25795072,25,15,set_balance,274.8469579964876,True,
forkyard,25795072,25,15,fund_token,8.5652500129072,True,
forkyard,25795072,25,15,fund_token,142.99883299099747,True,
forkyard,25795072,25,15,discard,140.227457988658,True,
forkyard,25795072,25,15,acquire,7.23979200120084,True,
forkyard,25795072,25,15,set_balance,147.90616701066028,True,
forkyard,25795072,25,15,transfer,298.86275000171736,True,
forkyard,25795072,25,15,transfer,153.09745800914243,True,
forkyard,25795072,25,15,discard,139.61475000542123,True,
forkyard,25795072,25,16,acquire,184.29937500332016,True,
forkyard,25795072,25,16,set_balance,699.9705000052927,True,
forkyard,25795072,25,16,swap_eth_for_token,2451.1324999912176,True,
forkyard,25795072,25,16,fund_token,681.1332079960266,True,
forkyard,25795072,25,16,discard,414.0007499954663,True,
forkyard,25795072,25,16,acquire,454.4662079861155,True,
forkyard,25795072,25,16,set_balance,1096.3869169936515,True,
forkyard,25795072,25,16,fund_token,427.52408399246633,True,
forkyard,25795072,25,16,fund_token,134.06137499259785,True,
forkyard,25795072,25,16,discard,288.0995420127874,True,
forkyard,25795072,25,16,acquire,570.6369589897804,True,
forkyard,25795072,25,16,set_balance,1327.0397919986863,True,
forkyard,25795072,25,16,fund_token,135.11562498752028,True,
forkyard,25795072,25,16,get_balance,691.0657090047607,True,
forkyard,25795072,25,16,discard,139.13520800997503,True,
forkyard,25795072,25,16,acquire,415.9904170082882,True,
forkyard,25795072,25,16,set_balance,964.6903749962803,True,
forkyard,25795072,25,16,transfer,420.4853330011247,True,
forkyard,25795072,25,16,swap_eth_for_token,713.868958002422,True,
forkyard,25795072,25,16,discard,394.8897920054151,True,
forkyard,25795072,25,16,acquire,226.3711669947952,True,
forkyard,25795072,25,16,set_balance,408.85295800399035,True,
forkyard,25795072,25,16,get_balance,420.022375008557,True,
forkyard,25795072,25,16,transfer,302.0282500074245,True,
forkyard,25795072,25,16,discard,152.90137499687262,True,
forkyard,25795072,25,16,acquire,279.26641699741594,True,
forkyard,25795072,25,16,set_balance,418.2179589988664,True,
forkyard,25795072,25,16,swap_eth_for_token,429.01716599590145,True,
forkyard,25795072,25,16,get_balance,148.4902090014657,True,
forkyard,25795072,25,16,discard,12.88941700477153,True,
forkyard,25795072,25,16,acquire,139.37350000196602,True,
forkyard,25795072,25,16,set_balance,270.9110419964418,True,
forkyard,25795072,25,16,fund_token,1.5775000065332279,True,
forkyard,25795072,25,16,approve,164.25354199600406,True,
forkyard,25795072,25,16,discard,151.6487080079969,True,
forkyard,25795072,25,16,acquire,474.0247909940081,True,
forkyard,25795072,25,16,set_balance,1093.2230000034906,True,
forkyard,25795072,25,16,swap_eth_for_token,274.13462499680463,True,
forkyard,25795072,25,16,swap_eth_for_token,419.22812499979045,True,
forkyard,25795072,25,16,discard,272.8029999998398,True,
forkyard,25795072,25,16,acquire,15.538999999989755,True,
forkyard,25795072,25,16,set_balance,142.49287500570063,True,
forkyard,25795072,25,16,transfer,161.6147080057999,True,
forkyard,25795072,25,16,fund_token,1.291499997023493,True,
forkyard,25795072,25,16,discard,0.8465410064673051,True,
forkyard,25795072,25,16,acquire,1.1963330034632236,True,
forkyard,25795072,25,16,set_balance,141.08016699901782,True,
forkyard,25795072,25,16,get_balance,15.873666998231784,True,
forkyard,25795072,25,16,transfer,147.28099999774713,True,
forkyard,25795072,25,16,discard,3.7324169970816,True,
forkyard,25795072,25,17,acquire,191.85333399218507,True,
forkyard,25795072,25,17,set_balance,843.6631670047063,True,
forkyard,25795072,25,17,fund_token,8.90916599018965,True,
forkyard,25795072,25,17,swap_eth_for_token,2131.800667004427,True,
forkyard,25795072,25,17,discard,147.05475000664592,True,
forkyard,25795072,25,17,acquire,15.27412500581704,True,
forkyard,25795072,25,17,set_balance,418.6151249887189,True,
forkyard,25795072,25,17,get_balance,150.02066698798444,True,
forkyard,25795072,25,17,transfer,300.83620799996424,True,
forkyard,25795072,25,17,discard,3.533875002176501,True,
forkyard,25795072,25,17,acquire,231.0424590104958,True,
forkyard,25795072,25,17,set_balance,743.1226250046166,True,
forkyard,25795072,25,17,get_balance,443.21508301072754,True,
forkyard,25795072,25,17,fund_token,146.9661669980269,True,
forkyard,25795072,25,17,discard,274.1864580020774,True,
forkyard,25795072,25,17,acquire,13.341375000891276,True,
forkyard,25795072,25,17,set_balance,426.4821670076344,True,
forkyard,25795072,25,17,swap_eth_for_token,427.16654199466575,True,
forkyard,25795072,25,17,get_balance,145.74283399269916,True,
forkyard,25795072,25,17,discard,278.36004200798925,True,
forkyard,25795072,25,17,acquire,45.67787500855047,True,
forkyard,25795072,25,17,set_balance,1322.2233340056846,True,
forkyard,25795072,25,17,get_balance,558.0734579998534,True,
forkyard,25795072,25,17,get_balance,411.37562500080094,True,
forkyard,25795072,25,17,discard,415.58679200534243,True,
forkyard,25795072,25,17,acquire,128.29679100832436,True,
forkyard,25795072,25,17,set_balance,449.7023750009248,True,
forkyard,25795072,25,17,swap_eth_for_token,292.3296250082785,True,
forkyard,25795072,25,17,transfer,272.7184160030447,True,
forkyard,25795072,25,17,discard,287.10604200023226,True,
forkyard,25795072,25,17,acquire,648.5864999995101,True,
forkyard,25795072,25,17,set_balance,812.4060419941088,True,
forkyard,25795072,25,17,fund_token,559.4129999954021,True,
forkyard,25795072,25,17,approve,423.5726659971988,True,
forkyard,25795072,25,17,discard,278.07837499130983,True,
forkyard,25795072,25,17,acquire,191.15679198876023,True,
forkyard,25795072,25,17,set_balance,284.27862499665935,True,
forkyard,25795072,25,17,fund_token,12.13145900692325,True,
forkyard,25795072,25,17,transfer,278.1606670032488,True,
forkyard,25795072,25,17,discard,9.420291986316442,True,
forkyard,25795072,25,17,acquire,40.373708005063236,True,
forkyard,25795072,25,17,set_balance,290.37695900478866,True,
forkyard,25795072,25,17,swap_eth_for_token,606.6267080022953,True,
forkyard,25795072,25,17,swap_eth_for_token,164.7110000048997,True,
forkyard,25795072,25,17,discard,139.91724999505095,True,
forkyard,25795072,25,17,acquire,70.00220799818635,True,
forkyard,25795072,25,17,set_balance,283.04991699405946,True,
forkyard,25795072,25,17,fund_token,1.664541006903164,True,
forkyard,25795072,25,17,approve,164.60470799938776,True,
forkyard,25795072,25,17,discard,139.17791600397322,True,
forkyard,25795072,25,18,acquire,355.6301669887034,True,
forkyard,25795072,25,18,set_balance,555.3527909942204,True,
forkyard,25795072,25,18,get_balance,26.569499998004176,True,
forkyard,25795072,25,18,fund_token,218.58508400327992,True,
forkyard,25795072,25,18,discard,1884.615750008379,True,
forkyard,25795072,25,18,acquire,25.21929200156592,True,
forkyard,25795072,25,18,set_balance,273.9006670017261,True,
forkyard,25795072,25,18,get_balance,285.1549159968272,True,
forkyard,25795072,25,18,fund_token,13.392499997280538,True,
forkyard,25795072,25,18,discard,2.7382499974919483,True,
forkyard,25795072,25,18,acquire,381.51529199967626,True,
forkyard,25795072,25,18,set_balance,280.67100000043865,True,
forkyard,25795072,25,18,get_balance,607.8784160054056,True,
forkyard,25795072,25,18,swap_eth_for_token,280.6114579871064,True,
forkyard,25795072,25,18,discard,429.66983299993444,True,
forkyard,25795072,25,18,acquire,12.00941699789837,True,
forkyard,25795072,25,18,set_balance,418.9240840059938,True,
forkyard,25795072,25,18,swap_eth_for_token,450.53716700931545,True,
forkyard,25795072,25,18,swap_eth_for_token,281.4245000045048,True,
forkyard,25795072,25,18,discard,274.9900000053458,True,
forkyard,25795072,25,18,acquire,234.665916999802,True,
forkyard,25795072,25,18,set_balance,285.37712499382906,True,
forkyard,25795072,25,18,swap_eth_for_token,446.6452500055311,True,
forkyard,25795072,25,18,get_balance,279.1474159894278,True,
forkyard,25795072,25,18,discard,137.53420900320634,True,
forkyard,25795072,25,18,acquire,18.7806250032736,True,
forkyard,25795072,25,18,set_balance,300.0790830119513,True,
forkyard,25795072,25,18,get_balance,312.35637499776203,True,
forkyard,25795072,25,18,swap_eth_for_token,584.2910420033149,True,
forkyard,25795072,25,18,discard,273.31729100842495,True,
forkyard,25795072,25,18,acquire,302.2552079928573,True,
forkyard,25795072,25,18,set_balance,593.5785000037868,True,
forkyard,25795072,25,18,fund_token,138.72154099226464,True,
forkyard,25795072,25,18,swap_eth_for_token,149.99520899436902,True,
forkyard,25795072,25,18,discard,424.23791700275615,True,
forkyard,25795072,25,18,acquire,140.96550000249408,True,
forkyard,25795072,25,18,set_balance,555.540415996802,True,
forkyard,25795072,25,18,transfer,451.29141700454056,True,
forkyard,25795072,25,18,fund_token,275.964667001972,True,
forkyard,25795072,25,18,discard,22.156000006361865,True,
forkyard,25795072,25,18,acquire,138.62129200424533,True,
forkyard,25795072,25,18,set_balance,680.7219170004828,True,
forkyard,25795072,25,18,fund_token,138.42870799999218,True,
forkyard,25795072,25,18,approve,460.6713329994818,True,
forkyard,25795072,25,18,discard,279.14387499913573,True,
forkyard,25795072,25,18,acquire,677.3281670029974,True,
forkyard,25795072,25,18,set_balance,1105.9191250096774,True,
forkyard,25795072,25,18,swap_eth_for_token,702.5369170005433,True,
forkyard,25795072,25,18,swap_eth_for_token,558.9383749902481,True,
forkyard,25795072,25,18,discard,116.37195800722111,True,
forkyard,25795072,25,19,acquire,184.95545799669344,True,
forkyard,25795072,25,19,set_balance,849.3995830067433,True,
forkyard,25795072,25,19,transfer,485.4792499972973,True,
forkyard,25795072,25,19,get_balance,1797.496917002718,True,
forkyard,25795072,25,19,discard,10.113833006471395,True,
forkyard,25795072,25,19,acquire,6.79883299744688,True,
forkyard,25795072,25,19,set_balance,280.90725000947714,True,
forkyard,25795072,25,19,swap_eth_for_token,293.92645799089223,True,
forkyard,25795072,25,19,get_balance,142.13362500595395,True,
forkyard,25795072,25,19,discard,7.21995800267905,True,
forkyard,25795072,25,19,acquire,674.5235830021556,True,
forkyard,25795072,25,19,set_balance,822.216832995764,True,
forkyard,25795072,25,19,transfer,684.4406250020256,True,
forkyard,25795072,25,19,fund_token,274.55954199831467,True,
forkyard,25795072,25,19,discard,289.5321249961853,True,
forkyard,25795072,25,19,acquire,238.29954100074247,True,
forkyard,25795072,25,19,set_balance,417.2335839975858,True,
forkyard,25795072,25,19,swap_eth_for_token,442.26633400830906,True,
forkyard,25795072,25,19,swap_eth_for_token,555.7484579912852,True,
forkyard,25795072,25,19,discard,142.8016249992652,True,
forkyard,25795072,25,19,acquire,147.38850000139792,True,
forkyard,25795072,25,19,set_balance,291.89954200410284,True,
forkyard,25795072,25,19,transfer,310.9044169978006,True,
forkyard,25795072,25,19,transfer,422.1805000124732,True,
forkyard,25795072,25,19,discard,275.19770798971877,True,
forkyard,25795072,25,19,acquire,147.48970899381675,True,
forkyard,25795072,25,19,set_balance,963.6434170097345,True,
forkyard,25795072,25,19,transfer,562.6760000013746,True,
forkyard,25795072,25,19,fund_token,426.9817500025965,True,
forkyard,25795072,25,19,discard,269.58479099266697,True,
forkyard,25795072,25,19,acquire,212.00391600723378,True,
forkyard,25795072,25,19,set_balance,289.34808299527504,True,
forkyard,25795072,25,19,transfer,295.81841599429026,True,
forkyard,25795072,25,19,transfer,405.7482079952024,True,
forkyard,25795072,25,19,discard,272.55820800201036,True,
forkyard,25795072,25,19,acquire,16.855583002325147,True,
forkyard,25795072,25,19,set_balance,418.77683300117496,True,
forkyard,25795072,25,19,fund_token,8.860833011567593,True,
forkyard,25795072,25,19,fund_token,11.983291988144629,True,
forkyard,25795072,25,19,discard,277.7817089954624,True,
forkyard,25795072,25,19,acquire,395.1071250048699,True,
forkyard,25795072,25,19,set_balance,293.45279099652544,True,
forkyard,25795072,25,19,get_balance,34.57666600297671,True,
forkyard,25795072,25,19,get_balance,559.1830420016777,True,
forkyard,25795072,25,19,discard,3.7253750051604584,True,
forkyard,25795072,25,19,acquire,6.048792012734339,True,
forkyard,25795072,25,19,set_balance,156.6535419988213,True,
forkyard,25795072,25,19,get_balance,13.833124990924262,True,
forkyard,25795072,25,19,get_balance,142.57612499932293,True,
forkyard,25795072,25,19,discard,5.48441699356772,True,
forkyard,25795072,25,20,acquire,187.5626669934718,True,
forkyard,25795072,25,20,set_balance,843.9569589972962,True,
forkyard,25795072,25,20,get_balance,16.6412910039071,True,
forkyard,25795072,25,20,transfer,324.7033340012422,True,
forkyard,25795072,25,20,discard,1932.6310420001391,True,
forkyard,25795072,25,20,acquire,19.920125007047318,True,
forkyard,25795072,25,20,set_balance,424.73400000017136,True,
forkyard,25795072,25,20,get_balance,149.77550000185147,True,
forkyard,25795072,25,20,fund_token,9.752875004778616,True,
forkyard,25795072,25,20,discard,3.7352500075940043,True,
forkyard,25795072,25,20,acquire,498.08987499272916,True,
forkyard,25795072,25,20,set_balance,733.5055840085261,True,
forkyard,25795072,25,20,transfer,682.711957997526,True,
forkyard,25795072,25,20,get_balance,698.0177919904236,True,
forkyard,25795072,25,20,discard,288.6937089933781,True,
forkyard,25795072,25,20,acquire,169.40816599526443,True,
forkyard,25795072,25,20,set_balance,299.6445000026142,True,
forkyard,25795072,25,20,fund_token,10.653416000423022,True,
forkyard,25795072,25,20,fund_token,141.15183299873024,True,
forkyard,25795072,25,20,discard,139.59108300332446,True,
forkyard,25795072,25,20,acquire,14.113958008238114,True,
forkyard,25795072,25,20,set_balance,416.09554199385457,True,
forkyard,25795072,25,20,get_balance,154.9754579900764,True,
forkyard,25795072,25,20,swap_eth_for_token,284.8117079993244,True,
forkyard,25795072,25,20,discard,1.8241249927086756,True,
forkyard,25795072,25,20,acquire,11.378333991160616,True,
forkyard,25795072,25,20,set_balance,292.9224580002483,True,
forkyard,25795072,25,20,fund_token,6.449666994740255,True,
forkyard,25795072,25,20,approve,299.1067500115605,True,
forkyard,25795072,25,20,discard,27.607250012806617,True,
forkyard,25795072,25,20,acquire,460.8820830035256,True,
forkyard,25795072,25,20,set_balance,688.9955000078771,True,
forkyard,25795072,25,20,transfer,819.132874996285,True,
forkyard,25795072,25,20,get_balance,690.4394169978332,True,
forkyard,25795072,25,20,discard,428.43400000128895,True,
forkyard,25795072,25,20,acquire,67.05300000612624,True,
forkyard,25795072,25,20,set_balance,147.26091700140387,True,
forkyard,25795072,25,20,get_balance,147.23495799989905,True,
forkyard,25795072,25,20,transfer,289.5262499951059,True,
forkyard,25795072,25,20,discard,138.07033300690819,True,
forkyard,25795072,25,20,acquire,150.2344170003198,True,
forkyard,25795072,25,20,set_balance,420.0214999873424,True,
forkyard,25795072,25,20,swap_eth_for_token,309.7931670054095,True,
forkyard,25795072,25,20,swap_eth_for_token,154.2576669889968,True,
forkyard,25795072,25,20,discard,144.72762501100078,True,
forkyard,25795072,25,20,acquire,232.70125000271946,True,
forkyard,25795072,25,20,set_balance,675.9249580063624,True,
forkyard,25795072,25,20,get_balance,295.92545799096115,True,
forkyard,25795072,25,20,transfer,176.0577499953797,True,
forkyard,25795072,25,20,discard,415.41254200274125,True,
forkyard,25795072,25,21,acquire,8.202166005503386,True,
forkyard,25795072,25,21,set_balance,864.1535000060685,True,
forkyard,25795072,25,21,get_balance,36.99554099875968,True,
forkyard,25795072,25,21,fund_token,18.953624996356666,True,
forkyard,25795072,25,21,discard,293.20000000006985,True,
forkyard,25795072,25,21,acquire,2097.649957999238,True,
forkyard,25795072,25,21,set_balance,556.7987500107847,True,
forkyard,25795072,25,21,fund_token,137.1773329883581,True,
forkyard,25795072,25,21,fund_token,15.62345799175091,True,
forkyard,25795072,25,21,discard,135.91262500267476,True,
forkyard,25795072,25,21,acquire,36.114583010203205,True,
forkyard,25795072,25,21,set_balance,434.0983750007581,True,
forkyard,25795072,25,21,get_balance,25.249332989915274,True,
forkyard,25795072,25,21,transfer,414.05362500518095,True,
forkyard,25795072,25,21,discard,137.15104099537712,True,
forkyard,25795072,25,21,acquire,399.3304169998737,True,
forkyard,25795072,25,21,set_balance,423.1139159965096,True,
forkyard,25795072,25,21,fund_token,12.038250002660789,True,
forkyard,25795072,25,21,get_balance,433.4570420032833,True,
forkyard,25795072,25,21,discard,10.529084000154398,True,
forkyard,25795072,25,21,acquire,138.1891669880133,True,
forkyard,25795072,25,21,set_balance,417.5038749963278,True,
forkyard,25795072,25,21,get_balance,418.717041000491,True,
forkyard,25795072,25,21,fund_token,10.261291012284346,True,
forkyard,25795072,25,21,discard,144.2327909899177,True,
forkyard,25795072,25,21,acquire,1095.41083300428,True,
forkyard,25795072,25,21,set_balance,817.7279170049587,True,
forkyard,25795072,25,21,fund_token,139.04045800154563,True,
forkyard,25795072,25,21,swap_eth_for_token,577.7643339970382,True,
forkyard,25795072,25,21,discard,248.17162500403356,True,
forkyard,25795072,25,21,acquire,318.0521670001326,True,
forkyard,25795072,25,21,set_balance,563.7467920023482,True,
forkyard,25795072,25,21,transfer,287.9039580002427,True,
forkyard,25795072,25,21,transfer,563.3736250019865,True,
forkyard,25795072,25,21,discard,138.85762500285637,True,
forkyard,25795072,25,21,acquire,152.6712079939898,True,
forkyard,25795072,25,21,set_balance,416.35858299559914,True,
forkyard,25795072,25,21,transfer,277.8600409947103,True,
forkyard,25795072,25,21,transfer,422.46654198970646,True,
forkyard,25795072,25,21,discard,140.21479200164322,True,
forkyard,25795072,25,21,acquire,51.97937499906402,True,
forkyard,25795072,25,21,set_balance,151.6012500069337,True,
forkyard,25795072,25,21,get_balance,150.5451249977341,True,
forkyard,25795072,25,21,fund_token,7.942915995954536,True,
forkyard,25795072,25,21,discard,142.24595799169037,True,
forkyard,25795072,25,21,acquire,214.5968339900719,True,
forkyard,25795072,25,21,set_balance,548.7544170027832,True,
forkyard,25795072,25,21,get_balance,293.70545799611136,True,
forkyard,25795072,25,21,transfer,458.1887079984881,True,
forkyard,25795072,25,21,discard,134.9844159994973,True,
forkyard,25795072,25,22,acquire,327.5442909944104,True,
forkyard,25795072,25,22,set_balance,824.7300000075484,True,
forkyard,25795072,25,22,get_balance,2719.5724999910453,True,
forkyard,25795072,25,22,transfer,542.257499997504,True,
forkyard,25795072,25,22,discard,451.7796250001993,True,
forkyard,25795072,25,22,acquire,351.78887500660494,True,
forkyard,25795072,25,22,set_balance,279.4886659976328,True,
forkyard,25795072,25,22,get_balance,13.307415996678174,True,
forkyard,25795072,25,22,swap_eth_for_token,282.5072080013342,True,
forkyard,25795072,25,22,discard,147.92395901167765,True,
forkyard,25795072,25,22,acquire,48.57416600862052,True,
forkyard,25795072,25,22,set_balance,146.8940409977222,True,
forkyard,25795072,25,22,get_balance,285.14025000913534,True,
forkyard,25795072,25,22,transfer,576.6882079915376,True,
forkyard,25795072,25,22,discard,274.99674999853596,True,
forkyard,25795072,25,22,acquire,96.21337499993388,True,
forkyard,25795072,25,22,set_balance,1312.4501669954043,True,
forkyard,25795072,25,22,get_balance,553.5186670022085,True,
forkyard,25795072,25,22,transfer,415.69566700491123,True,
forkyard,25795072,25,22,discard,406.6299169935519,True,
forkyard,25795072,25,22,acquire,234.6034160000272,True,
forkyard,25795072,25,22,set_balance,424.1893330035964,True,
forkyard,25795072,25,22,swap_eth_for_token,296.96629200770985,True,
forkyard,25795072,25,22,fund_token,4.435291994013824,True,
forkyard,25795072,25,22,discard,4.1046249971259385,True,
forkyard,25795072,25,22,acquire,37.735000005341135,True,
forkyard,25795072,25,22,set_balance,428.2857499929378,True,
forkyard,25795072,25,22,get_balance,420.8317500015255,True,
forkyard,25795072,25,22,transfer,293.3138750086073,True,
forkyard,25795072,25,22,discard,124.41429099999368,True,
forkyard,25795072,25,22,acquire,299.5117909886176,True,
forkyard,25795072,25,22,set_balance,297.11845800920855,True,
forkyard,25795072,25,22,swap_eth_for_token,433.5913749964675,True,
forkyard,25795072,25,22,get_balance,540.9588329930557,True,
forkyard,25795072,25,22,discard,26.314084010664374,True,
forkyard,25795072,25,22,acquire,138.84395800414495,True,
forkyard,25795072,25,22,set_balance,412.1589580026921,True,
forkyard,25795072,25,22,swap_eth_for_token,414.5859999989625,True,
forkyard,25795072,25,22,swap_eth_for_token,156.12691700516734,True,
forkyard,25795072,25,22,discard,281.1585839954205,True,
forkyard,25795072,25,22,acquire,98.20329099602532,True,
forkyard,25795072,25,22,set_balance,139.9962499999674,True,
forkyard,25795072,25,22,get_balance,147.7295829972718,True,
forkyard,25795072,25,22,transfer,155.21166700636968,True,
forkyard,25795072,25,22,discard,137.92083300359081,True,
forkyard,25795072,25,22,acquire,3.030791995115578,True,
forkyard,25795072,25,22,set_balance,144.18558299075812,True,
forkyard,25795072,25,22,transfer,149.34716699644923,True,
forkyard,25795072,25,22,swap_eth_for_token,284.6918330033077,True,
forkyard,25795072,25,22,discard,1.4037079963600263,True,
forkyard,25795072,25,23,acquire,190.4705409979215,True,
forkyard,25795072,25,23,set_balance,682.6502909971168,True,
forkyard,25795072,25,23,swap_eth_for_token,2303.594124998199,True,
forkyard,25795072,25,23,transfer,288.3139579935232,True,
forkyard,25795072,25,23,discard,414.84791701077484,True,
forkyard,25795072,25,23,acquire,28.454750005039386,True,
forkyard,25795072,25,23,set_balance,287.62025000469293,True,
forkyard,25795072,25,23,fund_token,10.507915998459794,True,
forkyard,25795072,25,23,approve,453.1703329994343,True,
forkyard,25795072,25,23,discard,5.138624997925945,True,
forkyard,25795072,25,23,acquire,143.1759580009384,True,
forkyard,25795072,25,23,set_balance,554.6585830015829,True,
forkyard,25795072,25,23,get_balance,149.56541599531192,True,
forkyard,25795072,25,23,fund_token,3.380791997187771,True,
forkyard,25795072,25,23,discard,140.28420799877495,True,
forkyard,25795072,25,23,acquire,137.02479100902565,True,
forkyard,25795072,25,23,set_balance,150.2007910021348,True,
forkyard,25795072,25,23,get_balance,6.618874991545454,True,
forkyard,25795072,25,23,transfer,157.7281670033699,True,
forkyard,25795072,25,23,discard,297.19004199432675,True,
forkyard,25795072,25,23,acquire,21.135208997293375,True,
forkyard,25795072,25,23,set_balance,563.1114160059951,True,
forkyard,25795072,25,23,transfer,584.0484999935143,True,
forkyard,25795072,25,23,fund_token,8.39737500064075,True,
forkyard,25795072,25,23,discard,283.15820900024846,True,
forkyard,25795072,25,23,acquire,141.52249999460764,True,
forkyard,25795072,25,23,set_balance,284.7848340024939,True,
forkyard,25795072,25,23,fund_token,136.91808399744332,True,
forkyard,25795072,25,23,transfer,323.6602499964647,True,
forkyard,25795072,25,23,discard,138.48708300793078,True,
forkyard,25795072,25,23,acquire,644.7863750072429,True,
forkyard,25795072,25,23,set_balance,684.9776250019204,True,
forkyard,25795072,25,23,transfer,670.8894159964984,True,
forkyard,25795072,25,23,get_balance,838.6237500089919,True,
forkyard,25795072,25,23,discard,421.06870899442583,True,
forkyard,25795072,25,23,acquire,193.16241699561942,True,
forkyard,25795072,25,23,set_balance,299.30920799961314,True,
forkyard,25795072,25,23,swap_eth_for_token,281.58774999610614,True,
forkyard,25795072,25,23,swap_eth_for_token,278.0962920078309,True,
forkyard,25795072,25,23,discard,270.3983329993207,True,
forkyard,25795072,25,23,acquire,145.7367919938406,True,
forkyard,25795072,25,23,set_balance,283.8012499996694,True,
forkyard,25795072,25,23,transfer,297.79820900876075,True,
forkyard,25795072,25,23,get_balance,272.91291700385045,True,
forkyard,25795072,25,23,discard,135.12220900156535,True,
forkyard,25795072,25,23,acquire,169.56066600687336,True,
forkyard,25795072,25,23,set_balance,554.4705830106977,True,
forkyard,25795072,25,23,fund_token,5.654792010318488,True,
forkyard,25795072,25,23,get_balance,157.35883300658315,True,
forkyard,25795072,25,23,discard,138.2637920032721,True,
forkyard,25795072,25,24,acquire,348.2803749939194,True,
forkyard,25795072,25,24,set_balance,552.7499169984367,True,
forkyard,25795072,25,24,fund_token,10.066167000331916,True,
forkyard,25795072,25,24,get_balance,235.32191700360272,True,
forkyard,25795072,25,24,discard,1883.5279170016292,True,
forkyard,25795072,25,24,acquire,555.6627920013852,True,
forkyard,25795072,25,24,set_balance,1145.9480830089888,True,
forkyard,25795072,25,24,get_balance,412.5120840035379,True,
forkyard,25795072,25,24,transfer,820.0176250102231,True,
forkyard,25795072,25,24,discard,416.99512499326374,True,
forkyard,25795072,25,24,acquire,138.01779100322165,True,
forkyard,25795072,25,24,set_balance,845.7746249914635,True,
forkyard,25795072,25,24,swap_eth_for_token,1199.4232089928119,True,
forkyard,25795072,25,24,fund_token,280.87520800181665,True,
forkyard,25795072,25,24,discard,419.46474999713246,True,
forkyard,25795072,25,24,acquire,251.02370900276583,True,
forkyard,25795072,25,24,set_balance,700.2239169960376,True,
forkyard,25795072,25,24,transfer,446.6806669952348,True,
forkyard,25795072,25,24,get_balance,277.568749996135,True,
forkyard,25795072,25,24,discard,140.65145899076015,True,
forkyard,25795072,25,24,acquire,379.3283330014674,True,
forkyard,25795072,25,24,set_balance,973.9419999968959,True,
forkyard,25795072,25,24,fund_token,411.8011669925181,True,
forkyard,25795072,25,24,fund_token,283.2064169924706,True,
forkyard,25795072,25,24,discard,550.2005000016652,True,
forkyard,25795072,25,24,acquire,250.79608299711253,True,
forkyard,25795072,25,24,set_balance,420.97987499437295,True,
forkyard,25795072,25,24,swap_eth_for_token,452.1972079965053,True,
forkyard,25795072,25,24,swap_eth_for_token,412.9764579993207,True,
forkyard,25795072,25,24,discard,135.65879200177733,True,
forkyard,25795072,25,24,acquire,529.9500830005854,True,
forkyard,25795072,25,24,set_balance,1246.1697500111768,True,
forkyard,25795072,25,24,transfer,557.849000004353,True,
forkyard,25795072,25,24,transfer,393.74333299929276,True,
forkyard,25795072,25,24,discard,274.70387499488425,True,
forkyard,25795072,25,24,acquire,279.29129199765157,True,
forkyard,25795072,25,24,set_balance,289.27295800531283,True,
forkyard,25795072,25,24,swap_eth_for_token,170.45029200380668,True,
forkyard,25795072,25,24,transfer,297.57374999462627,True,
forkyard,25795072,25,24,discard,2.5192499888362363,True,
forkyard,25795072,25,24,acquire,6.618957995669916,True,
forkyard,25795072,25,24,set_balance,153.96712500660215,True,
forkyard,25795072,25,24,transfer,163.57000000425614,True,
forkyard,25795072,25,24,get_balance,5.584124999586493,True,
forkyard,25795072,25,24,discard,2.2006250073900446,True,
forkyard,25795072,25,24,acquire,2.7845419972436503,True,
forkyard,25795072,25,24,set_balance,139.89220799703617,True,
forkyard,25795072,25,24,swap_eth_for_token,163.0542089988012,True,
forkyard,25795072,25,24,swap_eth_for_token,20.4064580029808,True,
forkyard,25795072,25,24,discard,1.0713330120779574,True,
forkyard,25795072,25,-1,__total__,20237.1526670031,True,
anvil,25795072,25,0,acquire,879.8862919938983,True,
anvil,25795072,25,0,set_balance,142.98191700072493,True,
anvil,25795072,25,0,fund_token,144.67312500346452,True,
anvil,25795072,25,0,transfer,1729.7430420003366,True,
anvil,25795072,25,0,discard,4.558582993922755,True,
anvil,25795072,25,0,acquire,829.4092500000261,True,
anvil,25795072,25,0,set_balance,135.83595800446346,True,
anvil,25795072,25,0,fund_token,143.37704199715517,True,
anvil,25795072,25,0,swap_eth_for_token,2200.1731659984216,True,
anvil,25795072,25,0,discard,4.587291012285277,True,
anvil,25795072,25,0,acquire,830.920291991788,True,
anvil,25795072,25,0,set_balance,139.7092499973951,True,
anvil,25795072,25,0,swap_eth_for_token,2447.9690420121187,True,
anvil,25795072,25,0,get_balance,2.0631249935831875,True,
anvil,25795072,25,0,discard,4.550458004814573,True,
anvil,25795072,25,0,acquire,828.9684159972239,True,
anvil,25795072,25,0,set_balance,143.48124999378342,True,
anvil,25795072,25,0,get_balance,2.5387499917997047,True,
anvil,25795072,25,0,swap_eth_for_token,2457.711333001498,True,
anvil,25795072,25,0,discard,4.539625006145798,True,
anvil,25795072,25,0,acquire,829.3646669917507,True,
anvil,25795072,25,0,set_balance,145.57458300259896,True,
anvil,25795072,25,0,swap_eth_for_token,2452.6197079976555,True,
anvil,25795072,25,0,transfer,496.4370420057094,True,
anvil,25795072,25,0,discard,4.5588749926537275,True,
anvil,25795072,25,0,acquire,838.531083005364,True,
anvil,25795072,25,0,set_balance,137.573958010762,True,
anvil,25795072,25,0,fund_token,140.5957499955548,True,
anvil,25795072,25,0,swap_eth_for_token,2194.228332999046,True,
anvil,25795072,25,0,discard,4.585415998008102,True,
anvil,25795072,25,0,acquire,836.4921669999603,True,
anvil,25795072,25,0,set_balance,140.16654100851156,True,
anvil,25795072,25,0,swap_eth_for_token,2442.934624996269,True,
anvil,25795072,25,0,fund_token,0.745457989978604,True,
anvil,25795072,25,0,discard,4.572874997393228,True,
anvil,25795072,25,0,acquire,826.131499998155,True,
anvil,25795072,25,0,set_balance,147.26870800950564,True,
anvil,25795072,25,0,swap_eth_for_token,2486.163249996025,True,
anvil,25795072,25,0,transfer,507.2946250002133,True,
anvil,25795072,25,0,discard,4.565249997540377,True,
anvil,25795072,25,0,acquire,843.198125003255,True,
anvil,25795072,25,0,set_balance,141.4404579991242,True,
anvil,25795072,25,0,fund_token,140.95075000659563,True,
anvil,25795072,25,0,approve,783.8294579996727,True,
anvil,25795072,25,0,discard,4.681749996962026,True,
anvil,25795072,25,0,acquire,861.993500002427,True,
anvil,25795072,25,0,set_balance,146.7566670035012,True,
anvil,25795072,25,0,get_balance,3.4740420087473467,True,
anvil,25795072,25,0,transfer,759.0302919998066,True,
anvil,25795072,25,0,discard,4.5619169977726415,True,
anvil,25795072,25,1,acquire,852.8957499947865,True,
anvil,25795072,25,1,set_balance,141.31099999940488,True,
anvil,25795072,25,1,get_balance,14.719667000463232,True,
anvil,25795072,25,1,swap_eth_for_token,3605.270542000653,True,
anvil,25795072,25,1,discard,4.576499995891936,True,
anvil,25795072,25,1,acquire,834.611333993962,True,
anvil,25795072,25,1,set_balance,165.5378750001546,True,
anvil,25795072,25,1,fund_token,147.8122499975143,True,
anvil,25795072,25,1,fund_token,0.9775829967111349,True,
anvil,25795072,25,1,discard,4.5695000007981434,True,
anvil,25795072,25,1,acquire,834.6635000052629,True,
anvil,25795072,25,1,set_balance,143.27966699784156,True,
anvil,25795072,25,1,get_balance,1.9558750063879415,True,
anvil,25795072,25,1,fund_token,142.93983399693388,True,
anvil,25795072,25,1,discard,4.441125012817793,True,
anvil,25795072,25,1,acquire,843.4321249951608,True,
anvil,25795072,25,1,set_balance,141.85129200632218,True,
anvil,25795072,25,1,fund_token,142.13162500527687,True,
anvil,25795072,25,1,approve,745.1998330070637,True,
anvil,25795072,25,1,discard,2.3415840114466846,True,
anvil,25795072,25,1,acquire,843.4594580030534,True,
anvil,25795072,25,1,set_balance,139.832375003607,True,
anvil,25795072,25,1,swap_eth_for_token,2438.680833001854,True,
anvil,25795072,25,1,transfer,493.18587500602007,True,
anvil,25795072,25,1,discard,4.544333991361782,True,
anvil,25795072,25,1,acquire,833.8296250003623,True,
anvil,25795072,25,1,set_balance,152.47683299821801,True,
anvil,25795072,25,1,transfer,739.00612500438,True,
anvil,25795072,25,1,transfer,486.80258401145693,True,
anvil,25795072,25,1,discard,4.556416999548674,True,
anvil,25795072,25,1,acquire,828.3415829937439,True,
anvil,25795072,25,1,set_balance,144.49229200545233,True,
anvil,25795072,25,1,fund_token,145.34400000411551,True,
anvil,25795072,25,1,fund_token,1.0077080078190193,True,
anvil,25795072,25,1,discard,4.572042002109811,True,
anvil,25795072,25,1,acquire,826.8100000132108,True,
anvil,25795072,25,1,set_balance,145.69308298814576,True,
anvil,25795072,25,1,get_balance,1.6683330031810328,True,
anvil,25795072,25,1,fund_token,143.9359170035459,True,
anvil,25795072,25,1,discard,4.569790995446965,True,
anvil,25795072,25,1,acquire,842.6800840097712,True,
anvil,25795072,25,1,set_balance,137.8082920127781,True,
anvil,25795072,25,1,swap_eth_for_token,2468.8274590007495,True,
anvil,25795072,25,1,get_balance,6.528375000925735,True,
anvil,25795072,25,1,discard,4.704916995251551,True,
anvil,25795072,25,1,acquire,838.428417002433,True,
anvil,25795072,25,1,set_balance,148.44683298724703,True,
anvil,25795072,25,1,swap_eth_for_token,2451.2580419977894,True,
anvil,25795072,25,1,fund_token,5.971082995529287,True,
anvil,25795072,25,1,discard,5.25674999516923,True,
anvil,25795072,25,2,acquire,895.9525000100257,True,
anvil,25795072,25,2,set_balance,144.43904199288227,True,
anvil,25795072,25,2,transfer,1729.4432500057155,True,
anvil,25795072,25,2,transfer,489.89287500444334,True,
anvil,25795072,25,2,discard,4.556667001452297,True,
anvil,25795072,25,2,acquire,840.7782089925604,True,
anvil,25795072,25,2,set_balance,143.17749999463558,True,
anvil,25795072,25,2,get_balance,2.0032910106237978,True,
anvil,25795072,25,2,swap_eth_for_token,2472.207624989096,True,
anvil,25795072,25,2,discard,4.698499993537553,True,
anvil,25795072,25,2,acquire,850.4025000002002,True,
anvil,25795072,25,2,set_balance,150.70345900312532,True,
anvil,25795072,25,2,transfer,740.0924579997081,True,
anvil,25795072,25,2,fund_token,140.76320799358655,True,
anvil,25795072,25,2,discard,4.160291005973704,True,
anvil,25795072,25,2,acquire,834.6906250080792,True,
anvil,25795072,25,2,set_balance,147.5181660061935,True,
anvil,25795072,25,2,swap_eth_for_token,2504.353665994131,True,
anvil,25795072,25,2,swap_eth_for_token,259.0254160022596,True,
anvil,25795072,25,2,discard,4.571500001475215,True,
anvil,25795072,25,2,acquire,829.79408299434,True,
anvil,25795072,25,2,set_balance,144.60875000804663,True,
anvil,25795072,25,2,transfer,749.6418750088196,True,
anvil,25795072,25,2,fund_token,140.72870800737292,True,
anvil,25795072,25,2,discard,4.55391600553412,True,
anvil,25795072,25,2,acquire,838.029207996442,True,
anvil,25795072,25,2,set_balance,144.9315000063507,True,
anvil,25795072,25,2,fund_token,144.07300000311807,True,
anvil,25795072,25,2,approve,738.6958749993937,True,
anvil,25795072,25,2,discard,4.58066699502524,True,
anvil,25795072,25,2,acquire,831.5626670082565,True,
anvil,25795072,25,2,set_balance,140.79637500981335,True,
anvil,25795072,25,2,get_balance,2.906165987951681,True,
anvil,25795072,25,2,transfer,729.4843749987194,True,
anvil,25795072,25,2,discard,3.74533400463406,True,
anvil,25795072,25,2,acquire,846.7545410094317,True,
anvil,25795072,25,2,set_balance,143.87445800821297,True,
anvil,25795072,25,2,swap_eth_for_token,2501.1110000050394,True,
anvil,25795072,25,2,get_balance,2.1925830078544095,True,
anvil,25795072,25,2,discard,4.561666995869018,True,
anvil,25795072,25,2,acquire,827.5795829977142,True,
anvil,25795072,25,2,set_balance,135.21012499404605,True,
anvil,25795072,25,2,get_balance,1.6378340078517795,True,
anvil,25795072,25,2,fund_token,138.87375000922475,True,
anvil,25795072,25,2,discard,4.849040997214615,True,
anvil,25795072,25,2,acquire,843.4574580023764,True,
anvil,25795072,25,2,set_balance,141.20945900504012,True,
anvil,25795072,25,2,swap_eth_for_token,2476.605042000301,True,
anvil,25795072,25,2,fund_token,0.8919579995563254,True,
anvil,25795072,25,2,discard,4.5679580071009696,True,
anvil,25795072,25,3,acquire,861.3852499984205,True,
anvil,25795072,25,3,set_balance,147.79291699233,True,
anvil,25795072,25,3,get_balance,8.805500008747913,True,
anvil,25795072,25,3,swap_eth_for_token,2501.2010829959763,True,
anvil,25795072,25,3,discard,4.55991699709557,True,
anvil,25795072,25,3,acquire,831.1010830075247,True,
anvil,25795072,25,3,set_balance,142.07787500345148,True,
anvil,25795072,25,3,transfer,752.3752500128467,True,
anvil,25795072,25,3,fund_token,148.0480419995729,True,
anvil,25795072,25,3,discard,4.367334011476487,True,
anvil,25795072,25,3,acquire,843.0767919926438,True,
anvil,25795072,25,3,set_balance,141.10070800234098,True,
anvil,25795072,25,3,get_balance,3.154666002956219,True,
anvil,25795072,25,3,fund_token,148.28849998593796,True,
anvil,25795072,25,3,discard,4.788833000930026,True,
anvil,25795072,25,3,acquire,846.1028750025434,True,
anvil,25795072,25,3,set_balance,150.16999999352265,True,
anvil,25795072,25,3,fund_token,147.78937499795575,True,
anvil,25795072,25,3,get_balance,2.431583998259157,True,
anvil,25795072,25,3,discard,4.560458997730166,True,
anvil,25795072,25,3,acquire,841.9259999936912,True,
anvil,25795072,25,3,set_balance,138.01120899734087,True,
anvil,25795072,25,3,fund_token,143.5683329909807,True,
anvil,25795072,25,3,transfer,754.5657500013476,True,
anvil,25795072,25,3,discard,4.560458997730166,True,
anvil,25795072,25,3,acquire,834.152958006598,True,
anvil,25795072,25,3,set_balance,144.23879201058298,True,
anvil,25795072,25,3,transfer,751.0645830043359,True,
anvil,25795072,25,3,transfer,494.45095799455885,True,
anvil,25795072,25,3,discard,4.611958007444628,True,
anvil,25795072,25,3,acquire,846.1579580034595,True,
anvil,25795072,25,3,set_balance,138.77254199178424,True,
anvil,25795072,25,3,fund_token,144.90775000012945,True,
anvil,25795072,25,3,fund_token,0.8034170023165643,True,
anvil,25795072,25,3,discard,4.921665997244418,True,
anvil,25795072,25,3,acquire,830.0680839893175,True,
anvil,25795072,25,3,set_balance,141.84404199477285,True,
anvil,25795072,25,3,fund_token,142.37175000016578,True,
anvil,25795072,25,3,swap_eth_for_token,2219.1338339907816,True,
anvil,25795072,25,3,discard,4.597666003974155,True,
anvil,25795072,25,3,acquire,826.529792000656,True,
anvil,25795072,25,3,set_balance,150.3390410071006,True,
anvil,25795072,25,3,transfer,763.2801250001648,True,
anvil,25795072,25,3,fund_token,145.3321659937501,True,
anvil,25795072,25,3,discard,4.737166993436404,True,
anvil,25795072,25,3,acquire,1040.502750009182,True,
anvil,25795072,25,3,set_balance,143.73999999952503,True,
anvil,25795072,25,3,swap_eth_for_token,2500.7057920010993,True,
anvil,25795072,25,3,swap_eth_for_token,264.17475000198465,True,
anvil,25795072,25,3,discard,4.595499995048158,True,
anvil,25795072,25,4,acquire,868.1397079926683,True,
anvil,25795072,25,4,set_balance,140.54095800383948,True,
anvil,25795072,25,4,get_balance,5.693708008038811,True,
anvil,25795072,25,4,transfer,1630.1302500069141,True,
anvil,25795072,25,4,discard,4.665790998842567,True,
anvil,25795072,25,4,acquire,839.5850829983829,True,
anvil,25795072,25,4,set_balance,143.48299999255687,True,
anvil,25795072,25,4,fund_token,144.5241250039544,True,
anvil,25795072,25,4,transfer,744.1263750079088,True,
anvil,25795072,25,4,discard,4.574291000608355,True,
anvil,25795072,25,4,acquire,830.0693749915808,True,
anvil,25795072,25,4,set_balance,138.285499997437,True,
anvil,25795072,25,4,transfer,731.9280829979107,True,
anvil,25795072,25,4,swap_eth_for_token,2217.3211670015007,True,
anvil,25795072,25,4,discard,4.571541998302564,True,
anvil,25795072,25,4,acquire,833.0944999906933,True,
anvil,25795072,25,4,set_balance,146.17191700381227,True,
anvil,25795072,25,4,get_balance,1.8974590057041496,True,
anvil,25795072,25,4,swap_eth_for_token,2512.4925839918433,True,
anvil,25795072,25,4,discard,5.3637079981854185,True,
anvil,25795072,25,4,acquire,844.2811659915606,True,
anvil,25795072,25,4,set_balance,137.37816699722316,True,
anvil,25795072,25,4,transfer,725.9412500134204,True,
anvil,25795072,25,4,get_balance,1.4143750013317913,True,
anvil,25795072,25,4,discard,3.5886250116163865,True,
anvil,25795072,25,4,acquire,842.3414999997476,True,
anvil,25795072,25,4,set_balance,139.24499999848194,True,
anvil,25795072,25,4,swap_eth_for_token,2428.0726669967407,True,
anvil,25795072,25,4,get_balance,3.0304999963846058,True,
anvil,25795072,25,4,discard,7.569499997771345,True,
anvil,25795072,25,4,acquire,837.8112920036074,True,
anvil,25795072,25,4,set_balance,136.95912499679253,True,
anvil,25795072,25,4,swap_eth_for_token,2448.2175830053166,True,
anvil,25795072,25,4,swap_eth_for_token,261.19629200547934,True,
anvil,25795072,25,4,discard,4.183583005215041,True,
anvil,25795072,25,4,acquire,843.2007499941392,True,
anvil,25795072,25,4,set_balance,146.9422910013236,True,
anvil,25795072,25,4,swap_eth_for_token,2498.6497500067344,True,
anvil,25795072,25,4,get_balance,4.455374990357086,True,
anvil,25795072,25,4,discard,4.564832997857593,True,
anvil,25795072,25,4,acquire,904.4118330057245,True,
anvil,25795072,25,4,set_balance,154.88708300108556,True,
anvil,25795072,25,4,get_balance,1.9745830068131909,True,
anvil,25795072,25,4,swap_eth_for_token,2516.012415988371,True,
anvil,25795072,25,4,discard,3.7261660036165267,True,
anvil,25795072,25,4,acquire,847.8310000064084,True,
anvil,25795072,25,4,set_balance,152.6763339934405,True,
anvil,25795072,25,4,swap_eth_for_token,2525.626792004914,True,
anvil,25795072,25,4,swap_eth_for_token,270.67991699732374,True,
anvil,25795072,25,4,discard,10.738082986790687,True,
anvil,25795072,25,5,acquire,856.2129170022672,True,
anvil,25795072,25,5,set_balance,146.29775000503287,True,
anvil,25795072,25,5,swap_eth_for_token,4645.9345830080565,True,
anvil,25795072,25,5,transfer,489.912707998883,True,
anvil,25795072,25,5,discard,4.081249993760139,True,
anvil,25795072,25,5,acquire,837.0992499985732,True,
anvil,25795072,25,5,set_balance,139.55074999830686,True,
anvil,25795072,25,5,get_balance,1.9033749995287508,True,
anvil,25795072,25,5,get_balance,1.5791250043548644,True,
anvil,25795072,25,5,discard,4.543916002148762,True,
anvil,25795072,25,5,acquire,854.964750004001,True,
anvil,25795072,25,5,set_balance,139.58362500125077,True,
anvil,25795072,25,5,swap_eth_for_token,2466.171749998466,True,
anvil,25795072,25,5,get_balance,1.6631249891361222,True,
anvil,25795072,25,5,discard,4.6274589985841885,True,
anvil,25795072,25,5,acquire,839.2480420006905,True,
anvil,25795072,25,5,set_balance,137.33470800798386,True,
anvil,25795072,25,5,transfer,736.2409999914235,True,
anvil,25795072,25,5,transfer,492.71429200598504,True,
anvil,25795072,25,5,discard,4.576457999064587,True,
anvil,25795072,25,5,acquire,825.1648339937674,True,
anvil,25795072,25,5,set_balance,139.4351250055479,True,
anvil,25795072,25,5,fund_token,140.51895900047384,True,
anvil,25795072,25,5,get_balance,2.379375000600703,True,
anvil,25795072,25,5,discard,4.63204100378789,True,
anvil,25795072,25,5,acquire,843.8975419994676,True,
anvil,25795072,25,5,set_balance,138.33900001191068,True,
anvil,25795072,25,5,get_balance,1.5904169995337725,True,
anvil,25795072,25,5,get_balance,1.345167009276338,True,
anvil,25795072,25,5,discard,4.494958004215732,True,
anvil,25795072,25,5,acquire,828.4928329958348,True,
anvil,25795072,25,5,set_balance,137.30583299184218,True,
anvil,25795072,25,5,get_balance,1.8550419918028638,True,
anvil,25795072,25,5,transfer,761.4499170013005,True,
anvil,25795072,25,5,discard,4.579333995934576,True,
anvil,25795072,25,5,acquire,838.5677079932066,True,
anvil,25795072,25,5,set_balance,142.3830830026418,True,
anvil,25795072,25,5,get_balance,2.132374997017905,True,
anvil,25795072,25,5,get_balance,1.398916996549815,True,
anvil,25795072,25,5,discard,4.536458000075072,True,
anvil,25795072,25,5,acquire,835.6853339937516,True,
anvil,25795072,25,5,set_balance,147.60945799935143,True,
anvil,25795072,25,5,swap_eth_for_token,2458.183167007519,True,
anvil,25795072,25,5,get_balance,3.7179999926593155,True,
anvil,25795072,25,5,discard,4.626249996363185,True,
anvil,25795072,25,5,acquire,832.8362500033109,True,
anvil,25795072,25,5,set_balance,138.8327080057934,True,
anvil,25795072,25,5,get_balance,2.145499995094724,True,
anvil,25795072,25,5,fund_token,141.10895899648312,True,
anvil,25795072,25,5,discard,4.320749998441897,True,
anvil,25795072,25,6,acquire,886.033500006306,True,
anvil,25795072,25,6,set_balance,144.30283301044255,True,
anvil,25795072,25,6,transfer,1711.1206249974202,True,
anvil,25795072,25,6,swap_eth_for_token,2072.4934169993503,True,
anvil,25795072,25,6,discard,4.579499989631586,True,
anvil,25795072,25,6,acquire,830.7672080118209,True,
anvil,25795072,25,6,set_balance,147.45062500878703,True,
anvil,25795072,25,6,transfer,760.4751670005498,True,
anvil,25795072,25,6,fund_token,145.10870799131226,True,
anvil,25795072,25,6,discard,4.74999999278225,True,
anvil,25795072,25,6,acquire,860.886666996521,True,
anvil,25795072,25,6,set_balance,146.231540988083,True,
anvil,25795072,25,6,swap_eth_for_token,2453.350750001846,True,
anvil,25795072,25,6,swap_eth_for_token,266.74862499930896,True,
anvil,25795072,25,6,discard,4.560499990475364,True,
anvil,25795072,25,6,acquire,821.4899169979617,True,
anvil,25795072,25,6,set_balance,145.59933300188277,True,
anvil,25795072,25,6,get_balance,2.2644589917035773,True,
anvil,25795072,25,6,transfer,746.7708339972887,True,
anvil,25795072,25,6,discard,2.978584001539275,True,
anvil,25795072,25,6,acquire,839.883958993596,True,
anvil,25795072,25,6,set_balance,145.3702080034418,True,
anvil,25795072,25,6,swap_eth_for_token,2502.4639580078656,True,
anvil,25795072,25,6,fund_token,0.6222920055733994,True,
anvil,25795072,25,6,discard,4.395374999148771,True,
anvil,25795072,25,6,acquire,832.1730829920853,True,
anvil,25795072,25,6,set_balance,138.15258401155006,True,
anvil,25795072,25,6,transfer,739.9282499973197,True,
anvil,25795072,25,6,fund_token,139.50233299692627,True,
anvil,25795072,25,6,discard,4.546500000287779,True,
anvil,25795072,25,6,acquire,838.9699999970617,True,
anvil,25795072,25,6,set_balance,143.25854199705645,True,
anvil,25795072,25,6,fund_token,145.83949999359902,True,
anvil,25795072,25,6,get_balance,11.996165994787589,True,
anvil,25795072,25,6,discard,4.720542012364604,True,
anvil,25795072,25,6,acquire,848.6980000016047,True,
anvil,25795072,25,6,set_balance,143.33316699776333,True,
anvil,25795072,25,6,transfer,769.1592920018593,True,
anvil,25795072,25,6,get_balance,1.9739580020541325,True,
anvil,25795072,25,6,discard,4.547667005681433,True,
anvil,25795072,25,6,acquire,848.955958004808,True,
anvil,25795072,25,6,set_balance,148.99224998953287,True,
anvil,25795072,25,6,fund_token,144.51870799530298,True,
anvil,25795072,25,6,approve,748.8216250058031,True,
anvil,25795072,25,6,discard,4.588791009155102,True,
anvil,25795072,25,6,acquire,828.7275420007063,True,
anvil,25795072,25,6,set_balance,143.4190409927396,True,
anvil,25795072,25,6,get_balance,2.1834579965798184,True,
anvil,25795072,25,6,swap_eth_for_token,2520.7019169902196,True,
anvil,25795072,25,6,discard,4.551833000732586,True,
anvil,25795072,25,7,acquire,899.9130419979338,True,
anvil,25795072,25,7,set_balance,143.70012500148732,True,
anvil,25795072,25,7,swap_eth_for_token,3737.1292500029085,True,
anvil,25795072,25,7,fund_token,1.3713750086026266,True,
anvil,25795072,25,7,discard,4.5220829924801365,True,
anvil,25795072,25,7,acquire,834.7194160014624,True,
anvil,25795072,25,7,set_balance,145.9687079914147,True,
anvil,25795072,25,7,transfer,772.0980000012787,True,
anvil,25795072,25,7,swap_eth_for_token,2206.450750003569,True,
anvil,25795072,25,7,discard,6.266457989113405,True,
anvil,25795072,25,7,acquire,829.535124998074,True,
anvil,25795072,25,7,set_balance,140.4190000030212,True,
anvil,25795072,25,7,get_balance,1.9262499990873039,True,
anvil,25795072,25,7,transfer,737.8659160021925,True,
anvil,25795072,25,7,discard,3.8757089932914823,True,
anvil,25795072,25,7,acquire,824.3913750047795,True,
anvil,25795072,25,7,set_balance,138.94379200064577,True,
anvil,25795072,25,7,fund_token,142.14741600153502,True,
anvil,25795072,25,7,get_balance,1.8684579990804195,True,
anvil,25795072,25,7,discard,4.7222499997587875,True,
anvil,25795072,25,7,acquire,848.6744580004597,True,
anvil,25795072,25,7,set_balance,144.76308299344964,True,
anvil,25795072,25,7,fund_token,147.63583400053903,True,
anvil,25795072,25,7,approve,762.3494579893304,True,
anvil,25795072,25,7,discard,4.576167004415765,True,
anvil,25795072,25,7,acquire,829.9970829975791,True,
anvil,25795072,25,7,set_balance,141.20829199964646,True,
anvil,25795072,25,7,transfer,762.3152500018477,True,
anvil,25795072,25,7,transfer,500.91454200446606,True,
anvil,25795072,25,7,discard,4.576541992719285,True,
anvil,25795072,25,7,acquire,833.028542008833,True,
anvil,25795072,25,7,set_balance,140.41945899953134,True,
anvil,25795072,25,7,transfer,752.3407920089085,True,
anvil,25795072,25,7,swap_eth_for_token,2218.201625000802,True,
anvil,25795072,25,7,discard,4.363000000012107,True,
anvil,25795072,25,7,acquire,834.3499159964267,True,
anvil,25795072,25,7,set_balance,140.20283399440814,True,
anvil,25795072,25,7,get_balance,1.661917005549185,True,
anvil,25795072,25,7,swap_eth_for_token,2750.167375008459,True,
anvil,25795072,25,7,discard,4.594333004206419,True,
anvil,25795072,25,7,acquire,828.3447499998147,True,
anvil,25795072,25,7,set_balance,148.06641600443982,True,
anvil,25795072,25,7,transfer,764.748999994481,True,
anvil,25795072,25,7,swap_eth_for_token,2256.9789589906577,True,
anvil,25795072,25,7,discard,4.623916000127792,True,
anvil,25795072,25,7,acquire,841.704500009655,True,
anvil,25795072,25,7,set_balance,141.12400000158232,True,
anvil,25795072,25,7,transfer,764.2469170095865,True,
anvil,25795072,25,7,get_balance,2.951332993688993,True,
anvil,25795072,25,7,discard,4.601540989824571,True,
anvil,25795072,25,8,acquire,890.884125008597,True,
anvil,25795072,25,8,set_balance,146.57445800548885,True,
anvil,25795072,25,8,get_balance,1.6011249972507358,True,
anvil,25795072,25,8,fund_token,140.70741699833889,True,
anvil,25795072,25,8,discard,4.591125005390495,True,
anvil,25795072,25,8,acquire,836.863333999645,True,
anvil,25795072,25,8,set_balance,143.00987499882467,True,
anvil,25795072,25,8,get_balance,2.7068749914178625,True,
anvil,25795072,25,8,transfer,748.6797090095934,True,
anvil,25795072,25,8,discard,4.556291009066626,True,
anvil,25795072,25,8,acquire,836.6537909896579,True,
anvil,25795072,25,8,set_balance,142.19787500042003,True,
anvil,25795072,25,8,get_balance,2.9899170040152967,True,
anvil,25795072,25,8,fund_token,146.34562500577886,True,
anvil,25795072,25,8,discard,4.602583008818328,True,
anvil,25795072,25,8,acquire,842.5591670093127,True,
anvil,25795072,25,8,set_balance,154.1158330073813,True,
anvil,25795072,25,8,fund_token,151.88745901104994,True,
anvil,25795072,25,8,fund_token,0.875917001394555,True,
anvil,25795072,25,8,discard,4.568832999211736,True,
anvil,25795072,25,8,acquire,840.4816249967553,True,
anvil,25795072,25,8,set_balance,138.57500000449363,True,
anvil,25795072,25,8,fund_token,148.2169579976471,True,
anvil,25795072,25,8,fund_token,2.1468750055646524,True,
anvil,25795072,25,8,discard,4.57000000460539,True,
anvil,25795072,25,8,acquire,842.7313329884782,True,
anvil,25795072,25,8,set_balance,140.4782079916913,True,
anvil,25795072,25,8,fund_token,140.80200000898913,True,
anvil,25795072,25,8,transfer,756.7536660062615,True,
anvil,25795072,25,8,discard,4.0314579964615405,True,
anvil,25795072,25,8,acquire,834.822124990751,True,
anvil,25795072,25,8,set_balance,144.9649580026744,True,
anvil,25795072,25,8,fund_token,150.00379200500902,True,
anvil,25795072,25,8,fund_token,1.0675829980755225,True,
anvil,25795072,25,8,discard,4.55320900073275,True,
anvil,25795072,25,8,acquire,846.0667089966591,True,
anvil,25795072,25,8,set_balance,145.99716701195575,True,
anvil,25795072,25,8,swap_eth_for_token,2468.759499999578,True,
anvil,25795072,25,8,transfer,490.44945900095627,True,
anvil,25795072,25,8,discard,4.5599580043926835,True,
anvil,25795072,25,8,acquire,827.7131659997394,True,
anvil,25795072,25,8,set_balance,140.1411660044687,True,
anvil,25795072,25,8,fund_token,143.17550000851043,True,
anvil,25795072,25,8,transfer,754.0775410016067,True,
anvil,25795072,25,8,discard,4.236583001329564,True,
anvil,25795072,25,8,acquire,825.1512919960078,True,
anvil,25795072,25,8,set_balance,138.79629099392332,True,
anvil,25795072,25,8,get_balance,3.237791999708861,True,
anvil,25795072,25,8,fund_token,142.0218749990454,True,
anvil,25795072,25,8,discard,4.573333993903361,True,
anvil,25795072,25,9,acquire,887.8574169939384,True,
anvil,25795072,25,9,set_balance,149.67641700059175,True,
anvil,25795072,25,9,fund_token,159.89979199366644,True,
anvil,25795072,25,9,swap_eth_for_token,3348.0017090041656,True,
anvil,25795072,25,9,discard,4.281083995010704,True,
anvil,25795072,25,9,acquire,851.5020830091089,True,
anvil,25795072,25,9,set_balance,150.27550001104828,True,
anvil,25795072,25,9,get_balance,2.53445899579674,True,
anvil,25795072,25,9,swap_eth_for_token,2474.977999998373,True,
anvil,25795072,25,9,discard,4.427416992257349,True,
anvil,25795072,25,9,acquire,842.1508339961292,True,
anvil,25795072,25,9,set_balance,136.7404170014197,True,
anvil,25795072,25,9,transfer,727.8086250007618,True,
anvil,25795072,25,9,transfer,485.5196670105215,True,
anvil,25795072,25,9,discard,4.541917005553842,True,
anvil,25795072,25,9,acquire,834.5356250065379,True,
anvil,25795072,25,9,set_balance,148.90841599844862,True,
anvil,25795072,25,9,get_balance,2.1076660050312057,True,
anvil,25795072,25,9,fund_token,152.29195800202433,True,
anvil,25795072,25,9,discard,4.5695000007981434,True,
anvil,25795072,25,9,acquire,840.82449998823,True,
anvil,25795072,25,9,set_balance,141.2004580051871,True,
anvil,25795072,25,9,get_balance,1.8211659917142242,True,
anvil,25795072,25,9,transfer,738.3457499963697,True,
anvil,25795072,25,9,discard,4.544708004686981,True,
anvil,25795072,25,9,acquire,838.304666991462,True,
anvil,25795072,25,9,set_balance,137.97587501176167,True,
anvil,25795072,25,9,get_balance,2.7255409950157627,True,
anvil,25795072,25,9,fund_token,142.1763340040343,True,
anvil,25795072,25,9,discard,4.561333000310697,True,
anvil,25795072,25,9,acquire,833.9882500004023,True,
anvil,25795072,25,9,set_balance,185.81166600051802,True,
anvil,25795072,25,9,swap_eth_for_token,2506.772249995265,True,
anvil,25795072,25,9,get_balance,6.629500014241785,True,
anvil,25795072,25,9,discard,4.564667004160583,True,
anvil,25795072,25,9,acquire,842.6454159925925,True,
anvil,25795072,25,9,set_balance,160.52754200063646,True,
anvil,25795072,25,9,transfer,777.6784580055391,True,
anvil,25795072,25,9,get_balance,2.2337080008583143,True,
anvil,25795072,25,9,discard,4.563334005069919,True,
anvil,25795072,25,9,acquire,831.316625000909,True,
anvil,25795072,25,9,set_balance,144.51050000207033,True,
anvil,25795072,25,9,swap_eth_for_token,2486.1813750030706,True,
anvil,25795072,25,9,transfer,503.47370900271926,True,
anvil,25795072,25,9,discard,4.526666991296224,True,
anvil,25795072,25,9,acquire,836.1937089939602,True,
anvil,25795072,25,9,set_balance,140.48391599499155,True,
anvil,25795072,25,9,transfer,764.4284160051029,True,
anvil,25795072,25,9,transfer,511.6623339999933,True,
anvil,25795072,25,9,discard,4.619375002221204,True,
anvil,25795072,25,10,acquire,859.9916249950184,True,
anvil,25795072,25,10,set_balance,143.71829100127798,True,
anvil,25795072,25,10,transfer,757.2693750116741,True,
anvil,25795072,25,10,fund_token,150.88674999424256,True,
anvil,25795072,25,10,discard,4.474792003748007,True,
anvil,25795072,25,10,acquire,847.3208340001293,True,
anvil,25795072,25,10,set_balance,139.46345800650306,True,
anvil,25795072,25,10,get_balance,1.7453750042477623,True,
anvil,25795072,25,10,fund_token,142.52145899808966,True,
anvil,25795072,25,10,discard,1.6184170090127736,True,
anvil,25795072,25,10,acquire,834.3482500058599,True,
anvil,25795072,25,10,set_balance,140.69154199387413,True,
anvil,25795072,25,10,get_balance,1.7046249995473772,True,
anvil,25795072,25,10,fund_token,144.9977080046665,True,
anvil,25795072,25,10,discard,4.663542000344023,True,
anvil,25795072,25,10,acquire,842.4677080038236,True,
anvil,25795072,25,10,set_balance,138.20954199763946,True,
anvil,25795072,25,10,transfer,755.9570000012172,True,
anvil,25795072,25,10,swap_eth_for_token,2180.8569170098053,True,
anvil,25795072,25,10,discard,4.412292008055374,True,
anvil,25795072,25,10,acquire,821.7855409893673,True,
anvil,25795072,25,10,set_balance,145.85812500445172,True,
anvil,25795072,25,10,fund_token,153.2675000053132,True,
anvil,25795072,25,10,approve,742.0831670024199,True,
anvil,25795072,25,10,discard,4.538749999483116,True,
anvil,25795072,25,10,acquire,843.6344999936409,True,
anvil,25795072,25,10,set_balance,147.68295800604392,True,
anvil,25795072,25,10,fund_token,151.2177920085378,True,
anvil,25795072,25,10,swap_eth_for_token,2226.385667003342,True,
anvil,25795072,25,10,discard,4.337666992796585,True,
anvil,25795072,25,10,acquire,837.3788750031963,True,
anvil,25795072,25,10,set_balance,146.53116698900703,True,
anvil,25795072,25,10,get_balance,5.163250010809861,True,
anvil,25795072,25,10,swap_eth_for_token,2489.8965409956872,True,
anvil,25795072,25,10,discard,5.764374989666976,True,
anvil,25795072,25,10,acquire,850.0767499936046,True,
anvil,25795072,25,10,set_balance,141.81258300959598,True,
anvil,25795072,25,10,fund_token,146.54966699890792,True,
anvil,25795072,25,10,fund_token,0.6220829964149743,True,
anvil,25795072,25,10,discard,4.5407919969875365,True,
anvil,25795072,25,10,acquire,844.075334010995,True,
anvil,25795072,25,10,set_balance,138.8985420053359,True,
anvil,25795072,25,10,transfer,750.3068749938393,True,
anvil,25795072,25,10,get_balance,2.595292011392303,True,
anvil,25795072,25,10,discard,4.546457988908514,True,
anvil,25795072,25,10,acquire,853.2535410049604,True,
anvil,25795072,25,10,set_balance,142.34479099104647,True,
anvil,25795072,25,10,get_balance,2.5405830092495307,True,
anvil,25795072,25,10,swap_eth_for_token,2437.8512910043355,True,
anvil,25795072,25,10,discard,4.541624992270954,True,
anvil,25795072,25,11,acquire,905.0362499983748,True,
anvil,25795072,25,11,set_balance,138.11020900902804,True,
anvil,25795072,25,11,fund_token,137.35016700229608,True,
anvil,25795072,25,11,fund_token,0.9923750039888546,True,
anvil,25795072,25,11,discard,2.3792080028215423,True,
anvil,25795072,25,11,acquire,845.7408329995815,True,
anvil,25795072,25,11,set_balance,145.20625000295695,True,
anvil,25795072,25,11,get_balance,2.135999995516613,True,
anvil,25795072,25,11,get_balance,1.6950830031419173,True,
anvil,25795072,25,11,discard,4.5780829968862236,True,
anvil,25795072,25,11,acquire,840.9439999959432,True,
anvil,25795072,25,11,set_balance,136.75379200140014,True,
anvil,25795072,25,11,fund_token,142.65520899789408,True,
anvil,25795072,25,11,get_balance,2.0987500029150397,True,
anvil,25795072,25,11,discard,4.148458989220671,True,
anvil,25795072,25,11,acquire,832.4426250037504,True,
anvil,25795072,25,11,set_balance,138.47279199399054,True,
anvil,25795072,25,11,transfer,754.1253329982283,True,
anvil,25795072,25,11,fund_token,157.34154199890327,True,
anvil,25795072,25,11,discard,2.744666999205947,True,
anvil,25795072,25,11,acquire,833.4294999949634,True,
anvil,25795072,25,11,set_balance,144.06624999537598,True,
anvil,25795072,25,11,transfer,760.3927919990383,True,
anvil,25795072,25,11,transfer,501.849874999607,True,
anvil,25795072,25,11,discard,4.553833001409657,True,
anvil,25795072,25,11,acquire,832.9676249995828,True,
anvil,25795072,25,11,set_balance,142.65045800129883,True,
anvil,25795072,25,11,get_balance,1.704541005892679,True,
anvil,25795072,25,11,transfer,719.8302920005517,True,
anvil,25795072,25,11,discard,4.586708004353568,True,
anvil,25795072,25,11,acquire,845.5329590069596,True,
anvil,25795072,25,11,set_balance,142.68545800587162,True,
anvil,25795072,25,11,swap_eth_for_token,2455.2730830037035,True,
anvil,25795072,25,11,get_balance,2.3284170019906014,True,
anvil,25795072,25,11,discard,4.55037500069011,True,
anvil,25795072,25,11,acquire,837.6856669929111,True,
anvil,25795072,25,11,set_balance,137.81170899164863,True,
anvil,25795072,25,11,swap_eth_for_token,2436.6067910013953,True,
anvil,25795072,25,11,transfer,487.94441600330174,True,
anvil,25795072,25,11,discard,4.546375013887882,True,
anvil,25795072,25,11,acquire,833.087417006027,True,
anvil,25795072,25,11,set_balance,148.9562089991523,True,
anvil,25795072,25,11,fund_token,148.88624999730382,True,
anvil,25795072,25,11,fund_token,0.8546669996576384,True,
anvil,25795072,25,11,discard,4.5628329971805215,True,
anvil,25795072,25,11,acquire,842.0097500056727,True,
anvil,25795072,25,11,set_balance,142.99558399943635,True,
anvil,25795072,25,11,swap_eth_for_token,2437.022291996982,True,
anvil,25795072,25,11,get_balance,1.6708750044927,True,
anvil,25795072,25,11,discard,4.533625004114583,True,
anvil,25795072,25,12,acquire,873.4572079993086,True,
anvil,25795072,25,12,set_balance,142.7759999933187,True,
anvil,25795072,25,12,fund_token,152.46354100236204,True,
anvil,25795072,25,12,approve,1867.09666599927,True,
anvil,25795072,25,12,discard,4.545082992990501,True,
anvil,25795072,25,12,acquire,828.9024999976391,True,
anvil,25795072,25,12,set_balance,138.9439580088947,True,
anvil,25795072,25,12,fund_token,148.17470900015905,True,
anvil,25795072,25,12,swap_eth_for_token,2200.690375000704,True,
anvil,25795072,25,12,discard,4.562666988931596,True,
anvil,25795072,25,12,acquire,829.9614589923294,True,
anvil,25795072,25,12,set_balance,138.74358400062192,True,
anvil,25795072,25,12,swap_eth_for_token,2478.078458007076,True,
anvil,25795072,25,12,get_balance,1.8513749964768067,True,
anvil,25795072,25,12,discard,4.593334000674076,True,
anvil,25795072,25,12,acquire,833.7161250092322,True,
anvil,25795072,25,12,set_balance,144.56454101309646,True,
anvil,25795072,25,12,get_balance,1.8916669941972941,True,
anvil,25795072,25,12,swap_eth_for_token,2496.581958999741,True,
anvil,25795072,25,12,discard,3.4810829965863377,True,
anvil,25795072,25,12,acquire,835.2537080063485,True,
anvil,25795072,25,12,set_balance,147.81333299470134,True,
anvil,25795072,25,12,swap_eth_for_token,2474.4988750026096,True,
anvil,25795072,25,12,transfer,495.75641700357664,True,
anvil,25795072,25,12,discard,3.8194160006241873,True,
anvil,25795072,25,12,acquire,833.622459002072,True,
anvil,25795072,25,12,set_balance,142.52237499749754,True,
anvil,25795072,25,12,transfer,754.0379170095548,True,
anvil,25795072,25,12,fund_token,148.66537500347476,True,
anvil,25795072,25,12,discard,4.549917008262128,True,
anvil,25795072,25,12,acquire,836.4569999976084,True,
anvil,25795072,25,12,set_balance,141.23774999461602,True,
anvil,25795072,25,12,transfer,740.4227499937406,True,
anvil,25795072,25,12,get_balance,3.8023329980205745,True,
anvil,25795072,25,12,discard,3.147625000565313,True,
anvil,25795072,25,12,acquire,826.4904999959981,True,
anvil,25795072,25,12,set_balance,144.21583400689997,True,
anvil,25795072,25,12,fund_token,149.04837499489076,True,
anvil,25795072,25,12,transfer,767.6703329925658,True,
anvil,25795072,25,12,discard,4.55691700335592,True,
anvil,25795072,25,12,acquire,831.300582998665,True,
anvil,25795072,25,12,set_balance,141.1494589992799,True,
anvil,25795072,25,12,get_balance,1.534334005555138,True,
anvil,25795072,25,12,get_balance,1.3867919915355742,True,
anvil,25795072,25,12,discard,4.390957998111844,True,
anvil,25795072,25,12,acquire,840.8584999997402,True,
anvil,25795072,25,12,set_balance,147.94354200421367,True,
anvil,25795072,25,12,get_balance,2.722582998103462,True,
anvil,25795072,25,12,fund_token,147.8339579916792,True,
anvil,25795072,25,12,discard,4.585540998959914,True,
anvil,25795072,25,13,acquire,884.0446670074016,True,
anvil,25795072,25,13,set_balance,146.48408400535118,True,
anvil,25795072,25,13,swap_eth_for_token,3892.1327910065884,True,
anvil,25795072,25,13,get_balance,1.8051249935524538,True,
anvil,25795072,25,13,discard,4.49729198589921,True,
anvil,25795072,25,13,acquire,823.4006670099916,True,
anvil,25795072,25,13,set_balance,149.6822089975467,True,
anvil,25795072,25,13,get_balance,6.314291997114196,True,
anvil,25795072,25,13,get_balance,9.494916987023316,True,
anvil,25795072,25,13,discard,4.721666002296843,True,
anvil,25795072,25,13,acquire,831.05920800881,True,
anvil,25795072,25,13,set_balance,152.60458400007337,True,
anvil,25795072,25,13,transfer,751.5738750080345,True,
anvil,25795072,25,13,swap_eth_for_token,2266.769166002632,True,
anvil,25795072,25,13,discard,4.5232080010464415,True,
anvil,25795072,25,13,acquire,836.4730830071494,True,
anvil,25795072,25,13,set_balance,145.46412500203587,True,
anvil,25795072,25,13,fund_token,143.51650000025984,True,
anvil,25795072,25,13,approve,737.3636669944972,True,
anvil,25795072,25,13,discard,4.57670800096821,True,
anvil,25795072,25,13,acquire,844.1183340037242,True,
anvil,25795072,25,13,set_balance,140.65941699664108,True,
anvil,25795072,25,13,get_balance,1.8315420020371675,True,
anvil,25795072,25,13,swap_eth_for_token,2447.618207996129,True,
anvil,25795072,25,13,discard,4.364583001006395,True,
anvil,25795072,25,13,acquire,834.534084002371,True,
anvil,25795072,25,13,set_balance,142.88712499546818,True,
anvil,25795072,25,13,fund_token,144.33595900482032,True,
anvil,25795072,25,13,swap_eth_for_token,2199.1180000040913,True,
anvil,25795072,25,13,discard,13.961292002932169,True,
anvil,25795072,25,13,acquire,848.4810419904534,True,
anvil,25795072,25,13,set_balance,145.61679199687205,True,
anvil,25795072,25,13,get_balance,2.2905840014573187,True,
anvil,25795072,25,13,fund_token,148.97941700473893,True,
anvil,25795072,25,13,discard,4.570541990688071,True,
anvil,25795072,25,13,acquire,830.7378339959541,True,
anvil,25795072,25,13,set_balance,148.6488330119755,True,
anvil,25795072,25,13,fund_token,147.9212090052897,True,
anvil,25795072,25,13,transfer,791.9335000042338,True,
anvil,25795072,25,13,discard,4.59150000824593,True,
anvil,25795072,25,13,acquire,835.1619169989135,True,
anvil,25795072,25,13,set_balance,146.55591700284276,True,
anvil,25795072,25,13,swap_eth_for_token,2471.752583005582,True,
anvil,25795072,25,13,get_balance,18.661833993974142,True,
anvil,25795072,25,13,discard,5.296583010931499,True,
anvil,25795072,25,13,acquire,840.9806669951649,True,
anvil,25795072,25,13,set_balance,142.88716700684745,True,
anvil,25795072,25,13,fund_token,144.16870799323078,True,
anvil,25795072,25,13,swap_eth_for_token,2236.276875002659,True,
anvil,25795072,25,13,discard,2.768833001027815,True,
anvil,25795072,25,14,acquire,880.4348749981727,True,
anvil,25795072,25,14,set_balance,146.71891699254047,True,
anvil,25795072,25,14,transfer,1728.9344159944449,True,
anvil,25795072,25,14,swap_eth_for_token,2225.5345419980586,True,
anvil,25795072,25,14,discard,4.618124992703088,True,
anvil,25795072,25,14,acquire,839.2917909950484,True,
anvil,25795072,25,14,set_balance,137.09504199505318,True,
anvil,25795072,25,14,swap_eth_for_token,2456.94237499265,True,
anvil,25795072,25,14,fund_token,0.6597909959964454,True,
anvil,25795072,25,14,discard,4.542416994809173,True,
anvil,25795072,25,14,acquire,834.2059169954155,True,
anvil,25795072,25,14,set_balance,139.81550000607967,True,
anvil,25795072,25,14,fund_token,143.50999999442138,True,
anvil,25795072,25,14,fund_token,0.7356249989243224,True,
anvil,25795072,25,14,discard,4.802875002496876,True,
anvil,25795072,25,14,acquire,844.1712920030113,True,
anvil,25795072,25,14,set_balance,146.93191699916497,True,
anvil,25795072,25,14,swap_eth_for_token,2500.4156249924563,True,
anvil,25795072,25,14,swap_eth_for_token,256.95687500410713,True,
anvil,25795072,25,14,discard,4.565124996588565,True,
anvil,25795072,25,14,acquire,830.2525409962982,True,
anvil,25795072,25,14,set_balance,147.02725000097416,True,
anvil,25795072,25,14,swap_eth_for_token,2517.5254159985343,True,
anvil,25795072,25,14,get_balance,2.406915999017656,True,
anvil,25795072,25,14,discard,2.761249998002313,True,
anvil,25795072,25,14,acquire,849.6809999924153,True,
anvil,25795072,25,14,set_balance,147.95120801136363,True,
anvil,25795072,25,14,swap_eth_for_token,2460.653124988312,True,
anvil,25795072,25,14,transfer,505.21766699966975,True,
anvil,25795072,25,14,discard,3.513542003929615,True,
anvil,25795072,25,14,acquire,841.8603330064798,True,
anvil,25795072,25,14,set_balance,138.54066698695533,True,
anvil,25795072,25,14,transfer,743.5710410063621,True,
anvil,25795072,25,14,transfer,497.61708300502505,True,
anvil,25795072,25,14,discard,6.519124988699332,True,
anvil,25795072,25,14,acquire,841.4433339930838,True,
anvil,25795072,25,14,set_balance,139.16933399741538,True,
anvil,25795072,25,14,swap_eth_for_token,2520.2101250033593,True,
anvil,25795072,25,14,fund_token,2.6003749953815714,True,
anvil,25795072,25,14,discard,4.8677919985493645,True,
anvil,25795072,25,14,acquire,839.0315840078983,True,
anvil,25795072,25,14,set_balance,143.55279199662618,True,
anvil,25795072,25,14,fund_token,144.40900000045076,True,
anvil,25795072,25,14,transfer,794.2554999899585,True,
anvil,25795072,25,14,discard,4.567666008369997,True,
anvil,25795072,25,14,acquire,852.436208006111,True,
anvil,25795072,25,14,set_balance,153.41958300268743,True,
anvil,25795072,25,14,get_balance,5.414875005953945,True,
anvil,25795072,25,14,fund_token,143.04445800371468,True,
anvil,25795072,25,14,discard,4.578624997520819,True,
anvil,25795072,25,15,acquire,918.4569999924861,True,
anvil,25795072,25,15,set_balance,145.7139999984065,True,
anvil,25795072,25,15,get_balance,14.148957998258993,True,
anvil,25795072,25,15,transfer,1900.034374993993,True,
anvil,25795072,25,15,discard,3.268833999754861,True,
anvil,25795072,25,15,acquire,835.4870000039227,True,
anvil,25795072,25,15,set_balance,144.60120799776632,True,
anvil,25795072,25,15,get_balance,6.8257910024840385,True,
anvil,25795072,25,15,transfer,738.550000009127,True,
anvil,25795072,25,15,discard,6.759166004485451,True,
anvil,25795072,25,15,acquire,853.8348750007572,True,
anvil,25795072,25,15,set_balance,141.15995800239034,True,
anvil,25795072,25,15,swap_eth_for_token,2481.6482500027632,True,
anvil,25795072,25,15,transfer,493.16008399182465,True,
anvil,25795072,25,15,discard,4.037125007016584,True,
anvil,25795072,25,15,acquire,845.7851249986561,True,
anvil,25795072,25,15,set_balance,143.85933300945908,True,
anvil,25795072,25,15,fund_token,143.648375000339,True,
anvil,25795072,25,15,swap_eth_for_token,2209.009666010388,True,
anvil,25795072,25,15,discard,7.7809999929741025,True,
anvil,25795072,25,15,acquire,836.8510000000242,True,
anvil,25795072,25,15,set_balance,156.06941599980928,True,
anvil,25795072,25,15,swap_eth_for_token,2440.8482080034446,True,
anvil,25795072,25,15,get_balance,1.5723340038675815,True,
anvil,25795072,25,15,discard,4.264334012987092,True,
anvil,25795072,25,15,acquire,826.7849999974715,True,
anvil,25795072,25,15,set_balance,144.48512499802746,True,
anvil,25795072,25,15,swap_eth_for_token,2506.809999991674,True,
anvil,25795072,25,15,get_balance,6.7624590010382235,True,
anvil,25795072,25,15,discard,4.600667001795955,True,
anvil,25795072,25,15,acquire,835.3029999998398,True,
anvil,25795072,25,15,set_balance,137.87737500388175,True,
anvil,25795072,25,15,fund_token,147.98999999766238,True,
anvil,25795072,25,15,approve,752.3389580019284,True,
anvil,25795072,25,15,discard,6.543917013914324,True,
anvil,25795072,25,15,acquire,846.1143750027986,True,
anvil,25795072,25,15,set_balance,151.00450000318233,True,
anvil,25795072,25,15,fund_token,149.76608300639782,True,
anvil,25795072,25,15,fund_token,0.8996669930638745,True,
anvil,25795072,25,15,discard,4.304791000322439,True,
anvil,25795072,25,15,acquire,842.4090830085333,True,
anvil,25795072,25,15,set_balance,140.66395899862982,True,
anvil,25795072,25,15,fund_token,146.60091600671876,True,
anvil,25795072,25,15,fund_token,0.7862909988034517,True,
anvil,25795072,25,15,discard,1.524999999674037,True,
anvil,25795072,25,15,acquire,844.7494160063798,True,
anvil,25795072,25,15,set_balance,143.81845800380688,True,
anvil,25795072,25,15,transfer,764.5739580038935,True,
anvil,25795072,25,15,transfer,536.8281249975553,True,
anvil,25795072,25,15,discard,4.564207993098535,True,
anvil,25795072,25,16,acquire,899.0552500035847,True,
anvil,25795072,25,16,set_balance,154.97112499724608,True,
anvil,25795072,25,16,swap_eth_for_token,3653.7486250017537,True,
anvil,25795072,25,16,fund_token,1.161958003649488,True,
anvil,25795072,25,16,discard,2.445790989440866,True,
anvil,25795072,25,16,acquire,856.178332993295,True,
anvil,25795072,25,16,set_balance,147.56441599456593,True,
anvil,25795072,25,16,fund_token,144.87250000820495,True,
anvil,25795072,25,16,fund_token,1.0807499929796904,True,
anvil,25795072,25,16,discard,4.610874995705672,True,
anvil,25795072,25,16,acquire,839.5169580035144,True,
anvil,25795072,25,16,set_balance,140.15049999579787,True,
anvil,25795072,25,16,fund_token,143.20370799396187,True,
anvil,25795072,25,16,get_balance,3.344625001773238,True,
anvil,25795072,25,16,discard,4.480874995351769,True,
anvil,25795072,25,16,acquire,840.0909999909345,True,
anvil,25795072,25,16,set_balance,136.27787500445265,True,
anvil,25795072,25,16,transfer,741.1075840063859,True,
anvil,25795072,25,16,swap_eth_for_token,2225.899584009312,True,
anvil,25795072,25,16,discard,4.556083993520588,True,
anvil,25795072,25,16,acquire,838.9387499919394,True,
anvil,25795072,25,16,set_balance,143.71654200658668,True,
anvil,25795072,25,16,get_balance,2.169874991523102,True,
anvil,25795072,25,16,transfer,743.7066249985946,True,
anvil,25795072,25,16,discard,5.506458997842856,True,
anvil,25795072,25,16,acquire,824.7562920005294,True,
anvil,25795072,25,16,set_balance,144.12062500196043,True,
anvil,25795072,25,16,swap_eth_for_token,2459.055167011684,True,
anvil,25795072,25,16,get_balance,1.5386669983854517,True,
anvil,25795072,25,16,discard,3.9590829983353615,True,
anvil,25795072,25,16,acquire,823.0694590019993,True,
anvil,25795072,25,16,set_balance,143.2691249938216,True,
anvil,25795072,25,16,fund_token,146.1944580078125,True,
anvil,25795072,25,16,approve,742.3644170048647,True,
anvil,25795072,25,16,discard,4.537957996944897,True,
anvil,25795072,25,16,acquire,829.987582998001,True,
anvil,25795072,25,16,set_balance,143.51491699926555,True,
anvil,25795072,25,16,swap_eth_for_token,2478.430917006335,True,
anvil,25795072,25,16,swap_eth_for_token,251.0267909965478,True,
anvil,25795072,25,16,discard,4.3376670073485,True,
anvil,25795072,25,16,acquire,839.5840840094024,True,
anvil,25795072,25,16,set_balance,141.55316600226797,True,
anvil,25795072,25,16,transfer,738.2995420048246,True,
anvil,25795072,25,16,fund_token,146.4932079979917,True,
anvil,25795072,25,16,discard,4.5438329980243,True,
anvil,25795072,25,16,acquire,845.1655410026433,True,
anvil,25795072,25,16,set_balance,145.33254200068768,True,
anvil,25795072,25,16,get_balance,2.585250011179596,True,
anvil,25795072,25,16,transfer,782.410500003607,True,
anvil,25795072,25,16,discard,3.5974170023109764,True,
anvil,25795072,25,17,acquire,878.4939589968417,True,
anvil,25795072,25,17,set_balance,138.23691599827725,True,
anvil,25795072,25,17,fund_token,145.36654199764598,True,
anvil,25795072,25,17,swap_eth_for_token,3387.7300419990206,True,
anvil,25795072,25,17,discard,4.58066699502524,True,
anvil,25795072,25,17,acquire,844.1062920028344,True,
anvil,25795072,25,17,set_balance,139.33399999223184,True,
anvil,25795072,25,17,get_balance,2.119583004969172,True,
anvil,25795072,25,17,transfer,742.1473340073135,True,
anvil,25795072,25,17,discard,5.665709002641961,True,
anvil,25795072,25,17,acquire,840.5412080028327,True,
anvil,25795072,25,17,set_balance,143.93033301166724,True,
anvil,25795072,25,17,get_balance,3.0476249958155677,True,
anvil,25795072,25,17,fund_token,147.5435419997666,True,
anvil,25795072,25,17,discard,4.56179199682083,True,
anvil,25795072,25,17,acquire,848.5251660022186,True,
anvil,25795072,25,17,set_balance,141.23429199389648,True,
anvil,25795072,25,17,swap_eth_for_token,2462.89966700715,True,
anvil,25795072,25,17,get_balance,2.8780420107068494,True,
anvil,25795072,25,17,discard,4.239874993800186,True,
anvil,25795072,25,17,acquire,821.4704170095501,True,
anvil,25795072,25,17,set_balance,141.80499999201857,True,
anvil,25795072,25,17,get_balance,2.038457998423837,True,
anvil,25795072,25,17,get_balance,2.675333002116531,True,
anvil,25795072,25,17,discard,4.591541990521364,True,
anvil,25795072,25,17,acquire,635.3815830079839,True,
anvil,25795072,25,17,set_balance,137.0337090047542,True,
anvil,25795072,25,17,swap_eth_for_token,2422.117124995566,True,
anvil,25795072,25,17,transfer,491.1376670061145,True,
anvil,25795072,25,17,discard,4.561916008242406,True,
anvil,25795072,25,17,acquire,834.494166992954,True,
anvil,25795072,25,17,set_balance,141.75716700265184,True,
anvil,25795072,25,17,fund_token,139.9922080017859,True,
anvil,25795072,25,17,approve,731.9940000015777,True,
anvil,25795072,25,17,discard,3.3841249969555065,True,
anvil,25795072,25,17,acquire,834.6705409931019,True,
anvil,25795072,25,17,set_balance,143.92662499449216,True,
anvil,25795072,25,17,fund_token,148.2994589896407,True,
anvil,25795072,25,17,transfer,789.5944159972714,True,
anvil,25795072,25,17,discard,4.574792008497752,True,
anvil,25795072,25,17,acquire,830.3303749999031,True,
anvil,25795072,25,17,set_balance,153.71766699536238,True,
anvil,25795072,25,17,swap_eth_for_token,2510.0247919908725,True,
anvil,25795072,25,17,swap_eth_for_token,259.2735409998568,True,
anvil,25795072,25,17,discard,4.579375003231689,True,
anvil,25795072,25,17,acquire,828.4116669965442,True,
anvil,25795072,25,17,set_balance,143.74420800595544,True,
anvil,25795072,25,17,fund_token,149.58495799510274,True,
anvil,25795072,25,17,approve,760.9192910022102,True,
anvil,25795072,25,17,discard,4.097666009329259,True,
anvil,25795072,25,18,acquire,886.4549999998417,True,
anvil,25795072,25,18,set_balance,144.30362499842886,True,
anvil,25795072,25,18,get_balance,11.71091600554064,True,
anvil,25795072,25,18,fund_token,1285.8894999953918,True,
anvil,25795072,25,18,discard,4.6538750029867515,True,
anvil,25795072,25,18,acquire,837.8284170030383,True,
anvil,25795072,25,18,set_balance,146.85054200526793,True,
anvil,25795072,25,18,get_balance,4.318417006288655,True,
anvil,25795072,25,18,fund_token,145.039374998305,True,
anvil,25795072,25,18,discard,4.56441700225696,True,
anvil,25795072,25,18,acquire,835.0357500021346,True,
anvil,25795072,25,18,set_balance,139.6987909974996,True,
anvil,25795072,25,18,get_balance,2.377625001827255,True,
anvil,25795072,25,18,swap_eth_for_token,2473.1846670038067,True,
anvil,25795072,25,18,discard,4.584333000821061,True,
anvil,25795072,25,18,acquire,836.7821659921901,True,
anvil,25795072,25,18,set_balance,142.00233299925458,True,
anvil,25795072,25,18,swap_eth_for_token,2457.645249989582,True,
anvil,25795072,25,18,swap_eth_for_token,250.65945800452027,True,
anvil,25795072,25,18,discard,4.676874988945201,True,
anvil,25795072,25,18,acquire,826.483583994559,True,
anvil,25795072,25,18,set_balance,140.49787499243394,True,
anvil,25795072,25,18,swap_eth_for_token,2441.348583000945,True,
anvil,25795072,25,18,get_balance,2.1685829997295514,True,
anvil,25795072,25,18,discard,4.706874999101274,True,
anvil,25795072,25,18,acquire,845.1809580001282,True,
anvil,25795072,25,18,set_balance,139.68558399938047,True,
anvil,25795072,25,18,get_balance,5.885499995201826,True,
anvil,25795072,25,18,swap_eth_for_token,2457.6481669937493,True,
anvil,25795072,25,18,discard,4.54866599466186,True,
anvil,25795072,25,18,acquire,837.0626249961788,True,
anvil,25795072,25,18,set_balance,135.72329199814703,True,
anvil,25795072,25,18,fund_token,146.88966701214667,True,
anvil,25795072,25,18,swap_eth_for_token,2213.5196669987636,True,
anvil,25795072,25,18,discard,6.961125007364899,True,
anvil,25795072,25,18,acquire,844.2301670002053,True,
anvil,25795072,25,18,set_balance,149.69329099403694,True,
anvil,25795072,25,18,transfer,754.1253329982283,True,
anvil,25795072,25,18,fund_token,145.8883750019595,True,
anvil,25795072,25,18,discard,4.5675830042455345,True,
anvil,25795072,25,18,acquire,843.3127500029514,True,
anvil,25795072,25,18,set_balance,141.51145800133236,True,
anvil,25795072,25,18,fund_token,137.43929199699778,True,
anvil,25795072,25,18,approve,734.2107500007842,True,
anvil,25795072,25,18,discard,4.428665997693315,True,
anvil,25795072,25,18,acquire,843.0718750023516,True,
anvil,25795072,25,18,set_balance,138.28329200623557,True,
anvil,25795072,25,18,swap_eth_for_token,2491.318707994651,True,
anvil,25795072,25,18,swap_eth_for_token,261.4128330023959,True,
anvil,25795072,25,18,discard,4.84666699776426,True,
anvil,25795072,25,19,acquire,897.0787500002189,True,
anvil,25795072,25,19,set_balance,142.07975000317674,True,
anvil,25795072,25,19,transfer,1893.8010840065544,True,
anvil,25795072,25,19,get_balance,2.1025829919381067,True,
anvil,25795072,25,19,discard,1.5208330005407333,True,
anvil,25795072,25,19,acquire,839.1424580040621,True,
anvil,25795072,25,19,set_balance,147.82912500959355,True,
anvil,25795072,25,19,swap_eth_for_token,2515.9958330041263,True,
anvil,25795072,25,19,get_balance,7.201875007012859,True,
anvil,25795072,25,19,discard,4.550792000372894,True,
anvil,25795072,25,19,acquire,836.172290990362,True,
anvil,25795072,25,19,set_balance,153.86050000961404,True,
anvil,25795072,25,19,transfer,777.0971249992726,True,
anvil,25795072,25,19,fund_token,151.14020799228456,True,
anvil,25795072,25,19,discard,4.524125004536472,True,
anvil,25795072,25,19,acquire,834.9247080041096,True,
anvil,25795072,25,19,set_balance,137.54395900468808,True,
anvil,25795072,25,19,swap_eth_for_token,2703.5563749959692,True,
anvil,25795072,25,19,swap_eth_for_token,260.1228749990696,True,
anvil,25795072,25,19,discard,4.562207992421463,True,
anvil,25795072,25,19,acquire,843.7493340024957,True,
anvil,25795072,25,19,set_balance,146.23854101228062,True,
anvil,25795072,25,19,transfer,742.5528330059024,True,
anvil,25795072,25,19,transfer,511.35241700103506,True,
anvil,25795072,25,19,discard,4.574374994263053,True,
anvil,25795072,25,19,acquire,854.4181670004036,True,
anvil,25795072,25,19,set_balance,151.8988750030985,True,
anvil,25795072,25,19,transfer,751.6408340015914,True,
anvil,25795072,25,19,fund_token,143.26174999587238,True,
anvil,25795072,25,19,discard,5.706208001356572,True,
anvil,25795072,25,19,acquire,830.5922500003362,True,
anvil,25795072,25,19,set_balance,144.61249999294523,True,
anvil,25795072,25,19,transfer,757.0129999949131,True,
anvil,25795072,25,19,transfer,502.8789170028176,True,
anvil,25795072,25,19,discard,5.242125000222586,True,
anvil,25795072,25,19,acquire,840.5494589969749,True,
anvil,25795072,25,19,set_balance,138.4552910021739,True,
anvil,25795072,25,19,fund_token,147.51233300194144,True,
anvil,25795072,25,19,fund_token,1.1167920019943267,True,
anvil,25795072,25,19,discard,4.5670420076930895,True,
anvil,25795072,25,19,acquire,829.4586249976419,True,
anvil,25795072,25,19,set_balance,143.8952910102671,True,
anvil,25795072,25,19,get_balance,2.5062920030904934,True,
anvil,25795072,25,19,get_balance,1.5692919987486675,True,
anvil,25795072,25,19,discard,2.154667003196664,True,
anvil,25795072,25,19,acquire,842.5390840129694,True,
anvil,25795072,25,19,set_balance,143.94029100367334,True,
anvil,25795072,25,19,get_balance,1.9044159998884425,True,
anvil,25795072,25,19,get_balance,1.3856659934390336,True,
anvil,25795072,25,19,discard,4.55074998899363,True,
anvil,25795072,25,20,acquire,880.6288339983439,True,
anvil,25795072,25,20,set_balance,143.88687499740627,True,
anvil,25795072,25,20,get_balance,15.631292000762187,True,
anvil,25795072,25,20,transfer,1401.8757089943392,True,
anvil,25795072,25,20,discard,4.606583010172471,True,
anvil,25795072,25,20,acquire,824.255749990698,True,
anvil,25795072,25,20,set_balance,145.1471659966046,True,
anvil,25795072,25,20,get_balance,2.174042005208321,True,
anvil,25795072,25,20,fund_token,141.14999999583233,True,
anvil,25795072,25,20,discard,4.826042000786401,True,
anvil,25795072,25,20,acquire,826.4829999970971,True,
anvil,25795072,25,20,set_balance,143.9737500040792,True,
anvil,25795072,25,20,transfer,777.4153749924153,True,
anvil,25795072,25,20,get_balance,1.9564579997677356,True,
anvil,25795072,25,20,discard,4.967832996044308,True,
anvil,25795072,25,20,acquire,843.8411250099307,True,
anvil,25795072,25,20,set_balance,140.42054099263623,True,
anvil,25795072,25,20,fund_token,146.3953750062501,True,
anvil,25795072,25,20,fund_token,0.7696249958826229,True,
anvil,25795072,25,20,discard,4.458541996427812,True,
anvil,25795072,25,20,acquire,830.1439579954604,True,
anvil,25795072,25,20,set_balance,144.37929200357758,True,
anvil,25795072,25,20,get_balance,5.451874996651895,True,
anvil,25795072,25,20,swap_eth_for_token,2479.0871659934055,True,
anvil,25795072,25,20,discard,4.919458995573223,True,
anvil,25795072,25,20,acquire,841.85116700246,True,
anvil,25795072,25,20,set_balance,140.03162500739563,True,
anvil,25795072,25,20,fund_token,141.74591700430028,True,
anvil,25795072,25,20,approve,740.188166993903,True,
anvil,25795072,25,20,discard,4.569708005874418,True,
anvil,25795072,25,20,acquire,841.2364999967394,True,
anvil,25795072,25,20,set_balance,143.05191600578837,True,
anvil,25795072,25,20,transfer,737.8083750081714,True,
anvil,25795072,25,20,get_balance,1.465165987610817,True,
anvil,25795072,25,20,discard,4.663041996536776,True,
anvil,25795072,25,20,acquire,829.165417002514,True,
anvil,25795072,25,20,set_balance,142.60829200793523,True,
anvil,25795072,25,20,get_balance,2.43666599271819,True,
anvil,25795072,25,20,transfer,749.4427920028102,True,
anvil,25795072,25,20,discard,4.581165994750336,True,
anvil,25795072,25,20,acquire,841.253582999343,True,
anvil,25795072,25,20,set_balance,142.64525000180583,True,
anvil,25795072,25,20,swap_eth_for_token,2455.7300830056192,True,
anvil,25795072,25,20,swap_eth_for_token,280.59683299215976,True,
anvil,25795072,25,20,discard,4.5403749973047525,True,
anvil,25795072,25,20,acquire,828.4930420049932,True,
anvil,25795072,25,20,set_balance,138.71020800434053,True,
anvil,25795072,25,20,get_balance,2.7146250067744404,True,
anvil,25795072,25,20,transfer,740.2223749959376,True,
anvil,25795072,25,20,discard,4.693750001024455,True,
anvil,25795072,25,21,acquire,861.2220829963917,True,
anvil,25795072,25,21,set_balance,154.6734169969568,True,
anvil,25795072,25,21,get_balance,6.9345410011010244,True,
anvil,25795072,25,21,fund_token,151.1575409967918,True,
anvil,25795072,25,21,discard,1.5359579992946237,True,
anvil,25795072,25,21,acquire,844.549832996563,True,
anvil,25795072,25,21,set_balance,140.55770898994524,True,
anvil,25795072,25,21,fund_token,147.94591700774617,True,
anvil,25795072,25,21,fund_token,1.414917001966387,True,
anvil,25795072,25,21,discard,5.124375005834736,True,
anvil,25795072,25,21,acquire,838.4683329932159,True,
anvil,25795072,25,21,set_balance,137.40258300094865,True,
anvil,25795072,25,21,get_balance,1.8566249927971512,True,
anvil,25795072,25,21,transfer,743.0143749952549,True,
anvil,25795072,25,21,discard,4.571958997985348,True,
anvil,25795072,25,21,acquire,1472.923041001195,True,
anvil,25795072,25,21,set_balance,142.87820800382178,True,
anvil,25795072,25,21,fund_token,141.59825000388082,True,
anvil,25795072,25,21,get_balance,2.2204590059118345,True,
anvil,25795072,25,21,discard,4.5847500005038455,True,
anvil,25795072,25,21,acquire,845.4051250009798,True,
anvil,25795072,25,21,set_balance,138.36608300334774,True,
anvil,25795072,25,21,get_balance,2.5675409997347742,True,
anvil,25795072,25,21,fund_token,143.7221250089351,True,
anvil,25795072,25,21,discard,3.881917000398971,True,
anvil,25795072,25,21,acquire,844.6239579934627,True,
anvil,25795072,25,21,set_balance,138.33324999723118,True,
anvil,25795072,25,21,fund_token,141.38245799404103,True,
anvil,25795072,25,21,swap_eth_for_token,2186.315333005041,True,
anvil,25795072,25,21,discard,4.488457998377271,True,
anvil,25795072,25,21,acquire,839.7894170047948,True,
anvil,25795072,25,21,set_balance,138.10724999348167,True,
anvil,25795072,25,21,transfer,744.6543330006534,True,
anvil,25795072,25,21,transfer,506.25449999643024,True,
anvil,25795072,25,21,discard,3.8380830083042383,True,
anvil,25795072,25,21,acquire,837.6516669959528,True,
anvil,25795072,25,21,set_balance,148.01887499925215,True,
anvil,25795072,25,21,transfer,753.7249999877531,True,
anvil,25795072,25,21,transfer,498.741000003065,True,
anvil,25795072,25,21,discard,4.564167000353336,True,
anvil,25795072,25,21,acquire,833.7714999943273,True,
anvil,25795072,25,21,set_balance,142.76629200321622,True,
anvil,25795072,25,21,get_balance,2.410249988315627,True,
anvil,25795072,25,21,fund_token,144.63725000678096,True,
anvil,25795072,25,21,discard,3.9788750000298023,True,
anvil,25795072,25,21,acquire,827.4440829991363,True,
anvil,25795072,25,21,set_balance,156.7934589984361,True,
anvil,25795072,25,21,get_balance,2.3259169975062832,True,
anvil,25795072,25,21,transfer,753.0494169914164,True,
anvil,25795072,25,21,discard,4.583250003634021,True,
anvil,25795072,25,22,acquire,850.8738750097109,True,
anvil,25795072,25,22,set_balance,145.66404199285898,True,
anvil,25795072,25,22,get_balance,1.5529170050285757,True,
anvil,25795072,25,22,transfer,1904.5658749964787,True,
anvil,25795072,25,22,discard,4.373791001853533,True,
anvil,25795072,25,22,acquire,838.328708006884,True,
anvil,25795072,25,22,set_balance,138.29395899665542,True,
anvil,25795072,25,22,get_balance,2.2927919926587492,True,
anvil,25795072,25,22,swap_eth_for_token,2520.0282919977326,True,
anvil,25795072,25,22,discard,3.8916250050533563,True,
anvil,25795072,25,22,acquire,844.8653329978697,True,
anvil,25795072,25,22,set_balance,152.5765840051463,True,
anvil,25795072,25,22,get_balance,1.848375002737157,True,
anvil,25795072,25,22,transfer,769.2910000041593,True,
anvil,25795072,25,22,discard,2.420290998998098,True,
anvil,25795072,25,22,acquire,833.2307919918094,True,
anvil,25795072,25,22,set_balance,148.22658299817704,True,
anvil,25795072,25,22,get_balance,7.115208005416207,True,
anvil,25795072,25,22,transfer,769.8072090133792,True,
anvil,25795072,25,22,discard,3.546457999618724,True,
anvil,25795072,25,22,acquire,832.2162499971455,True,
anvil,25795072,25,22,set_balance,143.11004198680166,True,
anvil,25795072,25,22,swap_eth_for_token,2458.842874999391,True,
anvil,25795072,25,22,fund_token,0.7353749970206991,True,
anvil,25795072,25,22,discard,5.478207996929996,True,
anvil,25795072,25,22,acquire,824.6121249976568,True,
anvil,25795072,25,22,set_balance,147.73087500361726,True,
anvil,25795072,25,22,get_balance,6.703584003844298,True,
anvil,25795072,25,22,transfer,740.2922089968342,True,
anvil,25795072,25,22,discard,4.121042002225295,True,
anvil,25795072,25,22,acquire,836.5854589937953,True,
anvil,25795072,25,22,set_balance,144.9468750070082,True,
anvil,25795072,25,22,swap_eth_for_token,2502.6624580059433,True,
anvil,25795072,25,22,get_balance,1.5568749950034544,True,
anvil,25795072,25,22,discard,4.2385419947095215,True,
anvil,25795072,25,22,acquire,838.3802080061287,True,
anvil,25795072,25,22,set_balance,145.64870799949858,True,
anvil,25795072,25,22,swap_eth_for_token,2525.805459008552,True,
anvil,25795072,25,22,swap_eth_for_token,258.31583300896455,True,
anvil,25795072,25,22,discard,4.575416998704895,True,
anvil,25795072,25,22,acquire,829.8677090060664,True,
anvil,25795072,25,22,set_balance,137.13570901018102,True,
anvil,25795072,25,22,get_balance,1.7227079952135682,True,
anvil,25795072,25,22,transfer,741.3223330077017,True,
anvil,25795072,25,22,discard,4.584291993523948,True,
anvil,25795072,25,22,acquire,835.7779170037247,True,
anvil,25795072,25,22,set_balance,144.8778749909252,True,
anvil,25795072,25,22,transfer,748.0411249998724,True,
anvil,25795072,25,22,swap_eth_for_token,2231.894333002856,True,
anvil,25795072,25,22,discard,4.594707992509939,True,
anvil,25795072,25,23,acquire,841.3057919970015,True,
anvil,25795072,25,23,set_balance,140.85304200125393,True,
anvil,25795072,25,23,swap_eth_for_token,2469.5965419959975,True,
anvil,25795072,25,23,transfer,486.87887500273064,True,
anvil,25795072,25,23,discard,4.621250001946464,True,
anvil,25795072,25,23,acquire,851.5532909950707,True,
anvil,25795072,25,23,set_balance,141.43495800090022,True,
anvil,25795072,25,23,fund_token,142.30024999415036,True,
anvil,25795072,25,23,approve,753.028874998563,True,
anvil,25795072,25,23,discard,6.729749991791323,True,
anvil,25795072,25,23,acquire,840.41720800451,True,
anvil,25795072,25,23,set_balance,145.68908300134353,True,
anvil,25795072,25,23,get_balance,2.163333003409207,True,
anvil,25795072,25,23,fund_token,148.81070899718907,True,
anvil,25795072,25,23,discard,4.587041010381654,True,
anvil,25795072,25,23,acquire,838.7359159969492,True,
anvil,25795072,25,23,set_balance,137.5608749949606,True,
anvil,25795072,25,23,get_balance,1.7010000010486692,True,
anvil,25795072,25,23,transfer,743.6976250028238,True,
anvil,25795072,25,23,discard,4.550917001324706,True,
anvil,25795072,25,23,acquire,836.8158750090515,True,
anvil,25795072,25,23,set_balance,147.52737501112279,True,
anvil,25795072,25,23,transfer,757.2922500112327,True,
anvil,25795072,25,23,fund_token,151.1547080008313,True,
anvil,25795072,25,23,discard,4.564375005429611,True,
anvil,25795072,25,23,acquire,839.0203330054646,True,
anvil,25795072,25,23,set_balance,147.29829199495725,True,
anvil,25795072,25,23,fund_token,141.91733399638906,True,
anvil,25795072,25,23,transfer,739.7666659962852,True,
anvil,25795072,25,23,discard,5.873000001884066,True,
anvil,25795072,25,23,acquire,835.3629170014756,True,
anvil,25795072,25,23,set_balance,147.89558299526107,True,
anvil,25795072,25,23,transfer,746.7700840061298,True,
anvil,25795072,25,23,get_balance,11.949708990869112,True,
anvil,25795072,25,23,discard,2.4539169971831143,True,
anvil,25795072,25,23,acquire,838.8477080006851,True,
anvil,25795072,25,23,set_balance,137.99170800484717,True,
anvil,25795072,25,23,swap_eth_for_token,2441.732833001879,True,
anvil,25795072,25,23,swap_eth_for_token,250.58066699421033,True,
anvil,25795072,25,23,discard,4.551833000732586,True,
anvil,25795072,25,23,acquire,836.2594579957658,True,
anvil,25795072,25,23,set_balance,137.26279200636782,True,
anvil,25795072,25,23,transfer,735.5928749893792,True,
anvil,25795072,25,23,get_balance,2.200875009293668,True,
anvil,25795072,25,23,discard,6.2247500027297065,True,
anvil,25795072,25,23,acquire,848.875624986249,True,
anvil,25795072,25,23,set_balance,147.58337500097696,True,
anvil,25795072,25,23,fund_token,141.91016599943396,True,
anvil,25795072,25,23,get_balance,6.539916998008266,True,
anvil,25795072,25,23,discard,4.6359580010175705,True,
anvil,25795072,25,24,acquire,851.6512089991011,True,
anvil,25795072,25,24,set_balance,147.36370800528675,True,
anvil,25795072,25,24,fund_token,145.267915999284,True,
anvil,25795072,25,24,get_balance,2.8889579989481717,True,
anvil,25795072,25,24,discard,1.5396249946206808,True,
anvil,25795072,25,24,acquire,839.7495000099298,True,
anvil,25795072,25,24,set_balance,146.12424999359064,True,
anvil,25795072,25,24,get_balance,2.508332996512763,True,
anvil,25795072,25,24,transfer,735.8137500123121,True,
anvil,25795072,25,24,discard,4.56720900547225,True,
anvil,25795072,25,24,acquire,825.5507499998203,True,
anvil,25795072,25,24,set_balance,137.53295899368823,True,
anvil,25795072,25,24,swap_eth_for_token,2460.2278750098776,True,
anvil,25795072,25,24,fund_token,0.7812920084688812,True,
anvil,25795072,25,24,discard,4.5592079986818135,True,
anvil,25795072,25,24,acquire,832.326292002108,True,
anvil,25795072,25,24,set_balance,138.88345799932722,True,
anvil,25795072,25,24,transfer,748.4764160035411,True,
anvil,25795072,25,24,get_balance,1.466416011680849,True,
anvil,25795072,25,24,discard,4.54850000096485,True,
anvil,25795072,25,24,acquire,838.9339999994263,True,
anvil,25795072,25,24,set_balance,142.94208399951458,True,
anvil,25795072,25,24,fund_token,141.83958400099073,True,
anvil,25795072,25,24,fund_token,0.9616669995011762,True,
anvil,25795072,25,24,discard,4.572292004013434,True,
anvil,25795072,25,24,acquire,833.2042499969248,True,
anvil,25795072,25,24,set_balance,143.8783330086153,True,
anvil,25795072,25,24,swap_eth_for_token,2460.249832991394,True,
anvil,25795072,25,24,swap_eth_for_token,271.51874999981374,True,
anvil,25795072,25,24,discard,4.558000000542961,True,
anvil,25795072,25,24,acquire,823.7642500025686,True,
anvil,25795072,25,24,set_balance,144.85583300120197,True,
anvil,25795072,25,24,transfer,751.0417080047773,True,
anvil,25795072,25,24,transfer,516.6574580071028,True,
anvil,25795072,25,24,discard,4.54662500123959,True,
anvil,25795072,25,24,acquire,842.4306250090012,True,
anvil,25795072,25,24,set_balance,137.43262499338016,True,
anvil,25795072,25,24,swap_eth_for_token,2456.291125010466,True,
anvil,25795072,25,24,transfer,503.6228750104783,True,
anvil,25795072,25,24,discard,4.547582997474819,True,
anvil,25795072,25,24,acquire,1038.677667005686,True,
anvil,25795072,25,24,set_balance,148.0870419909479,True,
anvil,25795072,25,24,transfer,763.2830410002498,True,
anvil,25795072,25,24,get_balance,1.4580829883925617,True,
anvil,25795072,25,24,discard,4.54850000096485,True,
anvil,25795072,25,24,acquire,834.9154580064351,True,
anvil,25795072,25,24,set_balance,138.8511659897631,True,
anvil,25795072,25,24,swap_eth_for_token,2452.8826669993578,True,
anvil,25795072,25,24,swap_eth_for_token,254.31454100180417,True,
anvil,25795072,25,24,discard,4.574667007545941,True,
anvil,25795072,25,-1,__total__,31700.07620799879,True,
