backend,block_height,num_agents,agent_id,action,elapsed_ms,ok,error
forkyard,25795072,1,0,acquire,6.375040989951231,True,
forkyard,25795072,1,0,set_balance,228.38624998985324,True,
forkyard,25795072,1,0,fund_token,1.621875009732321,True,
forkyard,25795072,1,0,transfer,299.2474159982521,True,
forkyard,25795072,1,0,approve,301.4098749990808,True,
forkyard,25795072,1,0,swap_eth_for_token,1752.6292499969713,True,
forkyard,25795072,1,0,swap_eth_for_token,19.307084003230557,True,
forkyard,25795072,1,0,discard,1.0549580038059503,True,
forkyard,25795072,1,-1,__total__,2617.4310830101604,True,
anvil,25795072,1,0,acquire,840.3195409919135,True,
anvil,25795072,1,0,set_balance,146.48104200023226,True,
anvil,25795072,1,0,fund_token,151.8376660096692,True,
anvil,25795072,1,0,transfer,752.1364999993239,True,
anvil,25795072,1,0,approve,515.2279159956379,True,
anvil,25795072,1,0,swap_eth_for_token,1985.0064580095932,True,
anvil,25795072,1,0,swap_eth_for_token,266.49941700452473,True,
anvil,25795072,1,0,discard,9.020833997055888,True,
anvil,25795072,1,-1,__total__,4677.100082990364,True,
forkyard,25795072,5,0,acquire,4.38366700836923,True,
forkyard,25795072,5,0,set_balance,346.33975000178907,True,
forkyard,25795072,5,0,fund_token,2.493583000614308,True,
forkyard,25795072,5,0,transfer,164.80729199247435,True,
forkyard,25795072,5,0,approve,1904.1277920041466,True,
forkyard,25795072,5,0,swap_eth_for_token,144.96191700163763,True,
forkyard,25795072,5,0,swap_eth_for_token,18.06320800096728,True,
forkyard,25795072,5,0,discard,143.18287500645965,True,
forkyard,25795072,5,1,acquire,3.6954169918317348,True,
forkyard,25795072,5,1,set_balance,228.57383301015943,True,
forkyard,25795072,5,1,get_balance,2.9248330101836473,True,
forkyard,25795072,5,1,swap_eth_for_token,2050.0353749957867,True,
forkyard,25795072,5,1,fund_token,10.159416997339576,True,
forkyard,25795072,5,1,fund_token,2.4566250067437068,True,
forkyard,25795072,5,1,get_balance,14.146208006422967,True,
forkyard,25795072,5,1,discard,0.7830419926904142,True,
forkyard,25795072,5,2,acquire,4.124874991248362,True,
forkyard,25795072,5,2,set_balance,242.6324999978533,True,
forkyard,25795072,5,2,transfer,269.3231250013923,True,
forkyard,25795072,5,2,transfer,166.65199999988545,True,
forkyard,25795072,5,2,get_balance,9.27179200516548,True,
forkyard,25795072,5,2,swap_eth_for_token,1587.029457994504,True,
forkyard,25795072,5,2,transfer,162.80645799997728,True,
forkyard,25795072,5,2,discard,0.6503339973278344,True,
forkyard,25795072,5,3,acquire,10.930667005595751,True,
forkyard,25795072,5,3,set_balance,337.3741660034284,True,
forkyard,25795072,5,3,get_balance,8.089417009614408,True,
forkyard,25795072,5,3,swap_eth_for_token,1931.947292003315,True,
forkyard,25795072,5,3,transfer,271.74020899110474,True,
forkyard,25795072,5,3,fund_token,3.85558299603872,True,
forkyard,25795072,5,3,approve,159.3061250023311,True,
forkyard,25795072,5,3,discard,0.8923749992391095,True,
forkyard,25795072,5,4,acquire,9.779250001884066,True,
forkyard,25795072,5,4,set_balance,208.59424999798648,True,
forkyard,25795072,5,4,get_balance,4.831083002500236,True,
forkyard,25795072,5,4,transfer,295.28654098976403,True,
forkyard,25795072,5,4,fund_token,4.6907910000300035,True,
forkyard,25795072,5,4,transfer,158.6908330064034,True,
forkyard,25795072,5,4,transfer,155.4778330028057,True,
forkyard,25795072,5,4,discard,1.6023330099415034,True,
forkyard,25795072,5,-1,__total__,2738.43941600353,True,
anvil,25795072,5,0,acquire,852.8636249975534,True,
anvil,25795072,5,0,set_balance,157.21150000172202,True,
anvil,25795072,5,0,fund_token,152.64900001056958,True,
anvil,25795072,5,0,transfer,745.7283339899732,True,
anvil,25795072,5,0,approve,500.2049589966191,True,
anvil,25795072,5,0,swap_eth_for_token,1988.280500008841,True,
anvil,25795072,5,0,swap_eth_for_token,260.83791599376127,True,
anvil,25795072,5,0,discard,3.8083340041339397,True,
anvil,25795072,5,1,acquire,861.9580840022536,True,
anvil,25795072,5,1,set_balance,147.16941698861774,True,
anvil,25795072,5,1,get_balance,18.153290991904214,True,
anvil,25795072,5,1,swap_eth_for_token,2487.1852079959353,True,
anvil,25795072,5,1,fund_token,2.2551669972017407,True,
anvil,25795072,5,1,fund_token,3.874333997373469,True,
anvil,25795072,5,1,get_balance,8.679082995513454,True,
anvil,25795072,5,1,discard,6.4645420061424375,True,
anvil,25795072,5,2,acquire,851.3363749952987,True,
anvil,25795072,5,2,set_balance,142.69983299891464,True,
anvil,25795072,5,2,transfer,776.4818750001723,True,
anvil,25795072,5,2,transfer,497.7559170074528,True,
anvil,25795072,5,2,get_balance,2.507500001229346,True,
anvil,25795072,5,2,swap_eth_for_token,2213.2197089958936,True,
anvil,25795072,5,2,transfer,501.7312080017291,True,
anvil,25795072,5,2,discard,3.9118749991757795,True,
anvil,25795072,5,3,acquire,846.9844589999411,True,
anvil,25795072,5,3,set_balance,159.0292920009233,True,
anvil,25795072,5,3,get_balance,13.632166999741457,True,
anvil,25795072,5,3,swap_eth_for_token,2495.825000005425,True,
anvil,25795072,5,3,transfer,503.9647910016356,True,
anvil,25795072,5,3,fund_token,1.9300830026622862,True,
anvil,25795072,5,3,approve,506.25391700305045,True,
anvil,25795072,5,3,discard,3.8393340073525906,True,
anvil,25795072,5,4,acquire,845.836499996949,True,
anvil,25795072,5,4,set_balance,146.48495899746194,True,
anvil,25795072,5,4,get_balance,12.344999995548278,True,
anvil,25795072,5,4,transfer,803.2452920015203,True,
anvil,25795072,5,4,fund_token,146.5586670092307,True,
anvil,25795072,5,4,transfer,494.25699999846984,True,
anvil,25795072,5,4,transfer,504.60079200274777,True,
anvil,25795072,5,4,discard,8.910374992410652,True,
anvil,25795072,5,-1,__total__,5026.000249999925,True,
forkyard,25795072,10,0,acquire,16.855334004503675,True,
forkyard,25795072,10,0,set_balance,529.0633750119014,True,
forkyard,25795072,10,0,fund_token,7.685709002544172,True,
forkyard,25795072,10,0,transfer,1985.2862090046983,True,
forkyard,25795072,10,0,approve,324.8004170018248,True,
forkyard,25795072,10,0,swap_eth_for_token,151.1680000112392,True,
forkyard,25795072,10,0,swap_eth_for_token,11.902375001227483,True,
forkyard,25795072,10,0,discard,0.7259999983943999,True,
forkyard,25795072,10,1,acquire,10.496208007680252,True,
forkyard,25795072,10,1,set_balance,504.4178749958519,True,
forkyard,25795072,10,1,get_balance,9.038000003783964,True,
forkyard,25795072,10,1,swap_eth_for_token,1878.5527080035536,True,
forkyard,25795072,10,1,fund_token,263.5972499992931,True,
forkyard,25795072,10,1,fund_token,5.128457996761426,True,
forkyard,25795072,10,1,get_balance,11.12716700299643,True,
forkyard,25795072,10,1,discard,151.0522500029765,True,
forkyard,25795072,10,2,acquire,23.18362500227522,True,
forkyard,25795072,10,2,set_balance,344.59262499876786,True,
forkyard,25795072,10,2,transfer,2146.8304589943727,True,
forkyard,25795072,10,2,transfer,272.8740409947932,True,
forkyard,25795072,10,2,get_balance,3.5537910007406026,True,
forkyard,25795072,10,2,swap_eth_for_token,157.81108298688196,True,
forkyard,25795072,10,2,transfer,152.02533299452625,True,
forkyard,25795072,10,2,discard,1.017957998556085,True,
forkyard,25795072,10,3,acquire,14.464416992268525,True,
forkyard,25795072,10,3,set_balance,372.6667080045445,True,
forkyard,25795072,10,3,get_balance,17.394958005752414,True,
forkyard,25795072,10,3,swap_eth_for_token,2144.630499999039,True,
forkyard,25795072,10,3,transfer,298.2924579991959,True,
forkyard,25795072,10,3,fund_token,6.59266700677108,True,
forkyard,25795072,10,3,approve,286.3787499954924,True,
forkyard,25795072,10,3,discard,0.9232500015059486,True,
forkyard,25795072,10,4,acquire,15.285166999092326,True,
forkyard,25795072,10,4,set_balance,496.19854100455996,True,
forkyard,25795072,10,4,get_balance,8.274125008028932,True,
forkyard,25795072,10,4,transfer,1999.2978750087786,True,
forkyard,25795072,10,4,fund_token,132.7948749967618,True,
forkyard,25795072,10,4,transfer,168.9832919946639,True,
forkyard,25795072,10,4,transfer,277.2639999893727,True,
forkyard,25795072,10,4,discard,1.7106669984059408,True,
forkyard,25795072,10,5,acquire,13.127291997079737,True,
forkyard,25795072,10,5,set_balance,349.47370800364297,True,
forkyard,25795072,10,5,swap_eth_for_token,2017.3952500044834,True,
forkyard,25795072,10,5,transfer,262.60441599879414,True,
forkyard,25795072,10,5,get_balance,150.3784169908613,True,
forkyard,25795072,10,5,get_balance,3.3262919896515086,True,
forkyard,25795072,10,5,swap_eth_for_token,24.70233300118707,True,
forkyard,25795072,10,5,discard,131.65779199334793,True,
forkyard,25795072,10,6,acquire,18.13345898699481,True,
forkyard,25795072,10,6,set_balance,486.0575409984449,True,
forkyard,25795072,10,6,transfer,301.12341699714307,True,
forkyard,25795072,10,6,swap_eth_for_token,1851.5279999992345,True,
forkyard,25795072,10,6,transfer,298.93220799567644,True,
forkyard,25795072,10,6,fund_token,137.73058299557306,True,
forkyard,25795072,10,6,swap_eth_for_token,17.83291700121481,True,
forkyard,25795072,10,6,discard,1.9364160107215866,True,
forkyard,25795072,10,7,acquire,17.709166000713594,True,
forkyard,25795072,10,7,set_balance,352.8310830006376,True,
forkyard,25795072,10,7,swap_eth_for_token,2014.3652080005268,True,
forkyard,25795072,10,7,fund_token,121.55374999565538,True,
forkyard,25795072,10,7,transfer,179.15704198821913,True,
forkyard,25795072,10,7,swap_eth_for_token,144.22837499296293,True,
forkyard,25795072,10,7,approve,154.15579100954346,True,
forkyard,25795072,10,7,discard,134.851124996203,True,
forkyard,25795072,10,8,acquire,14.819416988757439,True,
forkyard,25795072,10,8,set_balance,509.930959000485,True,
forkyard,25795072,10,8,get_balance,10.453249997226521,True,
forkyard,25795072,10,8,fund_token,1.2312089966144413,True,
forkyard,25795072,10,8,get_balance,1971.2009579961887,True,
forkyard,25795072,10,8,transfer,187.23279199912213,True,
forkyard,25795072,10,8,get_balance,142.18154200352728,True,
forkyard,25795072,10,8,discard,3.7853749963687733,True,
forkyard,25795072,10,9,acquire,19.38858299399726,True,
forkyard,25795072,10,9,set_balance,519.7069580026437,True,
forkyard,25795072,10,9,fund_token,5.163499998161569,True,
forkyard,25795072,10,9,swap_eth_for_token,1843.7813749915222,True,
forkyard,25795072,10,9,get_balance,143.43312500568572,True,
forkyard,25795072,10,9,swap_eth_for_token,326.75675000064075,True,
forkyard,25795072,10,9,approve,151.4164999971399,True,
forkyard,25795072,10,9,discard,4.861749999690801,True,
forkyard,25795072,10,-1,__total__,3151.1218340019695,True,
anvil,25795072,10,0,acquire,875.6309580057859,True,
anvil,25795072,10,0,set_balance,154.12812499562278,True,
anvil,25795072,10,0,fund_token,143.52729200618342,True,
anvil,25795072,10,0,transfer,749.4173330051126,True,
anvil,25795072,10,0,approve,500.0728750019334,True,
anvil,25795072,10,0,swap_eth_for_token,1990.346208011033,True,
anvil,25795072,10,0,swap_eth_for_token,265.4569169972092,True,
anvil,25795072,10,0,discard,3.856916999211535,True,
anvil,25795072,10,1,acquire,874.2424999945797,True,
anvil,25795072,10,1,set_balance,155.06712500064168,True,
anvil,25795072,10,1,get_balance,2.847583993570879,True,
anvil,25795072,10,1,swap_eth_for_token,2435.6174579879735,True,
anvil,25795072,10,1,fund_token,1.139500003773719,True,
anvil,25795072,10,1,fund_token,0.8699169993633404,True,
anvil,25795072,10,1,get_balance,2.0963339920854196,True,
anvil,25795072,10,1,discard,3.817167002125643,True,
anvil,25795072,10,2,acquire,895.1574579987209,True,
anvil,25795072,10,2,set_balance,154.93891599180643,True,
anvil,25795072,10,2,transfer,767.7931670041289,True,
anvil,25795072,10,2,transfer,504.1741659952095,True,
anvil,25795072,10,2,get_balance,4.403583996463567,True,
anvil,25795072,10,2,swap_eth_for_token,2190.4584579897346,True,
anvil,25795072,10,2,transfer,502.96241699834354,True,
anvil,25795072,10,2,discard,8.871915997588076,True,
anvil,25795072,10,3,acquire,900.8434999996098,True,
anvil,25795072,10,3,set_balance,153.9499169884948,True,
anvil,25795072,10,3,get_balance,11.309167006402276,True,
anvil,25795072,10,3,swap_eth_for_token,2460.6038330093725,True,
anvil,25795072,10,3,transfer,503.99770800140686,True,
anvil,25795072,10,3,fund_token,10.110916991834529,True,
anvil,25795072,10,3,approve,502.43512500310317,True,
anvil,25795072,10,3,discard,3.8284170004772022,True,
anvil,25795072,10,4,acquire,897.6673750003101,True,
anvil,25795072,10,4,set_balance,155.4004170029657,True,
anvil,25795072,10,4,get_balance,15.776000000187196,True,
anvil,25795072,10,4,transfer,741.5002089983318,True,
anvil,25795072,10,4,fund_token,143.79304100293666,True,
anvil,25795072,10,4,transfer,488.03416700684465,True,
anvil,25795072,10,4,transfer,503.0067500047153,True,
anvil,25795072,10,4,discard,3.8513339968631044,True,
anvil,25795072,10,5,acquire,898.7842079950497,True,
anvil,25795072,10,5,set_balance,140.25358299841173,True,
anvil,25795072,10,5,swap_eth_for_token,2460.497709005722,True,
anvil,25795072,10,5,transfer,513.0500000086613,True,
anvil,25795072,10,5,get_balance,12.162292012362741,True,
anvil,25795072,10,5,get_balance,5.3477499895961955,True,
anvil,25795072,10,5,swap_eth_for_token,263.856500008842,True,
anvil,25795072,10,5,discard,3.851165995001793,True,
anvil,25795072,10,6,acquire,877.1185830119066,True,
anvil,25795072,10,6,set_balance,157.94045799702872,True,
anvil,25795072,10,6,transfer,780.9494579996681,True,
anvil,25795072,10,6,swap_eth_for_token,2210.657000003266,True,
anvil,25795072,10,6,transfer,514.6234160056338,True,
anvil,25795072,10,6,fund_token,0.8152500085998327,True,
anvil,25795072,10,6,swap_eth_for_token,263.2911660039099,True,
anvil,25795072,10,6,discard,3.8278749998426065,True,
anvil,25795072,10,7,acquire,868.9757499960251,True,
anvil,25795072,10,7,set_balance,154.88245800952427,True,
anvil,25795072,10,7,swap_eth_for_token,2463.9937079919036,True,
anvil,25795072,10,7,fund_token,4.068000009283423,True,
anvil,25795072,10,7,transfer,503.1389170035254,True,
anvil,25795072,10,7,swap_eth_for_token,265.0345840083901,True,
anvil,25795072,10,7,approve,501.00483298592735,True,
anvil,25795072,10,7,discard,12.558332993648946,True,
anvil,25795072,10,8,acquire,881.5977920021396,True,
anvil,25795072,10,8,set_balance,142.76366599369794,True,
anvil,25795072,10,8,get_balance,13.051915986579843,True,
anvil,25795072,10,8,fund_token,144.62049999565352,True,
anvil,25795072,10,8,get_balance,6.13675000204239,True,
anvil,25795072,10,8,transfer,735.284791997401,True,
anvil,25795072,10,8,get_balance,2.5999580102507025,True,
anvil,25795072,10,8,discard,3.6338749923743308,True,
anvil,25795072,10,9,acquire,862.906791997375,True,
anvil,25795072,10,9,set_balance,162.9875000071479,True,
anvil,25795072,10,9,fund_token,144.59941700624768,True,
anvil,25795072,10,9,swap_eth_for_token,2233.9372919959715,True,
anvil,25795072,10,9,get_balance,3.972917009377852,True,
anvil,25795072,10,9,swap_eth_for_token,259.20524999673944,True,
anvil,25795072,10,9,approve,500.97816600464284,True,
anvil,25795072,10,9,discard,3.818625002168119,True,
anvil,25795072,10,-1,__total__,5055.836917003035,True,
forkyard,25795072,25,0,acquire,26.054625006509013,True,
forkyard,25795072,25,0,set_balance,880.8600410120562,True,
forkyard,25795072,25,0,fund_token,12.673999997787178,True,
forkyard,25795072,25,0,transfer,2209.064082999248,True,
forkyard,25795072,25,0,approve,694.4402920053108,True,
forkyard,25795072,25,0,swap_eth_for_token,144.90425000258256,True,
forkyard,25795072,25,0,swap_eth_for_token,35.056041000643745,True,
forkyard,25795072,25,0,discard,138.08029099891428,True,
forkyard,25795072,25,1,acquire,18.883915996411815,True,
forkyard,25795072,25,1,set_balance,763.9374589925865,True,
forkyard,25795072,25,1,get_balance,154.22104200115427,True,
forkyard,25795072,25,1,swap_eth_for_token,2105.185749998782,True,
forkyard,25795072,25,1,fund_token,678.1775830022525,True,
forkyard,25795072,25,1,fund_token,279.7631659923354,True,
forkyard,25795072,25,1,get_balance,18.283416007761844,True,
forkyard,25795072,25,1,discard,2.3417500051436946,True,
forkyard,25795072,25,2,acquire,13.990249994094484,True,
forkyard,25795072,25,2,set_balance,954.4208750012331,True,
forkyard,25795072,25,2,transfer,462.1109999861801,True,
forkyard,25795072,25,2,transfer,1663.3352079952601,True,
forkyard,25795072,25,2,get_balance,293.4686660009902,True,
forkyard,25795072,25,2,swap_eth_for_token,316.76412500382867,True,
forkyard,25795072,25,2,transfer,548.8391669932753,True,
forkyard,25795072,25,2,discard,275.3304170037154,True,
forkyard,25795072,25,3,acquire,16.483457991853356,True,
forkyard,25795072,25,3,set_balance,876.2385839945637,True,
forkyard,25795072,25,3,get_balance,34.22516600403469,True,
forkyard,25795072,25,3,swap_eth_for_token,2602.628291992005,True,
forkyard,25795072,25,3,transfer,582.6535829983186,True,
forkyard,25795072,25,3,fund_token,289.76562499883585,True,
forkyard,25795072,25,3,approve,161.86200000811368,True,
forkyard,25795072,25,3,discard,136.27495800028555,True,
forkyard,25795072,25,4,acquire,15.301499995985068,True,
forkyard,25795072,25,4,set_balance,855.465833999915,True,
forkyard,25795072,25,4,get_balance,46.84783300035633,True,
forkyard,25795072,25,4,transfer,745.9980830026325,True,
forkyard,25795072,25,4,fund_token,1378.7732499913545,True,
forkyard,25795072,25,4,transfer,304.0344170003664,True,
forkyard,25795072,25,4,transfer,252.3317919985857,True,
forkyard,25795072,25,4,discard,4.078791011124849,True,
forkyard,25795072,25,5,acquire,20.15070800553076,True,
forkyard,25795072,25,5,set_balance,874.7086669900455,True,
forkyard,25795072,25,5,swap_eth_for_token,2119.9481670046225,True,
forkyard,25795072,25,5,transfer,253.55604199285153,True,
forkyard,25795072,25,5,get_balance,416.64570799912326,True,
forkyard,25795072,25,5,get_balance,7.951499996124767,True,
forkyard,25795072,25,5,swap_eth_for_token,11.663666009553708,True,
forkyard,25795072,25,5,discard,0.6117090088082477,True,
forkyard,25795072,25,6,acquire,16.80245899478905,True,
forkyard,25795072,25,6,set_balance,933.0385420034872,True,
forkyard,25795072,25,6,transfer,350.6632909993641,True,
forkyard,25795072,25,6,swap_eth_for_token,1698.6252080096165,True,
forkyard,25795072,25,6,transfer,410.3822090110043,True,
forkyard,25795072,25,6,fund_token,11.878959005116485,True,
forkyard,25795072,25,6,swap_eth_for_token,582.6148329942953,True,
forkyard,25795072,25,6,discard,406.4232499949867,True,
forkyard,25795072,25,7,acquire,18.03979200485628,True,
forkyard,25795072,25,7,set_balance,896.8290420016274,True,
forkyard,25795072,25,7,swap_eth_for_token,2207.2307920025196,True,
forkyard,25795072,25,7,fund_token,411.4556669956073,True,
forkyard,25795072,25,7,transfer,460.8898330043303,True,
forkyard,25795072,25,7,swap_eth_for_token,441.8913749977946,True,
forkyard,25795072,25,7,approve,286.33958399586845,True,
forkyard,25795072,25,7,discard,2.841084002284333,True,
forkyard,25795072,25,8,acquire,19.30158300092444,True,
forkyard,25795072,25,8,set_balance,939.3491249938961,True,
forkyard,25795072,25,8,get_balance,521.5098749904428,True,
forkyard,25795072,25,8,fund_token,1530.236166989198,True,
forkyard,25795072,25,8,get_balance,414.30883400607854,True,
forkyard,25795072,25,8,transfer,187.4393749894807,True,
forkyard,25795072,25,8,get_balance,966.0527920059394,True,
forkyard,25795072,25,8,discard,5.997875006869435,True,
forkyard,25795072,25,9,acquire,25.739541990333237,True,
forkyard,25795072,25,9,set_balance,1039.8183749930467,True,
forkyard,25795072,25,9,fund_token,385.76554199971724,True,
forkyard,25795072,25,9,swap_eth_for_token,1675.122749991715,True,
forkyard,25795072,25,9,get_balance,296.94724999717437,True,
forkyard,25795072,25,9,swap_eth_for_token,592.8463750024093,True,
forkyard,25795072,25,9,approve,551.0722079925472,True,
forkyard,25795072,25,9,discard,5.800792001537047,True,
forkyard,25795072,25,10,acquire,18.5523749969434,True,
forkyard,25795072,25,10,set_balance,870.2706250041956,True,
forkyard,25795072,25,10,transfer,390.7017080055084,True,
forkyard,25795072,25,10,fund_token,1813.304833995062,True,
forkyard,25795072,25,10,get_balance,418.88258399558254,True,
forkyard,25795072,25,10,fund_token,143.85754099930637,True,
forkyard,25795072,25,10,get_balance,8.871500001987442,True,
forkyard,25795072,25,10,discard,3.8493750034831464,True,
forkyard,25795072,25,11,acquire,24.66774999629706,True,
forkyard,25795072,25,11,set_balance,878.5382079950068,True,
forkyard,25795072,25,11,fund_token,10.392625001259148,True,
forkyard,25795072,25,11,fund_token,23.001624998869374,True,
forkyard,25795072,25,11,get_balance,26.479792009922676,True,
forkyard,25795072,25,11,approve,2308.85912499798,True,
forkyard,25795072,25,11,fund_token,560.1895419968059,True,
forkyard,25795072,25,11,discard,145.28091700049117,True,
forkyard,25795072,25,12,acquire,15.719958988483995,True,
forkyard,25795072,25,12,set_balance,856.7575000051875,True,
forkyard,25795072,25,12,fund_token,24.785583998891525,True,
forkyard,25795072,25,12,approve,2506.3307079981314,True,
forkyard,25795072,25,12,fund_token,397.43758300028276,True,
forkyard,25795072,25,12,swap_eth_for_token,155.6241670041345,True,
forkyard,25795072,25,12,swap_eth_for_token,30.31441700295545,True,
forkyard,25795072,25,12,discard,138.139125003363,True,
forkyard,25795072,25,13,acquire,16.091917001176625,True,
forkyard,25795072,25,13,set_balance,898.9481669996167,True,
forkyard,25795072,25,13,swap_eth_for_token,2087.4342500028433,True,
forkyard,25795072,25,13,get_balance,543.1912089989055,True,
forkyard,25795072,25,13,get_balance,18.24129199667368,True,
forkyard,25795072,25,13,get_balance,293.8266660057707,True,
forkyard,25795072,25,13,transfer,579.5750419929391,True,
forkyard,25795072,25,13,discard,3.951582999434322,True,
forkyard,25795072,25,14,acquire,21.159832991543226,True,
forkyard,25795072,25,14,set_balance,885.0954170047771,True,
forkyard,25795072,25,14,transfer,2186.88083300367,True,
forkyard,25795072,25,14,swap_eth_for_token,424.0755830105627,True,
forkyard,25795072,25,14,swap_eth_for_token,136.76120799209457,True,
forkyard,25795072,25,14,fund_token,4.695458002970554,True,
forkyard,25795072,25,14,fund_token,1.2711669987766072,True,
forkyard,25795072,25,14,discard,1.1999580019619316,True,
forkyard,25795072,25,15,acquire,18.965291004860774,True,
forkyard,25795072,25,15,set_balance,1025.2000830078032,True,
forkyard,25795072,25,15,get_balance,1916.621332988143,True,
forkyard,25795072,25,15,transfer,260.58379201276693,True,
forkyard,25795072,25,15,get_balance,159.03795800113585,True,
forkyard,25795072,25,15,transfer,456.7611669917824,True,
forkyard,25795072,25,15,swap_eth_for_token,565.8388330048183,True,
forkyard,25795072,25,15,discard,123.45187499886379,True,
forkyard,25795072,25,16,acquire,14.746957996976562,True,
forkyard,25795072,25,16,set_balance,862.3386670078617,True,
forkyard,25795072,25,16,swap_eth_for_token,2797.191499994369,True,
forkyard,25795072,25,16,fund_token,276.73608300392516,True,
forkyard,25795072,25,16,fund_token,5.9665419976226985,True,
forkyard,25795072,25,16,fund_token,9.189083997625858,True,
forkyard,25795072,25,16,fund_token,4.466500002308749,True,
forkyard,25795072,25,16,discard,8.7382919882657,True,
forkyard,25795072,25,17,acquire,13.033625000389293,True,
forkyard,25795072,25,17,set_balance,878.8959160010563,True,
forkyard,25795072,25,17,fund_token,14.04608300072141,True,
forkyard,25795072,25,17,swap_eth_for_token,2071.90266699763,True,
forkyard,25795072,25,17,get_balance,542.7117920044111,True,
forkyard,25795072,25,17,transfer,175.1057090004906,True,
forkyard,25795072,25,17,get_balance,707.6462090044515,True,
forkyard,25795072,25,17,discard,8.070791998761706,True,
forkyard,25795072,25,18,acquire,14.276792004238814,True,
forkyard,25795072,25,18,set_balance,885.4493750113761,True,
forkyard,25795072,25,18,get_balance,41.78170800150838,True,
forkyard,25795072,25,18,fund_token,16.597041991190054,True,
forkyard,25795072,25,18,get_balance,16.90295799926389,True,
forkyard,25795072,25,18,fund_token,8.566500007873401,True,
forkyard,25795072,25,18,get_balance,23.233792002429254,True,
forkyard,25795072,25,18,discard,18.082624999806285,True,
forkyard,25795072,25,19,acquire,16.482874998473562,True,
forkyard,25795072,25,19,set_balance,1061.0872500110418,True,
forkyard,25795072,25,19,transfer,527.915042010136,True,
forkyard,25795072,25,19,get_balance,1795.1545000105398,True,
forkyard,25795072,25,19,swap_eth_for_token,759.1772089945152,True,
forkyard,25795072,25,19,get_balance,418.4559999994235,True,
forkyard,25795072,25,19,transfer,157.76416700100526,True,
forkyard,25795072,25,19,discard,2.4947079946286976,True,
forkyard,25795072,25,20,acquire,11.731124992365949,True,
forkyard,25795072,25,20,set_balance,901.34433300409,True,
forkyard,25795072,25,20,get_balance,29.21241699368693,True,
forkyard,25795072,25,20,transfer,2404.76554199995,True,
forkyard,25795072,25,20,get_balance,129.57808299688622,True,
forkyard,25795072,25,20,fund_token,12.934208003571257,True,
forkyard,25795072,25,20,transfer,723.3947080094367,True,
forkyard,25795072,25,20,discard,145.90299999690615,True,
forkyard,25795072,25,21,acquire,13.295707991346717,True,
forkyard,25795072,25,21,set_balance,861.646582998219,True,
forkyard,25795072,25,21,get_balance,42.8153749962803,True,
forkyard,25795072,25,21,fund_token,14.055749998078682,True,
forkyard,25795072,25,21,fund_token,5.647208003210835,True,
forkyard,25795072,25,21,fund_token,5.163042005733587,True,
forkyard,25795072,25,21,approve,633.7654590024613,True,
forkyard,25795072,25,21,discard,1524.0182919951621,True,
forkyard,25795072,25,22,acquire,11.137832989334129,True,
forkyard,25795072,25,22,set_balance,894.3259170046076,True,
forkyard,25795072,25,22,get_balance,31.38237500388641,True,
forkyard,25795072,25,22,transfer,2230.1899999874877,True,
forkyard,25795072,25,22,get_balance,288.44837500946596,True,
forkyard,25795072,25,22,swap_eth_for_token,320.241209003143,True,
forkyard,25795072,25,22,get_balance,565.9410000080243,True,
forkyard,25795072,25,22,discard,11.810041993157938,True,
forkyard,25795072,25,23,acquire,191.4202089974424,True,
forkyard,25795072,25,23,set_balance,708.6314580083126,True,
forkyard,25795072,25,23,swap_eth_for_token,2667.072915995959,True,
forkyard,25795072,25,23,transfer,408.5543750115903,True,
forkyard,25795072,25,23,fund_token,9.42808399850037,True,
forkyard,25795072,25,23,approve,167.31341699778568,True,
forkyard,25795072,25,23,swap_token_for_token,152.75637499871664,True,
forkyard,25795072,25,23,discard,1.2920419976580888,True,
forkyard,25795072,25,24,acquire,513.6762500042096,True,
forkyard,25795072,25,24,set_balance,942.2175419895211,True,
forkyard,25795072,25,24,fund_token,1531.1093749915017,True,
forkyard,25795072,25,24,get_balance,415.4278339992743,True,
forkyard,25795072,25,24,get_balance,33.524582991958596,True,
forkyard,25795072,25,24,transfer,573.6763749882812,True,
forkyard,25795072,25,24,swap_eth_for_token,554.7137499961536,True,
forkyard,25795072,25,24,discard,4.85804199706763,True,
forkyard,25795072,25,-1,__total__,4791.227124995203,True,
anvil,25795072,25,0,acquire,872.5985000055516,True,
anvil,25795072,25,0,set_balance,142.237792009837,True,
anvil,25795072,25,0,fund_token,141.2688340060413,True,
anvil,25795072,25,0,transfer,747.449125003186,True,
anvil,25795072,25,0,approve,498.10433300444856,True,
anvil,25795072,25,0,swap_eth_for_token,1937.3814999999013,True,
anvil,25795072,25,0,swap_eth_for_token,253.17262500175275,True,
anvil,25795072,25,0,discard,4.026416994747706,True,
anvil,25795072,25,1,acquire,910.2217080071568,True,
anvil,25795072,25,1,set_balance,145.93008399242535,True,
anvil,25795072,25,1,get_balance,1.8009999912464991,True,
anvil,25795072,25,1,swap_eth_for_token,2443.000999992364,True,
anvil,25795072,25,1,fund_token,0.8182919991668314,True,
anvil,25795072,25,1,fund_token,0.7647080055903643,True,
anvil,25795072,25,1,get_balance,1.7134579975390807,True,
anvil,25795072,25,1,discard,3.8131670007715,True,
anvil,25795072,25,2,acquire,856.2192920071539,True,
anvil,25795072,25,2,set_balance,143.38525000493973,True,
anvil,25795072,25,2,transfer,738.9385420101462,True,
anvil,25795072,25,2,transfer,508.7198749970412,True,
anvil,25795072,25,2,get_balance,3.7225419946480542,True,
anvil,25795072,25,2,swap_eth_for_token,2196.9799169892212,True,
anvil,25795072,25,2,transfer,508.2779170043068,True,
anvil,25795072,25,2,discard,3.831915993941948,True,
anvil,25795072,25,3,acquire,721.7188749928027,True,
anvil,25795072,25,3,set_balance,141.36187500844244,True,
anvil,25795072,25,3,get_balance,2.362040992011316,True,
anvil,25795072,25,3,swap_eth_for_token,2428.2708749960875,True,
anvil,25795072,25,3,transfer,501.18383299559355,True,
anvil,25795072,25,3,fund_token,1.2422919971868396,True,
anvil,25795072,25,3,approve,492.6475410029525,True,
anvil,25795072,25,3,discard,3.823375009233132,True,
anvil,25795072,25,4,acquire,860.4920000070706,True,
anvil,25795072,25,4,set_balance,140.15716600988526,True,
anvil,25795072,25,4,get_balance,2.601833999506198,True,
anvil,25795072,25,4,transfer,729.2150830035098,True,
anvil,25795072,25,4,fund_token,147.08666699880268,True,
anvil,25795072,25,4,transfer,484.95283399824984,True,
anvil,25795072,25,4,transfer,493.6593339953106,True,
anvil,25795072,25,4,discard,8.841541988658719,True,
anvil,25795072,25,5,acquire,910.8563749905443,True,
anvil,25795072,25,5,set_balance,154.33824999490753,True,
anvil,25795072,25,5,swap_eth_for_token,2475.9316660056356,True,
anvil,25795072,25,5,transfer,504.20591700822115,True,
anvil,25795072,25,5,get_balance,6.209665996721014,True,
anvil,25795072,25,5,get_balance,7.380750001175329,True,
anvil,25795072,25,5,swap_eth_for_token,264.1284999990603,True,
anvil,25795072,25,5,discard,4.179916009888984,True,
anvil,25795072,25,6,acquire,889.229709006031,True,
anvil,25795072,25,6,set_balance,146.63895800185855,True,
anvil,25795072,25,6,transfer,760.9006670099916,True,
anvil,25795072,25,6,swap_eth_for_token,2210.52116699866,True,
anvil,25795072,25,6,transfer,504.1937079950003,True,
anvil,25795072,25,6,fund_token,0.927542001591064,True,
anvil,25795072,25,6,swap_eth_for_token,258.1949580053333,True,
anvil,25795072,25,6,discard,8.785208003246225,True,
anvil,25795072,25,7,acquire,897.1182079985738,True,
anvil,25795072,25,7,set_balance,139.8279170098249,True,
anvil,25795072,25,7,swap_eth_for_token,2476.0306250100257,True,
anvil,25795072,25,7,fund_token,0.8214160043280572,True,
anvil,25795072,25,7,transfer,503.6022089916514,True,
anvil,25795072,25,7,swap_eth_for_token,258.50366600207053,True,
anvil,25795072,25,7,approve,500.53058299818076,True,
anvil,25795072,25,7,discard,3.8245410105446354,True,
anvil,25795072,25,8,acquire,886.1605419951957,True,
anvil,25795072,25,8,set_balance,144.05324999825098,True,
anvil,25795072,25,8,get_balance,13.617207994684577,True,
anvil,25795072,25,8,fund_token,140.26949999970384,True,
anvil,25795072,25,8,get_balance,1.680165994912386,True,
anvil,25795072,25,8,transfer,734.8237499973038,True,
anvil,25795072,25,8,get_balance,1.5207499964162707,True,
anvil,25795072,25,8,discard,3.8082500104792416,True,
anvil,25795072,25,9,acquire,881.468292005593,True,
anvil,25795072,25,9,set_balance,147.50995799840894,True,
anvil,25795072,25,9,fund_token,151.78808399650734,True,
anvil,25795072,25,9,swap_eth_for_token,2205.6837919953978,True,
anvil,25795072,25,9,get_balance,5.472707998706028,True,
anvil,25795072,25,9,swap_eth_for_token,257.5272079993738,True,
anvil,25795072,25,9,approve,501.0377090075053,True,
anvil,25795072,25,9,discard,3.807957997196354,True,
anvil,25795072,25,10,acquire,878.2157910027308,True,
anvil,25795072,25,10,set_balance,148.3626249973895,True,
anvil,25795072,25,10,transfer,748.3428750128951,True,
anvil,25795072,25,10,fund_token,149.61720899736974,True,
anvil,25795072,25,10,get_balance,1.7220840090885758,True,
anvil,25795072,25,10,fund_token,0.7152920006774366,True,
anvil,25795072,25,10,get_balance,1.402541995048523,True,
anvil,25795072,25,10,discard,3.5155000077793375,True,
anvil,25795072,25,11,acquire,851.3431250030408,True,
anvil,25795072,25,11,set_balance,143.26812500075903,True,
anvil,25795072,25,11,fund_token,149.98004199878778,True,
anvil,25795072,25,11,fund_token,1.8402080022497103,True,
anvil,25795072,25,11,get_balance,6.3404169923160225,True,
anvil,25795072,25,11,approve,735.0920410099206,True,
anvil,25795072,25,11,fund_token,1.1803329980466515,True,
anvil,25795072,25,11,discard,3.8002920045983046,True,
anvil,25795072,25,12,acquire,842.802291008411,True,
anvil,25795072,25,12,set_balance,140.2965830056928,True,
anvil,25795072,25,12,fund_token,144.40049999393523,True,
anvil,25795072,25,12,approve,746.273333003046,True,
anvil,25795072,25,12,fund_token,0.6390829948941246,True,
anvil,25795072,25,12,swap_eth_for_token,1941.6952910105465,True,
anvil,25795072,25,12,swap_eth_for_token,259.66233300277963,True,
anvil,25795072,25,12,discard,3.8067080022301525,True,
anvil,25795072,25,13,acquire,841.9943330081878,True,
anvil,25795072,25,13,set_balance,143.6489170009736,True,
anvil,25795072,25,13,swap_eth_for_token,2475.8661250089062,True,
anvil,25795072,25,13,get_balance,7.519541002693586,True,
anvil,25795072,25,13,get_balance,2.007750008488074,True,
anvil,25795072,25,13,get_balance,1.5142500051297247,True,
anvil,25795072,25,13,transfer,504.0134579903679,True,
anvil,25795072,25,13,discard,5.517083001905121,True,
anvil,25795072,25,14,acquire,860.988542000996,True,
anvil,25795072,25,14,set_balance,151.89145799377002,True,
anvil,25795072,25,14,transfer,740.9393749985611,True,
anvil,25795072,25,14,swap_eth_for_token,2203.423915998428,True,
anvil,25795072,25,14,swap_eth_for_token,262.5115000118967,True,
anvil,25795072,25,14,fund_token,0.8284170035040006,True,
anvil,25795072,25,14,fund_token,0.7407499942928553,True,
anvil,25795072,25,14,discard,3.8165000005392358,True,
anvil,25795072,25,15,acquire,857.7338329923805,True,
anvil,25795072,25,15,set_balance,139.76025000738446,True,
anvil,25795072,25,15,get_balance,1.6159579972736537,True,
anvil,25795072,25,15,transfer,725.3065830009291,True,
anvil,25795072,25,15,get_balance,2.707708001253195,True,
anvil,25795072,25,15,transfer,492.3093749966938,True,
anvil,25795072,25,15,swap_eth_for_token,2197.2610829980113,True,
anvil,25795072,25,15,discard,3.84533399483189,True,
anvil,25795072,25,16,acquire,874.4284579879604,True,
anvil,25795072,25,16,set_balance,154.83987500192598,True,
anvil,25795072,25,16,swap_eth_for_token,2456.6837909951573,True,
anvil,25795072,25,16,fund_token,2.505000011296943,True,
anvil,25795072,25,16,fund_token,0.9765839931787923,True,
anvil,25795072,25,16,fund_token,0.5593750101979822,True,
anvil,25795072,25,16,fund_token,0.5722500063711777,True,
anvil,25795072,25,16,discard,3.821457998128608,True,
anvil,25795072,25,17,acquire,852.8745420044288,True,
anvil,25795072,25,17,set_balance,141.44612499512732,True,
anvil,25795072,25,17,fund_token,139.23004199750721,True,
anvil,25795072,25,17,swap_eth_for_token,2176.5199170040432,True,
anvil,25795072,25,17,get_balance,4.092541988939047,True,
anvil,25795072,25,17,transfer,491.86104199907277,True,
anvil,25795072,25,17,get_balance,2.3138750111684203,True,
anvil,25795072,25,17,discard,3.804959007538855,True,
anvil,25795072,25,18,acquire,873.4116249979706,True,
anvil,25795072,25,18,set_balance,144.35329199477565,True,
anvil,25795072,25,18,get_balance,11.51104099699296,True,
anvil,25795072,25,18,fund_token,142.1157500008121,True,
anvil,25795072,25,18,get_balance,2.7049999916926026,True,
anvil,25795072,25,18,fund_token,2.8415420092642307,True,
anvil,25795072,25,18,get_balance,2.2521659993799403,True,
anvil,25795072,25,18,discard,4.31654199201148,True,
anvil,25795072,25,19,acquire,873.6778330057859,True,
anvil,25795072,25,19,set_balance,140.1908339903457,True,
anvil,25795072,25,19,transfer,763.2610000000568,True,
anvil,25795072,25,19,get_balance,4.544458002783358,True,
anvil,25795072,25,19,swap_eth_for_token,2198.27420799993,True,
anvil,25795072,25,19,get_balance,1.5700829972047359,True,
anvil,25795072,25,19,transfer,490.9361669997452,True,
anvil,25795072,25,19,discard,3.8044999964768067,True,
anvil,25795072,25,20,acquire,853.2567090005614,True,
anvil,25795072,25,20,set_balance,140.10591700207442,True,
anvil,25795072,25,20,get_balance,5.984666000586003,True,
anvil,25795072,25,20,transfer,751.4684589987155,True,
anvil,25795072,25,20,get_balance,1.6498750046594068,True,
anvil,25795072,25,20,fund_token,143.69858299323823,True,
anvil,25795072,25,20,transfer,499.6250410040375,True,
anvil,25795072,25,20,discard,3.8412499998230487,True,
anvil,25795072,25,21,acquire,846.4490410115104,True,
anvil,25795072,25,21,set_balance,142.8329170012148,True,
anvil,25795072,25,21,get_balance,7.558249999419786,True,
anvil,25795072,25,21,fund_token,146.2652500049444,True,
anvil,25795072,25,21,fund_token,0.6344170105876401,True,
anvil,25795072,25,21,fund_token,0.6193750014062971,True,
anvil,25795072,25,21,approve,732.5006250030128,True,
anvil,25795072,25,21,discard,3.8187919999472797,True,
anvil,25795072,25,22,acquire,861.2285840063123,True,
anvil,25795072,25,22,set_balance,141.5381660044659,True,
anvil,25795072,25,22,get_balance,9.275208009057678,True,
anvil,25795072,25,22,transfer,757.8445840044878,True,
anvil,25795072,25,22,get_balance,10.047999996459112,True,
anvil,25795072,25,22,swap_eth_for_token,2183.7158750131493,True,
anvil,25795072,25,22,get_balance,1.8325830023968592,True,
anvil,25795072,25,22,discard,4.195417001028545,True,
anvil,25795072,25,23,acquire,852.7857500012033,True,
anvil,25795072,25,23,set_balance,142.40420899295714,True,
anvil,25795072,25,23,swap_eth_for_token,2456.468207994476,True,
anvil,25795072,25,23,transfer,486.9412919942988,True,
anvil,25795072,25,23,fund_token,1.6851249965839088,True,
anvil,25795072,25,23,approve,493.14304199651815,True,
anvil,25795072,25,23,swap_token_for_token,497.91754099715035,True,
anvil,25795072,25,23,discard,3.8460000068880618,True,
anvil,25795072,25,24,acquire,838.8749589939835,True,
anvil,25795072,25,24,set_balance,152.89433299039956,True,
anvil,25795072,25,24,fund_token,147.80337500269525,True,
anvil,25795072,25,24,get_balance,2.356292010517791,True,
anvil,25795072,25,24,get_balance,1.9580000080168247,True,
anvil,25795072,25,24,transfer,739.8443750134902,True,
anvil,25795072,25,24,swap_eth_for_token,1951.1384170036763,True,
anvil,25795072,25,24,discard,3.8336249999701977,True,
anvil,25795072,25,-1,__total__,5083.139541995479,True,
forkyard,25795072,50,0,acquire,13.658000010764226,True,
forkyard,25795072,50,0,set_balance,748.0893330066465,True,
forkyard,25795072,50,0,fund_token,991.3757090107538,True,
forkyard,25795072,50,0,transfer,2369.668625004124,True,
forkyard,25795072,50,0,approve,1111.6660420084372,True,
forkyard,25795072,50,0,swap_eth_for_token,425.6621670065215,True,
forkyard,25795072,50,0,swap_eth_for_token,160.3964589885436,True,
forkyard,25795072,50,0,discard,17.36029099265579,True,
forkyard,25795072,50,1,acquire,12.805083999410272,True,
forkyard,25795072,50,1,set_balance,778.6213749932358,True,
forkyard,25795072,50,1,get_balance,999.5159999962198,True,
forkyard,25795072,50,1,swap_eth_for_token,2621.0467089986196,True,
forkyard,25795072,50,1,fund_token,1123.904042004142,True,
forkyard,25795072,50,1,fund_token,569.9632079922594,True,
forkyard,25795072,50,1,get_balance,424.18058300972916,True,
forkyard,25795072,50,1,discard,563.9716669975314,True,
forkyard,25795072,50,2,acquire,14.351999998325482,True,
forkyard,25795072,50,2,set_balance,1328.294916995219,True,
forkyard,25795072,50,2,transfer,864.7180419939104,True,
forkyard,25795072,50,2,transfer,2474.78633299761,True,
forkyard,25795072,50,2,get_balance,678.0419170099776,True,
forkyard,25795072,50,2,swap_eth_for_token,552.6714580046246,True,
forkyard,25795072,50,2,transfer,407.6582910056459,True,
forkyard,25795072,50,2,discard,426.7469160113251,True,
forkyard,25795072,50,3,acquire,9.696292006992735,True,
forkyard,25795072,50,3,set_balance,798.8675829983549,True,
forkyard,25795072,50,3,get_balance,1424.8566670139553,True,
forkyard,25795072,50,3,swap_eth_for_token,2039.1187080094824,True,
forkyard,25795072,50,3,transfer,568.2097089884337,True,
forkyard,25795072,50,3,fund_token,555.243499999051,True,
forkyard,25795072,50,3,approve,279.0241250040708,True,
forkyard,25795072,50,3,discard,540.0237499998184,True,
forkyard,25795072,50,4,acquire,7.481124994228594,True,
forkyard,25795072,50,4,set_balance,656.8711669970071,True,
forkyard,25795072,50,4,get_balance,1542.693584007793,True,
forkyard,25795072,50,4,transfer,2216.9127500092145,True,
forkyard,25795072,50,4,fund_token,568.3603750076145,True,
forkyard,25795072,50,4,transfer,296.4993330097059,True,
forkyard,25795072,50,4,transfer,690.2514579996932,True,
forkyard,25795072,50,4,discard,417.2334159957245,True,
forkyard,25795072,50,5,acquire,10.791666005388834,True,
forkyard,25795072,50,5,set_balance,749.4087910017697,True,
forkyard,25795072,50,5,swap_eth_for_token,3248.501915993984,True,
forkyard,25795072,50,5,transfer,810.6749169965042,True,
forkyard,25795072,50,5,get_balance,978.3930840058019,True,
forkyard,25795072,50,5,get_balance,33.550250009284355,True,
forkyard,25795072,50,5,swap_eth_for_token,1021.2100839999039,True,
forkyard,25795072,50,5,discard,144.95879199239425,True,
forkyard,25795072,50,6,acquire,16.212541988352314,True,
forkyard,25795072,50,6,set_balance,1181.441459004418,True,
forkyard,25795072,50,6,transfer,977.4175000056857,True,
forkyard,25795072,50,6,swap_eth_for_token,2519.024624998565,True,
forkyard,25795072,50,6,transfer,413.44687501259614,True,
forkyard,25795072,50,6,fund_token,131.8647079897346,True,
forkyard,25795072,50,6,swap_eth_for_token,577.6909999985946,True,
forkyard,25795072,50,6,discard,411.6370830015512,True,
forkyard,25795072,50,7,acquire,13.693665998289362,True,
forkyard,25795072,50,7,set_balance,1458.291917006136,True,
forkyard,25795072,50,7,swap_eth_for_token,2506.5147499990417,True,
forkyard,25795072,50,7,fund_token,817.7649999997811,True,
forkyard,25795072,50,7,transfer,1008.9533749996917,True,
forkyard,25795072,50,7,swap_eth_for_token,421.7483749962412,True,
forkyard,25795072,50,7,approve,688.4761249966687,True,
forkyard,25795072,50,7,discard,419.9340420018416,True,
forkyard,25795072,50,8,acquire,12.516207993030548,True,
forkyard,25795072,50,8,set_balance,1752.911707997555,True,
forkyard,25795072,50,8,get_balance,2320.7744999963325,True,
forkyard,25795072,50,8,fund_token,567.4569999973755,True,
forkyard,25795072,50,8,get_balance,702.1416659990791,True,
forkyard,25795072,50,8,transfer,677.7082500047982,True,
forkyard,25795072,50,8,get_balance,693.3818749967031,True,
forkyard,25795072,50,8,discard,136.11316599417478,True,
forkyard,25795072,50,9,acquire,16.360666006221436,True,
forkyard,25795072,50,9,set_balance,757.0537919964409,True,
forkyard,25795072,50,9,fund_token,989.588416996412,True,
forkyard,25795072,50,9,swap_eth_for_token,2385.3530420019524,True,
forkyard,25795072,50,9,get_balance,1384.066291997442,True,
forkyard,25795072,50,9,swap_eth_for_token,319.28475000313483,True,
forkyard,25795072,50,9,approve,592.8836659877561,True,
forkyard,25795072,50,9,discard,576.1986669967882,True,
forkyard,25795072,50,10,acquire,17.053416013368405,True,
forkyard,25795072,50,10,set_balance,908.7202500086278,True,
forkyard,25795072,50,10,transfer,1124.5440000056988,True,
forkyard,25795072,50,10,fund_token,2066.010374997859,True,
forkyard,25795072,50,10,get_balance,1001.7107909952756,True,
forkyard,25795072,50,10,fund_token,142.55383300769608,True,
forkyard,25795072,50,10,get_balance,848.3297090133419,True,
forkyard,25795072,50,10,discard,277.1457500057295,True,
forkyard,25795072,50,11,acquire,25.30408299935516,True,
forkyard,25795072,50,11,set_balance,1308.575415998348,True,
forkyard,25795072,50,11,fund_token,427.0567920029862,True,
forkyard,25795072,50,11,fund_token,2197.5235419959063,True,
forkyard,25795072,50,11,get_balance,1690.9884159977082,True,
forkyard,25795072,50,11,approve,580.3978329931851,True,
forkyard,25795072,50,11,fund_token,270.8322499966016,True,
forkyard,25795072,50,11,discard,567.1586249954998,True,
forkyard,25795072,50,12,acquire,18.169416987802833,True,
forkyard,25795072,50,12,set_balance,1165.7219170010649,True,
forkyard,25795072,50,12,fund_token,2787.9494590015383,True,
forkyard,25795072,50,12,approve,279.34324998932425,True,
forkyard,25795072,50,12,fund_token,1122.8934170067078,True,
forkyard,25795072,50,12,swap_eth_for_token,452.94829200429376,True,
forkyard,25795072,50,12,swap_eth_for_token,885.1398750121007,True,
forkyard,25795072,50,12,discard,290.7125839992659,True,
forkyard,25795072,50,13,acquire,20.696708001196384,True,
forkyard,25795072,50,13,set_balance,1585.3124169952935,True,
forkyard,25795072,50,13,swap_eth_for_token,2371.4370830130065,True,
forkyard,25795072,50,13,get_balance,974.5168749941513,True,
forkyard,25795072,50,13,get_balance,290.029665993643,True,
forkyard,25795072,50,13,get_balance,842.3384169873316,True,
forkyard,25795072,50,13,transfer,422.6289159996668,True,
forkyard,25795072,50,13,discard,279.77145901240874,True,
forkyard,25795072,50,14,acquire,13.607457993202843,True,
forkyard,25795072,50,14,set_balance,1196.277042006841,True,
forkyard,25795072,50,14,transfer,846.273041999666,True,
forkyard,25795072,50,14,swap_eth_for_token,2054.0214579959866,True,
forkyard,25795072,50,14,swap_eth_for_token,582.476333991508,True,
forkyard,25795072,50,14,fund_token,256.64866701117717,True,
forkyard,25795072,50,14,fund_token,419.64479100715835,True,
forkyard,25795072,50,14,discard,141.27399999415502,True,
forkyard,25795072,50,15,acquire,16.978082989226095,True,
forkyard,25795072,50,15,set_balance,1317.2179160028463,True,
forkyard,25795072,50,15,get_balance,2624.5104580011684,True,
forkyard,25795072,50,15,transfer,956.6542499960633,True,
forkyard,25795072,50,15,get_balance,1261.6031659999862,True,
forkyard,25795072,50,15,transfer,424.54037501011044,True,
forkyard,25795072,50,15,swap_eth_for_token,707.0047919987701,True,
forkyard,25795072,50,15,discard,127.68929099547677,True,
forkyard,25795072,50,16,acquire,19.498624998959713,True,
forkyard,25795072,50,16,set_balance,1734.7943329950795,True,
forkyard,25795072,50,16,swap_eth_for_token,2210.3931669989834,True,
forkyard,25795072,50,16,fund_token,681.3459160039201,True,
forkyard,25795072,50,16,fund_token,280.53062499384396,True,
forkyard,25795072,50,16,fund_token,422.23162499431055,True,
forkyard,25795072,50,16,fund_token,140.39820799371228,True,
forkyard,25795072,50,16,discard,546.2419579998823,True,
forkyard,25795072,50,17,acquire,24.87733299494721,True,
forkyard,25795072,50,17,set_balance,1183.67450000369,True,
forkyard,25795072,50,17,fund_token,574.2492089921143,True,
forkyard,25795072,50,17,swap_eth_for_token,3042.097667013877,True,
forkyard,25795072,50,17,get_balance,1271.9515830103774,True,
forkyard,25795072,50,17,transfer,433.39579200255685,True,
forkyard,25795072,50,17,get_balance,828.0689589882968,True,
forkyard,25795072,50,17,discard,136.5047089930158,True,
forkyard,25795072,50,18,acquire,16.68154200888239,True,
forkyard,25795072,50,18,set_balance,1698.392000005697,True,
forkyard,25795072,50,18,get_balance,2366.7425839958014,True,
forkyard,25795072,50,18,fund_token,844.0214170113904,True,
forkyard,25795072,50,18,get_balance,847.6540420087986,True,
forkyard,25795072,50,18,fund_token,12.326708005275577,True,
forkyard,25795072,50,18,get_balance,40.786666999338195,True,
forkyard,25795072,50,18,discard,5.6215829972643405,True,
forkyard,25795072,50,19,acquire,228.42237500299234,True,
forkyard,25795072,50,19,set_balance,1535.4579590057256,True,
forkyard,25795072,50,19,transfer,2353.449999995064,True,
forkyard,25795072,50,19,get_balance,992.6432500069495,True,
forkyard,25795072,50,19,swap_eth_for_token,286.55962499033194,True,
forkyard,25795072,50,19,get_balance,979.4844999996712,True,
forkyard,25795072,50,19,transfer,426.54304098687135,True,
forkyard,25795072,50,19,discard,0.7659169932594523,True,
forkyard,25795072,50,20,acquire,465.5659999989439,True,
forkyard,25795072,50,20,set_balance,3497.745207991102,True,
forkyard,25795072,50,20,get_balance,982.2419580013957,True,
forkyard,25795072,50,20,transfer,692.5729170034174,True,
forkyard,25795072,50,20,get_balance,147.7092499990249,True,
forkyard,25795072,50,20,fund_token,25.091666990192607,True,
forkyard,25795072,50,20,transfer,856.3756669900613,True,
forkyard,25795072,50,20,discard,288.2390000013402,True,
forkyard,25795072,50,21,acquire,214.9813329888275,True,
forkyard,25795072,50,21,set_balance,1694.24195800093,True,
forkyard,25795072,50,21,get_balance,2747.906500007957,True,
forkyard,25795072,50,21,fund_token,284.24891699978616,True,
forkyard,25795072,50,21,fund_token,420.3171669942094,True,
forkyard,25795072,50,21,fund_token,138.66075000260025,True,
forkyard,25795072,50,21,approve,680.1656250027008,True,
forkyard,25795072,50,21,discard,425.970291995327,True,
forkyard,25795072,50,22,acquire,217.2758749948116,True,
forkyard,25795072,50,22,set_balance,1699.6922499965876,True,
forkyard,25795072,50,22,get_balance,2747.8438340040157,True,
forkyard,25795072,50,22,transfer,546.3041660113959,True,
forkyard,25795072,50,22,get_balance,827.1470829931786,True,
forkyard,25795072,50,22,swap_eth_for_token,422.033916998771,True,
forkyard,25795072,50,22,get_balance,417.91841700614896,True,
forkyard,25795072,50,22,discard,1.8490000074962154,True,
forkyard,25795072,50,23,acquire,189.15879201085772,True,
forkyard,25795072,50,23,set_balance,1574.5036669977708,True,
forkyard,25795072,50,23,swap_eth_for_token,2759.7605000046315,True,
forkyard,25795072,50,23,transfer,1130.0217499956489,True,
forkyard,25795072,50,23,fund_token,420.79695900611114,True,
forkyard,25795072,50,23,approve,275.29299999878276,True,
forkyard,25795072,50,23,swap_token_for_token,718.4773330081953,True,
forkyard,25795072,50,23,discard,272.11270900443196,True,
forkyard,25795072,50,24,acquire,210.83533301134594,True,
forkyard,25795072,50,24,set_balance,1543.869208995602,True,
forkyard,25795072,50,24,fund_token,2201.0662499960745,True,
forkyard,25795072,50,24,get_balance,1006.8719999981113,True,
forkyard,25795072,50,24,get_balance,290.052458003629,True,
forkyard,25795072,50,24,transfer,421.235166999395,True,
forkyard,25795072,50,24,swap_eth_for_token,572.4482090008678,True,
forkyard,25795072,50,24,discard,265.9514999977546,True,
forkyard,25795072,50,25,acquire,352.1144580008695,True,
forkyard,25795072,50,25,set_balance,1676.3855000026524,True,
forkyard,25795072,50,25,fund_token,2073.551833993406,True,
forkyard,25795072,50,25,get_balance,1001.725833004457,True,
forkyard,25795072,50,25,fund_token,146.83416599291377,True,
forkyard,25795072,50,25,swap_eth_for_token,579.301583013148,True,
forkyard,25795072,50,25,swap_eth_for_token,410.2554170094663,True,
forkyard,25795072,50,25,discard,273.52037499076687,True,
forkyard,25795072,50,26,acquire,459.5039580017328,True,
forkyard,25795072,50,26,set_balance,3495.8466670068447,True,
forkyard,25795072,50,26,get_balance,985.8980420103762,True,
forkyard,25795072,50,26,fund_token,556.6769169963663,True,
forkyard,25795072,50,26,get_balance,304.17975000455044,True,
forkyard,25795072,50,26,transfer,749.6430419996614,True,
forkyard,25795072,50,26,fund_token,427.2136249928735,True,
forkyard,25795072,50,26,discard,11.148457997478545,True,
forkyard,25795072,50,27,acquire,210.20741599204484,True,
forkyard,25795072,50,27,set_balance,1701.5467919991352,True,
forkyard,25795072,50,27,fund_token,2049.701500000083,True,
forkyard,25795072,50,27,swap_eth_for_token,725.9255420067348,True,
forkyard,25795072,50,27,transfer,683.3917089970782,True,
forkyard,25795072,50,27,swap_eth_for_token,537.3992919921875,True,
forkyard,25795072,50,27,swap_eth_for_token,413.09237499081064,True,
forkyard,25795072,50,27,discard,426.3126660080161,True,
forkyard,25795072,50,28,acquire,183.55320900445804,True,
forkyard,25795072,50,28,set_balance,1579.7735000087414,True,
forkyard,25795072,50,28,transfer,2914.6516250038985,True,
forkyard,25795072,50,28,get_balance,1390.8989589981502,True,
forkyard,25795072,50,28,get_balance,424.8964169964893,True,
forkyard,25795072,50,28,fund_token,562.8270000015618,True,
forkyard,25795072,50,28,get_balance,413.26441599812824,True,
forkyard,25795072,50,28,discard,6.867542004329152,True,
forkyard,25795072,50,29,acquire,347.166624997044,True,
forkyard,25795072,50,29,set_balance,1677.4422500020592,True,
forkyard,25795072,50,29,transfer,2220.229874990764,True,
forkyard,25795072,50,29,swap_eth_for_token,717.6738749985816,True,
forkyard,25795072,50,29,swap_eth_for_token,290.5923329963116,True,
forkyard,25795072,50,29,fund_token,263.89083299727645,True,
forkyard,25795072,50,29,transfer,716.087292006705,True,
forkyard,25795072,50,29,discard,269.14858300006017,True,
forkyard,25795072,50,30,acquire,449.51558401226066,True,
forkyard,25795072,50,30,set_balance,3494.6030830033123,True,
forkyard,25795072,50,30,swap_eth_for_token,1001.1402500094846,True,
forkyard,25795072,50,30,get_balance,829.4750829954864,True,
forkyard,25795072,50,30,transfer,1042.411832997459,True,
forkyard,25795072,50,30,fund_token,144.4922079972457,True,
forkyard,25795072,50,30,transfer,155.14979099680204,True,
forkyard,25795072,50,30,discard,1.6894169966690242,True,
forkyard,25795072,50,31,acquire,177.4534589931136,True,
forkyard,25795072,50,31,set_balance,1570.238291998976,True,
forkyard,25795072,50,31,transfer,2475.3071250015637,True,
forkyard,25795072,50,31,transfer,1272.6449170004344,True,
forkyard,25795072,50,31,get_balance,701.6244580008788,True,
forkyard,25795072,50,31,get_balance,846.2027079949621,True,
forkyard,25795072,50,31,get_balance,411.1132499965606,True,
forkyard,25795072,50,31,discard,8.557332999771461,True,
forkyard,25795072,50,32,acquire,586.4409999921918,True,
forkyard,25795072,50,32,set_balance,3349.345834009,True,
forkyard,25795072,50,32,transfer,520.3909999981988,True,
forkyard,25795072,50,32,get_balance,1122.6904579962138,True,
forkyard,25795072,50,32,get_balance,153.14329099783208,True,
forkyard,25795072,50,32,transfer,193.48295900272205,True,
forkyard,25795072,50,32,transfer,1000.4094580071978,True,
forkyard,25795072,50,32,discard,2.847458003088832,True,
forkyard,25795072,50,33,acquire,329.5380420022411,True,
forkyard,25795072,50,33,set_balance,1704.030541004613,True,
forkyard,25795072,50,33,get_balance,2618.2518749992596,True,
forkyard,25795072,50,33,swap_eth_for_token,412.88274999533314,True,
forkyard,25795072,50,33,get_balance,975.5694160121493,True,
forkyard,25795072,50,33,fund_token,264.82808399305213,True,
forkyard,25795072,50,33,swap_eth_for_token,436.18820900155697,True,
forkyard,25795072,50,33,discard,130.5040829902282,True,
forkyard,25795072,50,34,acquire,477.2012919856934,True,
forkyard,25795072,50,34,set_balance,1660.3590419981629,True,
forkyard,25795072,50,34,swap_eth_for_token,2373.7992090027547,True,
forkyard,25795072,50,34,get_balance,562.5178749905899,True,
forkyard,25795072,50,34,fund_token,143.6777909984812,True,
forkyard,25795072,50,34,transfer,834.8340000084136,True,
forkyard,25795072,50,34,swap_eth_for_token,421.312709004269,True,
forkyard,25795072,50,34,discard,275.6268750090385,True,
forkyard,25795072,50,35,acquire,601.5941669902531,True,
forkyard,25795072,50,35,set_balance,1144.7009579860605,True,
forkyard,25795072,50,35,swap_eth_for_token,3047.725625001476,True,
forkyard,25795072,50,35,swap_eth_for_token,999.9641670001438,True,
forkyard,25795072,50,35,swap_eth_for_token,417.19004198967014,True,
forkyard,25795072,50,35,swap_eth_for_token,558.8644160015974,True,
forkyard,25795072,50,35,swap_eth_for_token,567.1594589948654,True,
forkyard,25795072,50,35,discard,127.80050000583287,True,
forkyard,25795072,50,36,acquire,306.7306250013644,True,
forkyard,25795072,50,36,set_balance,1436.5134589897934,True,
forkyard,25795072,50,36,swap_eth_for_token,2330.327167001087,True,
forkyard,25795072,50,36,transfer,1286.1393749917625,True,
forkyard,25795072,50,36,transfer,683.2439580030041,True,
forkyard,25795072,50,36,get_balance,419.3558330007363,True,
forkyard,25795072,50,36,swap_eth_for_token,707.8593329933938,True,
forkyard,25795072,50,36,discard,135.06150001194328,True,
forkyard,25795072,50,37,acquire,468.3786249952391,True,
forkyard,25795072,50,37,set_balance,1689.0463329909835,True,
forkyard,25795072,50,37,transfer,2182.846249997965,True,
forkyard,25795072,50,37,swap_eth_for_token,583.8693339901511,True,
forkyard,25795072,50,37,transfer,540.8724169974448,True,
forkyard,25795072,50,37,swap_eth_for_token,672.9470420104917,True,
forkyard,25795072,50,37,fund_token,427.0423749985639,True,
forkyard,25795072,50,37,discard,143.0641250044573,True,
forkyard,25795072,50,38,acquire,574.692916998174,True,
forkyard,25795072,50,38,set_balance,3359.592791995965,True,
forkyard,25795072,50,38,fund_token,136.64537499425933,True,
forkyard,25795072,50,38,transfer,976.6230840032222,True,
forkyard,25795072,50,38,swap_eth_for_token,563.9588329941034,True,
forkyard,25795072,50,38,swap_eth_for_token,157.92341700580437,True,
forkyard,25795072,50,38,approve,328.4579579922138,True,
forkyard,25795072,50,38,discard,850.8030829980271,True,
forkyard,25795072,50,39,acquire,468.59633301210124,True,
forkyard,25795072,50,39,set_balance,1692.6332919974811,True,
forkyard,25795072,50,39,get_balance,2468.178082999657,True,
forkyard,25795072,50,39,fund_token,281.5991250099614,True,
forkyard,25795072,50,39,get_balance,557.569708005758,True,
forkyard,25795072,50,39,fund_token,548.0295000015758,True,
forkyard,25795072,50,39,swap_eth_for_token,420.070250009303,True,
forkyard,25795072,50,39,discard,281.7912500031525,True,
forkyard,25795072,50,40,acquire,466.6693750041304,True,
forkyard,25795072,50,40,set_balance,1657.0762500050478,True,
forkyard,25795072,50,40,fund_token,2077.978750006878,True,
forkyard,25795072,50,40,get_balance,867.2523749992251,True,
forkyard,25795072,50,40,get_balance,415.54416601138655,True,
forkyard,25795072,50,40,swap_eth_for_token,570.6877920019906,True,
forkyard,25795072,50,40,fund_token,272.1719580003992,True,
forkyard,25795072,50,40,discard,282.57320799457375,True,
forkyard,25795072,50,41,acquire,463.73833299730904,True,
forkyard,25795072,50,41,set_balance,1671.044583999901,True,
forkyard,25795072,50,41,fund_token,2078.266665994306,True,
forkyard,25795072,50,41,get_balance,859.0792080067331,True,
forkyard,25795072,50,41,fund_token,143.36995899793692,True,
forkyard,25795072,50,41,approve,581.9535000046017,True,
forkyard,25795072,50,41,swap_token_for_token,546.386292000534,True,
forkyard,25795072,50,41,discard,277.96329199918546,True,
forkyard,25795072,50,42,acquire,575.0239999906626,True,
forkyard,25795072,50,42,set_balance,3344.140665998566,True,
forkyard,25795072,50,42,transfer,703.9195830002427,True,
forkyard,25795072,50,42,swap_eth_for_token,830.1606669992907,True,
forkyard,25795072,50,42,get_balance,298.3170829975279,True,
forkyard,25795072,50,42,transfer,462.0814160007285,True,
forkyard,25795072,50,42,fund_token,711.0869589960203,True,
forkyard,25795072,50,42,discard,13.125583995133638,True,
forkyard,25795072,50,43,acquire,462.21199999854434,True,
forkyard,25795072,50,43,set_balance,1695.0076250068378,True,
forkyard,25795072,50,43,transfer,2314.247375004925,True,
forkyard,25795072,50,43,get_balance,840.1622919918736,True,
forkyard,25795072,50,43,swap_eth_for_token,411.0486249992391,True,
forkyard,25795072,50,43,fund_token,405.8111670019571,True,
forkyard,25795072,50,43,approve,575.4977500037057,True,
forkyard,25795072,50,43,discard,131.30299998738337,True,
forkyard,25795072,50,44,acquire,742.1214589994634,True,
forkyard,25795072,50,44,set_balance,3188.4044589969562,True,
forkyard,25795072,50,44,fund_token,699.671833004686,True,
forkyard,25795072,50,44,get_balance,703.7786670116475,True,
forkyard,25795072,50,44,get_balance,688.3330409909831,True,
forkyard,25795072,50,44,transfer,556.038124996121,True,
forkyard,25795072,50,44,transfer,275.4410000052303,True,
forkyard,25795072,50,44,discard,1.0200419928878546,True,
forkyard,25795072,50,45,acquire,591.1269589996664,True,
forkyard,25795072,50,45,set_balance,3324.8630829912145,True,
forkyard,25795072,50,45,swap_eth_for_token,873.0383749934845,True,
forkyard,25795072,50,45,fund_token,282.5111659913091,True,
forkyard,25795072,50,45,transfer,427.7797910035588,True,
forkyard,25795072,50,45,swap_eth_for_token,709.7741249890532,True,
forkyard,25795072,50,45,transfer,406.4517079968937,True,
forkyard,25795072,50,45,discard,141.17466600146145,True,
forkyard,25795072,50,46,acquire,728.4297500009416,True,
forkyard,25795072,50,46,set_balance,3197.89383301395,True,
forkyard,25795072,50,46,transfer,1091.6222920059226,True,
forkyard,25795072,50,46,transfer,839.519041008316,True,
forkyard,25795072,50,46,get_balance,565.6426249915967,True,
forkyard,25795072,50,46,transfer,701.5204159979476,True,
forkyard,25795072,50,46,swap_eth_for_token,277.9590830032248,True,
forkyard,25795072,50,46,discard,1.4336250023916364,True,
forkyard,25795072,50,47,acquire,564.9360829993384,True,
forkyard,25795072,50,47,set_balance,3353.003500000341,True,
forkyard,25795072,50,47,swap_eth_for_token,417.95120800088625,True,
forkyard,25795072,50,47,fund_token,981.7937079933472,True,
forkyard,25795072,50,47,approve,446.01454099756666,True,
forkyard,25795072,50,47,approve,328.94354200107045,True,
forkyard,25795072,50,47,approve,862.4047500052257,True,
forkyard,25795072,50,47,discard,3.4845000045606866,True,
forkyard,25795072,50,48,acquire,702.8957500006072,True,
forkyard,25795072,50,48,set_balance,3348.833750002086,True,
forkyard,25795072,50,48,swap_eth_for_token,1281.7815829912433,True,
forkyard,25795072,50,48,swap_eth_for_token,427.9335839964915,True,
forkyard,25795072,50,48,fund_token,14.183624996803701,True,
forkyard,25795072,50,48,get_balance,22.403250011848286,True,
forkyard,25795072,50,48,fund_token,10.499500000150874,True,
forkyard,25795072,50,48,discard,139.20120798866265,True,
forkyard,25795072,50,49,acquire,727.291833012714,True,
forkyard,25795072,50,49,set_balance,3188.7647080002353,True,
forkyard,25795072,50,49,transfer,1224.7663339949213,True,
forkyard,25795072,50,49,fund_token,697.8314160078298,True,
forkyard,25795072,50,49,swap_eth_for_token,295.52620800677687,True,
forkyard,25795072,50,49,transfer,552.0286670071073,True,
forkyard,25795072,50,49,get_balance,692.4419580027461,True,
forkyard,25795072,50,49,discard,6.244832999072969,True,
forkyard,25795072,50,-1,__total__,7545.505958012654,True,
anvil,25795072,50,0,acquire,708.2770830020308,True,
anvil,25795072,50,0,set_balance,1329.459542001132,True,
anvil,25795072,50,0,fund_token,144.62095800263342,True,
anvil,25795072,50,0,transfer,748.1125840131426,True,
anvil,25795072,50,0,approve,504.7017920005601,True,
anvil,25795072,50,0,swap_eth_for_token,1989.4741660100408,True,
anvil,25795072,50,0,swap_eth_for_token,258.07424999948125,True,
anvil,25795072,50,0,discard,3.790458998992108,True,
anvil,25795072,50,1,acquire,966.8271660048049,True,
anvil,25795072,50,1,set_balance,1305.9618750121444,True,
anvil,25795072,50,1,get_balance,13.14608300162945,True,
anvil,25795072,50,1,swap_eth_for_token,2457.2241669957293,True,
anvil,25795072,50,1,fund_token,1.59200000052806,True,
anvil,25795072,50,1,fund_token,1.861541997641325,True,
anvil,25795072,50,1,get_balance,5.945666998741217,True,
anvil,25795072,50,1,discard,4.077624995261431,True,
anvil,25795072,50,2,acquire,990.7798749918584,True,
anvil,25795072,50,2,set_balance,1372.5902500009397,True,
anvil,25795072,50,2,transfer,751.2508330109995,True,
anvil,25795072,50,2,transfer,499.81370799650904,True,
anvil,25795072,50,2,get_balance,6.491042004199699,True,
anvil,25795072,50,2,swap_eth_for_token,2216.385708001326,True,
anvil,25795072,50,2,transfer,483.89258299721405,True,
anvil,25795072,50,2,discard,5.30329201137647,True,
anvil,25795072,50,3,acquire,704.6580000023823,True,
anvil,25795072,50,3,set_balance,1338.7352089921478,True,
anvil,25795072,50,3,get_balance,3.0356249917531386,True,
anvil,25795072,50,3,swap_eth_for_token,2478.7359170004493,True,
anvil,25795072,50,3,transfer,500.7090419967426,True,
anvil,25795072,50,3,fund_token,0.8535420056432486,True,
anvil,25795072,50,3,approve,483.7534999969648,True,
anvil,25795072,50,3,discard,3.7895410059718415,True,
anvil,25795072,50,4,acquire,2178.9333329943474,True,
anvil,25795072,50,4,set_balance,140.61258400033694,True,
anvil,25795072,50,4,get_balance,6.786083002225496,True,
anvil,25795072,50,4,transfer,731.0709169978509,True,
anvil,25795072,50,4,fund_token,141.93429100851063,True,
anvil,25795072,50,4,transfer,488.91833299421705,True,
anvil,25795072,50,4,transfer,487.0449589943746,True,
anvil,25795072,50,4,discard,8.700292004505172,True,
anvil,25795072,50,5,acquire,951.2462080019759,True,
anvil,25795072,50,5,set_balance,1296.471665991703,True,
anvil,25795072,50,5,swap_eth_for_token,2481.757417001063,True,
anvil,25795072,50,5,transfer,502.09295899549033,True,
anvil,25795072,50,5,get_balance,4.757624992635101,True,
anvil,25795072,50,5,get_balance,5.825624990393408,True,
anvil,25795072,50,5,swap_eth_for_token,249.35699999332428,True,
anvil,25795072,50,5,discard,3.9497500110883266,True,
anvil,25795072,50,6,acquire,945.8545840025181,True,
anvil,25795072,50,6,set_balance,1311.5259999904083,True,
anvil,25795072,50,6,transfer,750.0613750016782,True,
anvil,25795072,50,6,swap_eth_for_token,2239.9109590041917,True,
anvil,25795072,50,6,transfer,502.3630000068806,True,
anvil,25795072,50,6,fund_token,0.9993339917855337,True,
anvil,25795072,50,6,swap_eth_for_token,261.59987499704584,True,
anvil,25795072,50,6,discard,4.121916994336061,True,
anvil,25795072,50,7,acquire,889.4563749927329,True,
anvil,25795072,50,7,set_balance,1312.492957993527,True,
anvil,25795072,50,7,swap_eth_for_token,2436.1197919934057,True,
anvil,25795072,50,7,fund_token,6.377749989042059,True,
anvil,25795072,50,7,transfer,502.1368750021793,True,
anvil,25795072,50,7,swap_eth_for_token,254.2750840075314,True,
anvil,25795072,50,7,approve,492.69545800052583,True,
anvil,25795072,50,7,discard,8.707125001819804,True,
anvil,25795072,50,8,acquire,931.9058749970281,True,
anvil,25795072,50,8,set_balance,1286.6040829976555,True,
anvil,25795072,50,8,get_balance,17.721750002237968,True,
anvil,25795072,50,8,fund_token,152.25154200743418,True,
anvil,25795072,50,8,get_balance,1.9009999959962443,True,
anvil,25795072,50,8,transfer,731.7541670054197,True,
anvil,25795072,50,8,get_balance,1.4810830034548417,True,
anvil,25795072,50,8,discard,8.34858400048688,True,
anvil,25795072,50,9,acquire,928.1008749967441,True,
anvil,25795072,50,9,set_balance,1345.4697499983013,True,
anvil,25795072,50,9,fund_token,150.39058298862074,True,
anvil,25795072,50,9,swap_eth_for_token,2220.420165991527,True,
anvil,25795072,50,9,get_balance,13.60008300980553,True,
anvil,25795072,50,9,swap_eth_for_token,263.82195799669717,True,
anvil,25795072,50,9,approve,507.3452500073472,True,
anvil,25795072,50,9,discard,3.9977919950615615,True,
anvil,25795072,50,10,acquire,922.7300409984309,True,
anvil,25795072,50,10,set_balance,1298.0913339997642,True,
anvil,25795072,50,10,transfer,740.3823339991504,True,
anvil,25795072,50,10,fund_token,145.05466700938996,True,
anvil,25795072,50,10,get_balance,2.0492080075200647,True,
anvil,25795072,50,10,fund_token,0.6208330014487728,True,
anvil,25795072,50,10,get_balance,1.3510419958038256,True,
anvil,25795072,50,10,discard,8.57791599992197,True,
anvil,25795072,50,11,acquire,910.3307920013322,True,
anvil,25795072,50,11,set_balance,1359.5797500020126,True,
anvil,25795072,50,11,fund_token,145.52158299193252,True,
anvil,25795072,50,11,fund_token,3.82362499658484,True,
anvil,25795072,50,11,get_balance,7.039082993287593,True,
anvil,25795072,50,11,approve,742.5547909952002,True,
anvil,25795072,50,11,fund_token,1.2945829948876053,True,
anvil,25795072,50,11,discard,9.104374999878928,True,
anvil,25795072,50,12,acquire,904.8015839944128,True,
anvil,25795072,50,12,set_balance,1292.0244999986608,True,
anvil,25795072,50,12,fund_token,147.6963750028517,True,
anvil,25795072,50,12,approve,738.6810419993708,True,
anvil,25795072,50,12,fund_token,0.6809589976910502,True,
anvil,25795072,50,12,swap_eth_for_token,1951.876082996023,True,
anvil,25795072,50,12,swap_eth_for_token,256.02320799953304,True,
anvil,25795072,50,12,discard,3.8191250059753656,True,
anvil,25795072,50,13,acquire,896.3358749897452,True,
anvil,25795072,50,13,set_balance,1295.6916670082137,True,
anvil,25795072,50,13,swap_eth_for_token,2448.363999996218,True,
anvil,25795072,50,13,get_balance,9.267917004763149,True,
anvil,25795072,50,13,get_balance,9.24450000457,True,
anvil,25795072,50,13,get_balance,5.48179198813159,True,
anvil,25795072,50,13,transfer,493.97049999970477,True,
anvil,25795072,50,13,discard,8.215499998186715,True,
anvil,25795072,50,14,acquire,3352.6614160073223,True,
anvil,25795072,50,14,set_balance,144.24079199670814,True,
anvil,25795072,50,14,transfer,739.6974160074024,True,
anvil,25795072,50,14,swap_eth_for_token,2208.104125005775,True,
anvil,25795072,50,14,swap_eth_for_token,262.4821250064997,True,
anvil,25795072,50,14,fund_token,1.1985829914920032,True,
anvil,25795072,50,14,fund_token,1.5802090056240559,True,
anvil,25795072,50,14,discard,3.8372499984689057,True,
anvil,25795072,50,15,acquire,887.9366249893792,True,
anvil,25795072,50,15,set_balance,1292.8050420014188,True,
anvil,25795072,50,15,get_balance,20.07195800251793,True,
anvil,25795072,50,15,transfer,741.4349579921691,True,
anvil,25795072,50,15,get_balance,1.872749999165535,True,
anvil,25795072,50,15,transfer,509.36066699796356,True,
anvil,25795072,50,15,swap_eth_for_token,2214.4981250021374,True,
anvil,25795072,50,15,discard,3.810583002632484,True,
anvil,25795072,50,16,acquire,877.6725829957286,True,
anvil,25795072,50,16,set_balance,1304.3874579889234,True,
anvil,25795072,50,16,swap_eth_for_token,2481.3824579905486,True,
anvil,25795072,50,16,fund_token,1.6564580000704154,True,
anvil,25795072,50,16,fund_token,5.146249997778796,True,
anvil,25795072,50,16,fund_token,1.622292009415105,True,
anvil,25795072,50,16,fund_token,1.5777500084368512,True,
anvil,25795072,50,16,discard,4.104666993953288,True,
anvil,25795072,50,17,acquire,873.6558329983382,True,
anvil,25795072,50,17,set_balance,1299.4785409973701,True,
anvil,25795072,50,17,fund_token,159.664500009967,True,
anvil,25795072,50,17,swap_eth_for_token,2223.699084002874,True,
anvil,25795072,50,17,get_balance,11.881499987794086,True,
anvil,25795072,50,17,transfer,512.2840840049321,True,
anvil,25795072,50,17,get_balance,7.314458998735063,True,
anvil,25795072,50,17,discard,5.305416998453438,True,
anvil,25795072,50,18,acquire,2103.3519159973366,True,
anvil,25795072,50,18,set_balance,144.45912500377744,True,
anvil,25795072,50,18,get_balance,1.5109999949345365,True,
anvil,25795072,50,18,fund_token,145.180541992886,True,
anvil,25795072,50,18,get_balance,5.53787499666214,True,
anvil,25795072,50,18,fund_token,7.439459004672244,True,
anvil,25795072,50,18,get_balance,8.416333002969623,True,
anvil,25795072,50,18,discard,5.466750008054078,True,
anvil,25795072,50,19,acquire,1896.7043750017183,True,
anvil,25795072,50,19,set_balance,145.8917910058517,True,
anvil,25795072,50,19,transfer,734.0042080031708,True,
anvil,25795072,50,19,get_balance,2.645499989739619,True,
anvil,25795072,50,19,swap_eth_for_token,2199.904624998453,True,
anvil,25795072,50,19,get_balance,2.182583004469052,True,
anvil,25795072,50,19,transfer,485.2801250090124,True,
anvil,25795072,50,19,discard,3.7960420013405383,True,
anvil,25795072,50,20,acquire,2105.7177089969628,True,
anvil,25795072,50,20,set_balance,149.3051249999553,True,
anvil,25795072,50,20,get_balance,3.4904589992947876,True,
anvil,25795072,50,20,transfer,734.1124999948079,True,
anvil,25795072,50,20,get_balance,2.1185000077821314,True,
anvil,25795072,50,20,fund_token,149.14566700463183,True,
anvil,25795072,50,20,transfer,487.4406670132885,True,
anvil,25795072,50,20,discard,8.813583001028746,True,
anvil,25795072,50,21,acquire,2093.859375003376,True,
anvil,25795072,50,21,set_balance,142.7106249902863,True,
anvil,25795072,50,21,get_balance,1.3425419892882928,True,
anvil,25795072,50,21,fund_token,140.7123329991009,True,
anvil,25795072,50,21,fund_token,4.327832997660153,True,
anvil,25795072,50,21,fund_token,4.539333007414825,True,
anvil,25795072,50,21,approve,747.7875000040513,True,
anvil,25795072,50,21,discard,9.85683299950324,True,
anvil,25795072,50,22,acquire,2099.161999998614,True,
anvil,25795072,50,22,set_balance,147.78783298970666,True,
anvil,25795072,50,22,get_balance,8.875458006514236,True,
anvil,25795072,50,22,transfer,734.439542007749,True,
anvil,25795072,50,22,get_balance,1.815415991586633,True,
anvil,25795072,50,22,swap_eth_for_token,2188.0932500062045,True,
anvil,25795072,50,22,get_balance,2.0228750072419643,True,
anvil,25795072,50,22,discard,3.8293329998850822,True,
anvil,25795072,50,23,acquire,3335.4867919988465,True,
anvil,25795072,50,23,set_balance,144.77154199266806,True,
anvil,25795072,50,23,swap_eth_for_token,2453.5336670087418,True,
anvil,25795072,50,23,transfer,501.68179100728594,True,
anvil,25795072,50,23,fund_token,0.776083004893735,True,
anvil,25795072,50,23,approve,496.43745899084024,True,
anvil,25795072,50,23,swap_token_for_token,505.1067919994239,True,
anvil,25795072,50,23,discard,3.828500004601665,True,
anvil,25795072,50,24,acquire,2100.2844169997843,True,
anvil,25795072,50,24,set_balance,138.50683299824595,True,
anvil,25795072,50,24,fund_token,146.7770409944933,True,
anvil,25795072,50,24,get_balance,8.945875000790693,True,
anvil,25795072,50,24,get_balance,1.9214579951949418,True,
anvil,25795072,50,24,transfer,720.1344579953002,True,
anvil,25795072,50,24,swap_eth_for_token,1920.3072500095004,True,
anvil,25795072,50,24,discard,4.886208000243641,True,
anvil,25795072,50,25,acquire,2083.432667001034,True,
anvil,25795072,50,25,set_balance,139.96241601125803,True,
anvil,25795072,50,25,fund_token,143.31537499674596,True,
anvil,25795072,50,25,get_balance,9.229999996023253,True,
anvil,25795072,50,25,fund_token,1.4995410019764677,True,
anvil,25795072,50,25,swap_eth_for_token,2188.0692499980796,True,
anvil,25795072,50,25,swap_eth_for_token,267.493999999715,True,
anvil,25795072,50,25,discard,4.10474999807775,True,
anvil,25795072,50,26,acquire,3334.1196660039714,True,
anvil,25795072,50,26,set_balance,135.9992080106167,True,
anvil,25795072,50,26,get_balance,10.216333001153544,True,
anvil,25795072,50,26,fund_token,141.42262500536162,True,
anvil,25795072,50,26,get_balance,2.7958339924225584,True,
anvil,25795072,50,26,transfer,749.1688750014873,True,
anvil,25795072,50,26,fund_token,6.780083000194281,True,
anvil,25795072,50,26,discard,9.57104199915193,True,
anvil,25795072,50,27,acquire,3337.236542007304,True,
anvil,25795072,50,27,set_balance,145.57712500391062,True,
anvil,25795072,50,27,fund_token,153.96949999558274,True,
anvil,25795072,50,27,swap_eth_for_token,2218.0799999914598,True,
anvil,25795072,50,27,transfer,497.34558300406206,True,
anvil,25795072,50,27,swap_eth_for_token,265.97679100814275,True,
anvil,25795072,50,27,swap_eth_for_token,257.72141698689666,True,
anvil,25795072,50,27,discard,3.660959002445452,True,
anvil,25795072,50,28,acquire,4345.2005829894915,True,
anvil,25795072,50,28,set_balance,151.2031250022119,True,
anvil,25795072,50,28,transfer,729.1428750031628,True,
anvil,25795072,50,28,get_balance,1.8032080115517601,True,
anvil,25795072,50,28,get_balance,1.4504169957945123,True,
anvil,25795072,50,28,fund_token,141.89112500753254,True,
anvil,25795072,50,28,get_balance,1.4857500063953921,True,
anvil,25795072,50,28,discard,3.636749999714084,True,
anvil,25795072,50,29,acquire,4367.858750003506,True,
anvil,25795072,50,29,set_balance,152.19929200247861,True,
anvil,25795072,50,29,transfer,762.0727500034263,True,
anvil,25795072,50,29,swap_eth_for_token,2219.50133399514,True,
anvil,25795072,50,29,swap_eth_for_token,257.1688749885652,True,
anvil,25795072,50,29,fund_token,1.093792001483962,True,
anvil,25795072,50,29,transfer,498.0840000062017,True,
anvil,25795072,50,29,discard,3.843957994831726,True,
anvil,25795072,50,30,acquire,3327.2626669931924,True,
anvil,25795072,50,30,set_balance,135.6203750037821,True,
anvil,25795072,50,30,swap_eth_for_token,2424.4118749920744,True,
anvil,25795072,50,30,get_balance,1.8606670055305585,True,
anvil,25795072,50,30,transfer,485.7510000001639,True,
anvil,25795072,50,30,fund_token,0.9821249986998737,True,
anvil,25795072,50,30,transfer,484.1377080010716,True,
anvil,25795072,50,30,discard,3.7865829945076257,True,
anvil,25795072,50,31,acquire,4365.317125004367,True,
anvil,25795072,50,31,set_balance,144.69425000424962,True,
anvil,25795072,50,31,transfer,749.8560829990311,True,
anvil,25795072,50,31,transfer,482.08954199799336,True,
anvil,25795072,50,31,get_balance,2.1907080081291497,True,
anvil,25795072,50,31,get_balance,2.1355830103857443,True,
anvil,25795072,50,31,get_balance,2.4298339994857088,True,
anvil,25795072,50,31,discard,3.8544999988516793,True,
anvil,25795072,50,32,acquire,4137.04908300133,True,
anvil,25795072,50,32,set_balance,148.1097089999821,True,
anvil,25795072,50,32,transfer,748.8382080045994,True,
anvil,25795072,50,32,get_balance,6.578584012459032,True,
anvil,25795072,50,32,get_balance,2.1479169954545796,True,
anvil,25795072,50,32,transfer,492.6282920059748,True,
anvil,25795072,50,32,transfer,500.84254099056125,True,
anvil,25795072,50,32,discard,8.845874996040948,True,
anvil,25795072,50,33,acquire,4131.693667004583,True,
anvil,25795072,50,33,set_balance,149.27670899487566,True,
anvil,25795072,50,33,get_balance,11.115083005279303,True,
anvil,25795072,50,33,swap_eth_for_token,2450.886000005994,True,
anvil,25795072,50,33,get_balance,2.2654170024907216,True,
anvil,25795072,50,33,fund_token,0.7883749931352213,True,
anvil,25795072,50,33,swap_eth_for_token,260.6988339975942,True,
anvil,25795072,50,33,discard,3.814583003986627,True,
anvil,25795072,50,34,acquire,4125.921667000512,True,
anvil,25795072,50,34,set_balance,139.53516699257307,True,
anvil,25795072,50,34,swap_eth_for_token,2427.85120899498,True,
anvil,25795072,50,34,get_balance,1.9596670026658103,True,
anvil,25795072,50,34,fund_token,0.741249998100102,True,
anvil,25795072,50,34,transfer,492.07620800007135,True,
anvil,25795072,50,34,swap_eth_for_token,247.4249590013642,True,
anvil,25795072,50,34,discard,3.8265420007519424,True,
anvil,25795072,50,35,acquire,4149.999625005876,True,
anvil,25795072,50,35,set_balance,139.71574998868164,True,
anvil,25795072,50,35,swap_eth_for_token,2465.1234170014504,True,
anvil,25795072,50,35,swap_eth_for_token,258.06387499324046,True,
anvil,25795072,50,35,swap_eth_for_token,248.41433399706148,True,
anvil,25795072,50,35,swap_eth_for_token,250.58462499873713,True,
anvil,25795072,50,35,swap_eth_for_token,249.63500000012573,True,
anvil,25795072,50,35,discard,3.821125006652437,True,
anvil,25795072,50,36,acquire,4156.288250000216,True,
anvil,25795072,50,36,set_balance,143.6307499971008,True,
anvil,25795072,50,36,swap_eth_for_token,2502.822082999046,True,
anvil,25795072,50,36,transfer,499.9950420024106,True,
anvil,25795072,50,36,transfer,487.7589999960037,True,
anvil,25795072,50,36,get_balance,2.4676659959368408,True,
anvil,25795072,50,36,swap_eth_for_token,249.85049999668263,True,
anvil,25795072,50,36,discard,3.8236670079641044,True,
anvil,25795072,50,37,acquire,4149.8114580026595,True,
anvil,25795072,50,37,set_balance,149.91145799285732,True,
anvil,25795072,50,37,transfer,769.8056249937508,True,
anvil,25795072,50,37,swap_eth_for_token,2225.116000001435,True,
anvil,25795072,50,37,transfer,502.82250001328066,True,
anvil,25795072,50,37,swap_eth_for_token,261.2871669989545,True,
anvil,25795072,50,37,fund_token,1.4079159882385284,True,
anvil,25795072,50,37,discard,3.8400000048568472,True,
anvil,25795072,50,38,acquire,3999.3239589966834,True,
anvil,25795072,50,38,set_balance,139.47712500521448,True,
anvil,25795072,50,38,fund_token,141.37329199002124,True,
anvil,25795072,50,38,transfer,754.8719999904279,True,
anvil,25795072,50,38,swap_eth_for_token,1931.6897079988848,True,
anvil,25795072,50,38,swap_eth_for_token,250.24145799397957,True,
anvil,25795072,50,38,approve,500.72883399843704,True,
anvil,25795072,50,38,discard,3.840290999505669,True,
anvil,25795072,50,39,acquire,4140.74091699149,True,
anvil,25795072,50,39,set_balance,140.8752079878468,True,
anvil,25795072,50,39,get_balance,18.888916994910687,True,
anvil,25795072,50,39,fund_token,146.4381670084549,True,
anvil,25795072,50,39,get_balance,1.6018339956644922,True,
anvil,25795072,50,39,fund_token,0.5811250011902303,True,
anvil,25795072,50,39,swap_eth_for_token,2195.746292010881,True,
anvil,25795072,50,39,discard,3.8118749944260344,True,
anvil,25795072,50,40,acquire,3954.4677090016194,True,
anvil,25795072,50,40,set_balance,147.7855409902986,True,
anvil,25795072,50,40,fund_token,146.65104199957568,True,
anvil,25795072,50,40,get_balance,6.119083001976833,True,
anvil,25795072,50,40,get_balance,7.570208006654866,True,
anvil,25795072,50,40,swap_eth_for_token,2229.87558299792,True,
anvil,25795072,50,40,fund_token,1.1822079977719113,True,
anvil,25795072,50,40,discard,8.833208004944026,True,
anvil,25795072,50,41,acquire,4191.910834008013,True,
anvil,25795072,50,41,set_balance,156.0108329867944,True,
anvil,25795072,50,41,fund_token,141.90925000002608,True,
anvil,25795072,50,41,get_balance,5.736207996960729,True,
anvil,25795072,50,41,fund_token,4.7119579976424575,True,
anvil,25795072,50,41,approve,740.6458749901503,True,
anvil,25795072,50,41,swap_token_for_token,1934.446792001836,True,
anvil,25795072,50,41,discard,3.838791002635844,True,
anvil,25795072,50,42,acquire,4184.015249993536,True,
anvil,25795072,50,42,set_balance,158.85954099940136,True,
anvil,25795072,50,42,transfer,731.3178339973092,True,
anvil,25795072,50,42,swap_eth_for_token,2213.9524170052027,True,
anvil,25795072,50,42,get_balance,2.0798750047106296,True,
anvil,25795072,50,42,transfer,502.2277919924818,True,
anvil,25795072,50,42,fund_token,1.2182920036138967,True,
anvil,25795072,50,42,discard,3.8216249959077686,True,
anvil,25795072,50,43,acquire,4013.3880419889465,True,
anvil,25795072,50,43,set_balance,150.31329200428445,True,
anvil,25795072,50,43,transfer,751.1026660067728,True,
anvil,25795072,50,43,get_balance,1.9267500028945506,True,
anvil,25795072,50,43,swap_eth_for_token,2162.6841250108555,True,
anvil,25795072,50,43,fund_token,0.8744160004425794,True,
anvil,25795072,50,43,approve,485.2931659988826,True,
anvil,25795072,50,43,discard,3.8096249918453395,True,
anvil,25795072,50,44,acquire,4170.503707995522,True,
anvil,25795072,50,44,set_balance,163.14883300219662,True,
anvil,25795072,50,44,fund_token,142.59954199951608,True,
anvil,25795072,50,44,get_balance,7.80820898944512,True,
anvil,25795072,50,44,get_balance,7.128333003493026,True,
anvil,25795072,50,44,transfer,740.234666998731,True,
anvil,25795072,50,44,transfer,491.0252919944469,True,
anvil,25795072,50,44,discard,3.797124998527579,True,
anvil,25795072,50,45,acquire,4186.773082998116,True,
anvil,25795072,50,45,set_balance,145.4897079966031,True,
anvil,25795072,50,45,swap_eth_for_token,2468.701166988467,True,
anvil,25795072,50,45,fund_token,0.8153749949997291,True,
anvil,25795072,50,45,transfer,498.03462499403395,True,
anvil,25795072,50,45,swap_eth_for_token,262.9522920033196,True,
anvil,25795072,50,45,transfer,499.9973329977365,True,
anvil,25795072,50,45,discard,3.8383329956559464,True,
anvil,25795072,50,46,acquire,4197.860999993281,True,
anvil,25795072,50,46,set_balance,140.12404199456796,True,
anvil,25795072,50,46,transfer,732.6926249952521,True,
anvil,25795072,50,46,transfer,490.001291007502,True,
anvil,25795072,50,46,get_balance,2.065041000605561,True,
anvil,25795072,50,46,transfer,495.92033300723415,True,
anvil,25795072,50,46,swap_eth_for_token,2190.664374997141,True,
anvil,25795072,50,46,discard,3.811375005170703,True,
anvil,25795072,50,47,acquire,4134.952166001312,True,
anvil,25795072,50,47,set_balance,138.8445420016069,True,
anvil,25795072,50,47,swap_eth_for_token,2450.0671249988955,True,
anvil,25795072,50,47,fund_token,0.8236249996116385,True,
anvil,25795072,50,47,approve,489.1691249940777,True,
anvil,25795072,50,47,approve,245.09574999683537,True,
anvil,25795072,50,47,approve,256.6101670090575,True,
anvil,25795072,50,47,discard,3.8290420052362606,True,
anvil,25795072,50,48,acquire,3985.8762079966255,True,
anvil,25795072,50,48,set_balance,150.03425000759307,True,
anvil,25795072,50,48,swap_eth_for_token,2445.1590410026256,True,
anvil,25795072,50,48,swap_eth_for_token,253.19091700657737,True,
anvil,25795072,50,48,fund_token,0.6718749937135726,True,
anvil,25795072,50,48,get_balance,1.6450839902972803,True,
anvil,25795072,50,48,fund_token,0.6353339995257556,True,
anvil,25795072,50,48,discard,3.829665991361253,True,
anvil,25795072,50,49,acquire,3989.885584000149,True,
anvil,25795072,50,49,set_balance,145.20441700005904,True,
anvil,25795072,50,49,transfer,763.4174160048133,True,
anvil,25795072,50,49,fund_token,141.66491699870676,True,
anvil,25795072,50,49,swap_eth_for_token,1919.865874995594,True,
anvil,25795072,50,49,transfer,490.24741700850427,True,
anvil,25795072,50,49,get_balance,1.5287910064216703,True,
anvil,25795072,50,49,discard,3.8004579982953146,True,
anvil,25795072,50,-1,__total__,8534.63241699501,True,
forkyard,25795072,100,0,acquire,13.399290997767821,True,
forkyard,25795072,100,0,set_balance,2154.661042004591,True,
forkyard,25795072,100,0,fund_token,3695.2801250008633,True,
forkyard,25795072,100,0,transfer,1143.9239580067806,True,
forkyard,25795072,100,0,approve,1392.7394170023035,True,
forkyard,25795072,100,0,swap_eth_for_token,1032.6535829954082,True,
forkyard,25795072,100,0,swap_eth_for_token,1257.5265829946147,True,
forkyard,25795072,100,0,discard,982.3148750001565,True,
forkyard,25795072,100,1,acquire,23.810166007024236,True,
forkyard,25795072,100,1,set_balance,1897.14775000175,True,
forkyard,25795072,100,1,get_balance,4532.375499999034,True,
forkyard,25795072,100,1,swap_eth_for_token,1428.5376249899855,True,
forkyard,25795072,100,1,fund_token,1145.9023329953197,True,
forkyard,25795072,100,1,fund_token,846.4824170077918,True,
forkyard,25795072,100,1,get_balance,1841.4485420071287,True,
forkyard,25795072,100,1,discard,573.8388329918962,True,
forkyard,25795072,100,2,acquire,11.12433400703594,True,
forkyard,25795072,100,2,set_balance,961.5132920007454,True,
forkyard,25795072,100,2,transfer,2827.461790991947,True,
forkyard,25795072,100,2,transfer,2198.9161250094185,True,
forkyard,25795072,100,2,get_balance,2408.3571250084788,True,
forkyard,25795072,100,2,swap_eth_for_token,853.4585839952342,True,
forkyard,25795072,100,2,transfer,1141.919166999287,True,
forkyard,25795072,100,2,discard,1119.854792006663,True,
forkyard,25795072,100,3,acquire,19.88787499431055,True,
forkyard,25795072,100,3,set_balance,2149.9410000105854,True,
forkyard,25795072,100,3,get_balance,3701.3899169978686,True,
forkyard,25795072,100,3,swap_eth_for_token,1861.6934580059024,True,
forkyard,25795072,100,3,transfer,952.7163339953404,True,
forkyard,25795072,100,3,fund_token,583.1782499881228,True,
forkyard,25795072,100,3,approve,833.7676250084769,True,
forkyard,25795072,100,3,discard,870.6116670073243,True,
forkyard,25795072,100,4,acquire,7.3921250004787,True,
forkyard,25795072,100,4,set_balance,699.6701669995673,True,
forkyard,25795072,100,4,get_balance,5007.577000011224,True,
forkyard,25795072,100,4,transfer,824.9638330016751,True,
forkyard,25795072,100,4,fund_token,1278.7327909900341,True,
forkyard,25795072,100,4,transfer,978.1045839918079,True,
forkyard,25795072,100,4,transfer,1009.6857079915935,True,
forkyard,25795072,100,4,discard,1425.0352920062141,True,
forkyard,25795072,100,5,acquire,14.408500006538816,True,
forkyard,25795072,100,5,set_balance,1513.1859579996672,True,
forkyard,25795072,100,5,swap_eth_for_token,4212.0128749957075,True,
forkyard,25795072,100,5,transfer,1095.2676669985522,True,
forkyard,25795072,100,5,get_balance,1714.759333000984,True,
forkyard,25795072,100,5,get_balance,1841.258333006408,True,
forkyard,25795072,100,5,swap_eth_for_token,1149.4508750038221,True,
forkyard,25795072,100,5,discard,410.17395800736267,True,
forkyard,25795072,100,6,acquire,67.26245899335481,True,
forkyard,25795072,100,6,set_balance,2131.826666998677,True,
forkyard,25795072,100,6,transfer,3608.778041001642,True,
forkyard,25795072,100,6,swap_eth_for_token,1394.5557499973802,True,
forkyard,25795072,100,6,transfer,1415.2455829898827,True,
forkyard,25795072,100,6,fund_token,708.4928749973187,True,
forkyard,25795072,100,6,swap_eth_for_token,995.3759579948382,True,
forkyard,25795072,100,6,discard,1441.153875013697,True,
forkyard,25795072,100,7,acquire,13.620416997582652,True,
forkyard,25795072,100,7,set_balance,1077.2038339928258,True,
forkyard,25795072,100,7,swap_eth_for_token,4598.28066699265,True,
forkyard,25795072,100,7,fund_token,116.48758299998008,True,
forkyard,25795072,100,7,transfer,516.1920830141753,True,
forkyard,25795072,100,7,swap_eth_for_token,1564.2656660056673,True,
forkyard,25795072,100,7,approve,1178.6865000030957,True,
forkyard,25795072,100,7,discard,375.0436249974882,True,
forkyard,25795072,100,8,acquire,13.581624996731989,True,
forkyard,25795072,100,8,set_balance,1997.4552920029964,True,
forkyard,25795072,100,8,get_balance,4288.630499999272,True,
forkyard,25795072,100,8,fund_token,1433.4065419971012,True,
forkyard,25795072,100,8,get_balance,1556.200291001005,True,
forkyard,25795072,100,8,transfer,1329.3515839905012,True,
forkyard,25795072,100,8,get_balance,1995.4817500110948,True,
forkyard,25795072,100,8,discard,195.4377090005437,True,
forkyard,25795072,100,9,acquire,17.743834003340453,True,
forkyard,25795072,100,9,set_balance,1046.0077499883482,True,
forkyard,25795072,100,9,fund_token,2852.688582992414,True,
forkyard,25795072,100,9,swap_eth_for_token,2463.422582994099,True,
forkyard,25795072,100,9,get_balance,2154.5642080018297,True,
forkyard,25795072,100,9,swap_eth_for_token,1005.9693329967558,True,
forkyard,25795072,100,9,approve,1543.0594589997781,True,
forkyard,25795072,100,9,discard,558.6008749960456,True,
forkyard,25795072,100,10,acquire,18.144417001167312,True,
forkyard,25795072,100,10,set_balance,2164.845666993642,True,
forkyard,25795072,100,10,transfer,3979.59475000971,True,
forkyard,25795072,100,10,fund_token,841.4670409983955,True,
forkyard,25795072,100,10,get_balance,2003.2299580052495,True,
forkyard,25795072,100,10,fund_token,836.7068329971517,True,
forkyard,25795072,100,10,get_balance,1838.8606249936856,True,
forkyard,25795072,100,10,discard,574.8529999982566,True,
forkyard,25795072,100,11,acquire,17.25183399685193,True,
forkyard,25795072,100,11,set_balance,2288.8284170039697,True,
forkyard,25795072,100,11,fund_token,3831.6020839993143,True,
forkyard,25795072,100,11,fund_token,863.7387080088956,True,
forkyard,25795072,100,11,get_balance,1998.0602920113597,True,
forkyard,25795072,100,11,approve,1258.04420899658,True,
forkyard,25795072,100,11,fund_token,1133.7144580029417,True,
forkyard,25795072,100,11,discard,422.3321669996949,True,
forkyard,25795072,100,12,acquire,52.548542007571086,True,
forkyard,25795072,100,12,set_balance,2155.981415999122,True,
forkyard,25795072,100,12,fund_token,3562.9014580044895,True,
forkyard,25795072,100,12,approve,1126.7054579948308,True,
forkyard,25795072,100,12,fund_token,1124.5357500010869,True,
forkyard,25795072,100,12,swap_eth_for_token,1049.2537079990143,True,
forkyard,25795072,100,12,swap_eth_for_token,410.1477079966571,True,
forkyard,25795072,100,12,discard,1109.6648329985328,True,
forkyard,25795072,100,13,acquire,11.21558299928438,True,
forkyard,25795072,100,13,set_balance,1731.1947499983944,True,
forkyard,25795072,100,13,swap_eth_for_token,3906.8147910002153,True,
forkyard,25795072,100,13,get_balance,2095.067292000749,True,
forkyard,25795072,100,13,get_balance,1562.866957989172,True,
forkyard,25795072,100,13,get_balance,2000.9627079998609,True,
forkyard,25795072,100,13,transfer,1130.6089999998221,True,
forkyard,25795072,100,13,discard,478.48687499936204,True,
forkyard,25795072,100,14,acquire,10.394750002888031,True,
forkyard,25795072,100,14,set_balance,1849.7760000027483,True,
forkyard,25795072,100,14,transfer,3916.985875010141,True,
forkyard,25795072,100,14,swap_eth_for_token,1536.3934579945635,True,
forkyard,25795072,100,14,swap_eth_for_token,1017.7489159977995,True,
forkyard,25795072,100,14,fund_token,709.6579170029145,True,
forkyard,25795072,100,14,fund_token,705.9946670051431,True,
forkyard,25795072,100,14,discard,1265.3870409994852,True,
forkyard,25795072,100,15,acquire,9.963250005966984,True,
forkyard,25795072,100,15,set_balance,2167.2288330009906,True,
forkyard,25795072,100,15,get_balance,3701.9677919888636,True,
forkyard,25795072,100,15,transfer,1508.2330419973005,True,
forkyard,25795072,100,15,get_balance,1858.444084005896,True,
forkyard,25795072,100,15,transfer,924.3705419939943,True,
forkyard,25795072,100,15,swap_eth_for_token,882.5052080064779,True,
forkyard,25795072,100,15,discard,270.39908299047966,True,
forkyard,25795072,100,16,acquire,48.717999990913086,True,
forkyard,25795072,100,16,set_balance,2040.375042008236,True,
forkyard,25795072,100,16,swap_eth_for_token,3847.6027500000782,True,
forkyard,25795072,100,16,fund_token,821.4787080069073,True,
forkyard,25795072,100,16,fund_token,1131.481292002718,True,
forkyard,25795072,100,16,fund_token,1168.1878329982283,True,
forkyard,25795072,100,16,fund_token,836.3106250035344,True,
forkyard,25795072,100,16,discard,1140.0344159919769,True,
forkyard,25795072,100,17,acquire,46.156624986906536,True,
forkyard,25795072,100,17,set_balance,1709.4756250007777,True,
forkyard,25795072,100,17,fund_token,3897.4208749859827,True,
forkyard,25795072,100,17,swap_eth_for_token,710.4677500028629,True,
forkyard,25795072,100,17,get_balance,2147.6470829948084,True,
forkyard,25795072,100,17,transfer,1007.4072919960599,True,
forkyard,25795072,100,17,get_balance,2099.0087910031434,True,
forkyard,25795072,100,17,discard,287.0930000062799,True,
forkyard,25795072,100,18,acquire,52.63641700730659,True,
forkyard,25795072,100,18,set_balance,1479.3307920044754,True,
forkyard,25795072,100,18,get_balance,4431.7223749967525,True,
forkyard,25795072,100,18,fund_token,974.9855410045711,True,
forkyard,25795072,100,18,get_balance,2146.756166999694,True,
forkyard,25795072,100,18,fund_token,418.0325420020381,True,
forkyard,25795072,100,18,get_balance,1711.862000011024,True,
forkyard,25795072,100,18,discard,283.7492079997901,True,
forkyard,25795072,100,19,acquire,46.285625008749776,True,
forkyard,25795072,100,19,set_balance,2031.8189579993486,True,
forkyard,25795072,100,19,transfer,3711.319457986974,True,
forkyard,25795072,100,19,get_balance,2081.107999998494,True,
forkyard,25795072,100,19,swap_eth_for_token,1458.9037080004346,True,
forkyard,25795072,100,19,get_balance,2104.6971250034403,True,
forkyard,25795072,100,19,transfer,697.8134590026457,True,
forkyard,25795072,100,19,discard,140.90870799554978,True,
forkyard,25795072,100,20,acquire,228.75837500032503,True,
forkyard,25795072,100,20,set_balance,3411.6035000042757,True,
forkyard,25795072,100,20,get_balance,2993.0334170057904,True,
forkyard,25795072,100,20,transfer,1547.6619160035625,True,
forkyard,25795072,100,20,get_balance,1846.2428750062827,True,
forkyard,25795072,100,20,fund_token,1291.528208006639,True,
forkyard,25795072,100,20,transfer,1284.630666996236,True,
forkyard,25795072,100,20,discard,330.0071669946192,True,
forkyard,25795072,100,21,acquire,9.257208002964035,True,
forkyard,25795072,100,21,set_balance,1882.90091700037,True,
forkyard,25795072,100,21,get_balance,4461.565125006018,True,
forkyard,25795072,100,21,fund_token,1577.2849589993712,True,
forkyard,25795072,100,21,fund_token,578.6088750028284,True,
forkyard,25795072,100,21,fund_token,850.8774170040851,True,
forkyard,25795072,100,21,approve,1425.8249169943156,True,
forkyard,25795072,100,21,discard,832.0914579962846,True,
forkyard,25795072,100,22,acquire,8.479875003104098,True,
forkyard,25795072,100,22,set_balance,2158.0643329943996,True,
forkyard,25795072,100,22,get_balance,3704.7946250095265,True,
forkyard,25795072,100,22,transfer,1396.6886249982053,True,
forkyard,25795072,100,22,get_balance,2001.183749991469,True,
forkyard,25795072,100,22,swap_eth_for_token,1291.7711670015706,True,
forkyard,25795072,100,22,get_balance,839.2823750036769,True,
forkyard,25795072,100,22,discard,10.695832999772392,True,
forkyard,25795072,100,23,acquire,225.21491600491572,True,
forkyard,25795072,100,23,set_balance,3406.2007079919567,True,
forkyard,25795072,100,23,swap_eth_for_token,2589.708208004595,True,
forkyard,25795072,100,23,transfer,1563.7461250007618,True,
forkyard,25795072,100,23,fund_token,814.7035000001779,True,
forkyard,25795072,100,23,approve,999.1978330072016,True,
forkyard,25795072,100,23,swap_token_for_token,1592.5770410103723,True,
forkyard,25795072,100,23,discard,994.734999985667,True,
forkyard,25795072,100,24,acquire,189.25799999851733,True,
forkyard,25795072,100,24,set_balance,3709.2449580086395,True,
forkyard,25795072,100,24,fund_token,2040.3134579973994,True,
forkyard,25795072,100,24,get_balance,2426.754999993136,True,
forkyard,25795072,100,24,get_balance,1422.3099169903435,True,
forkyard,25795072,100,24,transfer,1416.8965839926386,True,
forkyard,25795072,100,24,swap_eth_for_token,559.4548329972895,True,
forkyard,25795072,100,24,discard,435.5247909988975,True,
forkyard,25795072,100,25,acquire,10.553833009907976,True,
forkyard,25795072,100,25,set_balance,2033.0882080015726,True,
forkyard,25795072,100,25,fund_token,3556.6029580077156,True,
forkyard,25795072,100,25,get_balance,2106.848915995215,True,
forkyard,25795072,100,25,fund_token,981.2349999992875,True,
forkyard,25795072,100,25,swap_eth_for_token,1028.9000829943689,True,
forkyard,25795072,100,25,swap_eth_for_token,1279.0804590040352,True,
forkyard,25795072,100,25,discard,696.9418749940814,True,
forkyard,25795072,100,26,acquire,219.2750829999568,True,
forkyard,25795072,100,26,set_balance,3417.377416000818,True,
forkyard,25795072,100,26,get_balance,2994.7505409945734,True,
forkyard,25795072,100,26,fund_token,1153.012624999974,True,
forkyard,25795072,100,26,get_balance,1558.983041002648,True,
forkyard,25795072,100,26,transfer,1195.2657499932684,True,
forkyard,25795072,100,26,fund_token,1141.4014579931973,True,
forkyard,25795072,100,26,discard,998.0984579888172,True,
forkyard,25795072,100,27,acquire,198.32504200167023,True,
forkyard,25795072,100,27,set_balance,5452.743249988998,True,
forkyard,25795072,100,27,fund_token,141.610207996564,True,
forkyard,25795072,100,27,swap_eth_for_token,425.70591600087937,True,
forkyard,25795072,100,27,transfer,1697.9289159935433,True,
forkyard,25795072,100,27,swap_eth_for_token,1176.5872499963734,True,
forkyard,25795072,100,27,swap_eth_for_token,407.28279200266115,True,
forkyard,25795072,100,27,discard,1112.1808329917258,True,
forkyard,25795072,100,28,acquire,330.5324999964796,True,
forkyard,25795072,100,28,set_balance,3558.5283339896705,True,
forkyard,25795072,100,28,transfer,2452.122500006226,True,
forkyard,25795072,100,28,get_balance,2158.087000003434,True,
forkyard,25795072,100,28,get_balance,1835.0099169911118,True,
forkyard,25795072,100,28,fund_token,1126.0933749872493,True,
forkyard,25795072,100,28,get_balance,713.0310409993399,True,
forkyard,25795072,100,28,discard,17.048082998371683,True,
forkyard,25795072,100,29,acquire,31.14554200146813,True,
forkyard,25795072,100,29,set_balance,1491.839042006177,True,
forkyard,25795072,100,29,transfer,2265.239707994624,True,
forkyard,25795072,100,29,swap_eth_for_token,2678.8516669912497,True,
forkyard,25795072,100,29,swap_eth_for_token,1304.7767499956535,True,
forkyard,25795072,100,29,fund_token,944.7277500003111,True,
forkyard,25795072,100,29,transfer,1163.637417004793,True,
forkyard,25795072,100,29,discard,1134.28058399586,True,
forkyard,25795072,100,30,acquire,33.06762500142213,True,
forkyard,25795072,100,30,set_balance,1761.6229590057628,True,
forkyard,25795072,100,30,swap_eth_for_token,3884.313207992818,True,
forkyard,25795072,100,30,get_balance,2070.326999993995,True,
forkyard,25795072,100,30,transfer,1131.9384579983307,True,
forkyard,25795072,100,30,fund_token,1001.2844169978052,True,
forkyard,25795072,100,30,transfer,1409.3111249967478,True,
forkyard,25795072,100,30,discard,558.2157079916215,True,
forkyard,25795072,100,31,acquire,6.756374990800396,True,
forkyard,25795072,100,31,set_balance,1331.6733750107232,True,
forkyard,25795072,100,31,transfer,4448.227583008702,True,
forkyard,25795072,100,31,transfer,1135.6704589998117,True,
forkyard,25795072,100,31,get_balance,2267.9125830036355,True,
forkyard,25795072,100,31,get_balance,1419.830250000814,True,
forkyard,25795072,100,31,get_balance,714.6175420057261,True,
forkyard,25795072,100,31,discard,18.766332999803126,True,
forkyard,25795072,100,32,acquire,213.19674998812843,True,
forkyard,25795072,100,32,set_balance,3404.064333997667,True,
forkyard,25795072,100,32,transfer,2698.4454590128735,True,
forkyard,25795072,100,32,get_balance,2262.8933749947464,True,
forkyard,25795072,100,32,get_balance,1431.7742499988526,True,
forkyard,25795072,100,32,transfer,1447.6530840038322,True,
forkyard,25795072,100,32,transfer,1266.3953750015935,True,
forkyard,25795072,100,32,discard,185.58816700533498,True,
forkyard,25795072,100,33,acquire,211.46000000589993,True,
forkyard,25795072,100,33,set_balance,3413.516125001479,True,
forkyard,25795072,100,33,get_balance,2998.8789170020027,True,
forkyard,25795072,100,33,swap_eth_for_token,1698.4939169924473,True,
forkyard,25795072,100,33,get_balance,1718.967958993744,True,
forkyard,25795072,100,33,fund_token,1283.8848329993198,True,
forkyard,25795072,100,33,swap_eth_for_token,1298.7185410020174,True,
forkyard,25795072,100,33,discard,328.62841698806733,True,
forkyard,25795072,100,34,acquire,43.11199999938253,True,
forkyard,25795072,100,34,set_balance,2161.7836249934044,True,
forkyard,25795072,100,34,swap_eth_for_token,3832.168000008096,True,
forkyard,25795072,100,34,get_balance,1833.7155839981278,True,
forkyard,25795072,100,34,fund_token,1158.0319580098148,True,
forkyard,25795072,100,34,transfer,1107.8029999916907,True,
forkyard,25795072,100,34,swap_eth_for_token,1277.8659169998718,True,
forkyard,25795072,100,34,discard,415.0024590053363,True,
forkyard,25795072,100,35,acquire,324.29729199793655,True,
forkyard,25795072,100,35,set_balance,3555.5631660099607,True,
forkyard,25795072,100,35,swap_eth_for_token,2331.432082995889,True,
forkyard,25795072,100,35,swap_eth_for_token,1717.0455000014044,True,
forkyard,25795072,100,35,swap_eth_for_token,833.0910410004435,True,
forkyard,25795072,100,35,swap_eth_for_token,870.7669169962173,True,
forkyard,25795072,100,35,swap_eth_for_token,1413.9547920058249,True,
forkyard,25795072,100,35,discard,558.9846660004696,True,
forkyard,25795072,100,36,acquire,320.64195899874903,True,
forkyard,25795072,100,36,set_balance,3560.273249997408,True,
forkyard,25795072,100,36,swap_eth_for_token,2176.9962920079706,True,
forkyard,25795072,100,36,transfer,1869.292791991029,True,
forkyard,25795072,100,36,transfer,1161.807124997722,True,
forkyard,25795072,100,36,get_balance,1942.3537499969825,True,
forkyard,25795072,100,36,swap_eth_for_token,714.5704580034362,True,
forkyard,25795072,100,36,discard,435.39774999953806,True,
forkyard,25795072,100,37,acquire,188.41441698896233,True,
forkyard,25795072,100,37,set_balance,5450.076000008266,True,
forkyard,25795072,100,37,transfer,259.5431250083493,True,
forkyard,25795072,100,37,swap_eth_for_token,1679.9241670087213,True,
forkyard,25795072,100,37,transfer,983.2121249928605,True,
forkyard,25795072,100,37,swap_eth_for_token,745.6944580044365,True,
forkyard,25795072,100,37,fund_token,667.6803330046823,True,
forkyard,25795072,100,37,discard,729.3025830003899,True,
forkyard,25795072,100,38,acquire,195.7397500082152,True,
forkyard,25795072,100,38,set_balance,3403.484666996519,True,
forkyard,25795072,100,38,fund_token,2144.605249995948,True,
forkyard,25795072,100,38,transfer,988.4423749899724,True,
forkyard,25795072,100,38,swap_eth_for_token,1709.5462500001304,True,
forkyard,25795072,100,38,swap_eth_for_token,878.8790419930592,True,
forkyard,25795072,100,38,approve,826.4260830037529,True,
forkyard,25795072,100,38,discard,1582.545334007591,True,
forkyard,25795072,100,39,acquire,332.830291998107,True,
forkyard,25795072,100,39,set_balance,5432.033292003325,True,
forkyard,25795072,100,39,get_balance,1122.214041010011,True,
forkyard,25795072,100,39,fund_token,1129.5455830113497,True,
forkyard,25795072,100,39,get_balance,1432.4846669915132,True,
forkyard,25795072,100,39,fund_token,1140.4262500000186,True,
forkyard,25795072,100,39,swap_eth_for_token,582.2725420002826,True,
forkyard,25795072,100,39,discard,273.1347079970874,True,
forkyard,25795072,100,40,acquire,449.24579199869186,True,
forkyard,25795072,100,40,set_balance,5170.264333006344,True,
forkyard,25795072,100,40,fund_token,700.6600410095416,True,
forkyard,25795072,100,40,get_balance,2163.2389169972157,True,
forkyard,25795072,100,40,get_balance,1829.3241659994237,True,
forkyard,25795072,100,40,swap_eth_for_token,1285.261625002022,True,
forkyard,25795072,100,40,fund_token,274.653667001985,True,
forkyard,25795072,100,40,discard,294.94079199503176,True,
forkyard,25795072,100,41,acquire,479.3335420108633,True,
forkyard,25795072,100,41,set_balance,5272.116416002973,True,
forkyard,25795072,100,41,fund_token,157.3764589993516,True,
forkyard,25795072,100,41,get_balance,2098.9638340106467,True,
forkyard,25795072,100,41,fund_token,1012.4423329980345,True,
forkyard,25795072,100,41,approve,842.6949169952422,True,
forkyard,25795072,100,41,swap_token_for_token,875.2048340102192,True,
forkyard,25795072,100,41,discard,415.1249159913277,True,
forkyard,25795072,100,42,acquire,189.4245419971412,True,
forkyard,25795072,100,42,set_balance,3418.4536670072703,True,
forkyard,25795072,100,42,transfer,2414.5613750006305,True,
forkyard,25795072,100,42,swap_eth_for_token,1558.8772089977283,True,
forkyard,25795072,100,42,get_balance,1701.1898329947144,True,
forkyard,25795072,100,42,transfer,1085.5710829928285,True,
forkyard,25795072,100,42,fund_token,1297.8132920106873,True,
forkyard,25795072,100,42,discard,999.9088749900693,True,
forkyard,25795072,100,43,acquire,441.92479200137313,True,
forkyard,25795072,100,43,set_balance,5169.472958004917,True,
forkyard,25795072,100,43,transfer,966.3798749970738,True,
forkyard,25795072,100,43,get_balance,1849.1243330063298,True,
forkyard,25795072,100,43,swap_eth_for_token,1140.2971250063274,True,
forkyard,25795072,100,43,fund_token,1399.9011249979958,True,
forkyard,25795072,100,43,approve,711.8597499938915,True,
forkyard,25795072,100,43,discard,438.20708300336264,True,
forkyard,25795072,100,44,acquire,196.94858300499618,True,
forkyard,25795072,100,44,set_balance,3563.8369579974096,True,
forkyard,25795072,100,44,fund_token,2398.2030829938594,True,
forkyard,25795072,100,44,get_balance,1694.689500000095,True,
forkyard,25795072,100,44,get_balance,2000.6946670036996,True,
forkyard,25795072,100,44,transfer,1270.668791999924,True,
forkyard,25795072,100,44,transfer,699.6966669976246,True,
forkyard,25795072,100,44,discard,427.77645800379105,True,
forkyard,25795072,100,45,acquire,187.4432920012623,True,
forkyard,25795072,100,45,set_balance,3568.9006659958977,True,
forkyard,25795072,100,45,swap_eth_for_token,2534.4199579994893,True,
forkyard,25795072,100,45,fund_token,1416.4286659943173,True,
forkyard,25795072,100,45,transfer,1328.2801250024932,True,
forkyard,25795072,100,45,swap_eth_for_token,1379.9934999988182,True,
forkyard,25795072,100,45,transfer,1124.4165829994017,True,
forkyard,25795072,100,45,discard,713.6194170016097,True,
forkyard,25795072,100,46,acquire,173.80491600488313,True,
forkyard,25795072,100,46,set_balance,3404.512832988985,True,
forkyard,25795072,100,46,transfer,2288.063374988269,True,
forkyard,25795072,100,46,transfer,1514.673583995318,True,
forkyard,25795072,100,46,get_balance,1853.4642500017071,True,
forkyard,25795072,100,46,transfer,1602.091124994331,True,
forkyard,25795072,100,46,swap_eth_for_token,1151.9669580011396,True,
forkyard,25795072,100,46,discard,748.7624580098782,True,
forkyard,25795072,100,47,acquire,572.7504579990637,True,
forkyard,25795072,100,47,set_balance,5024.964957992779,True,
forkyard,25795072,100,47,swap_eth_for_token,850.707791003515,True,
forkyard,25795072,100,47,fund_token,1432.3794999945676,True,
forkyard,25795072,100,47,approve,711.9657080038451,True,
forkyard,25795072,100,47,approve,1008.5695419984404,True,
forkyard,25795072,100,47,approve,1411.3984590076143,True,
forkyard,25795072,100,47,discard,558.5381249984493,True,
forkyard,25795072,100,48,acquire,452.7175000112038,True,
forkyard,25795072,100,48,set_balance,5287.317666996387,True,
forkyard,25795072,100,48,swap_eth_for_token,715.9322500083363,True,
forkyard,25795072,100,48,swap_eth_for_token,1408.2223329896806,True,
forkyard,25795072,100,48,fund_token,982.622833995265,True,
forkyard,25795072,100,48,get_balance,1132.0896669931244,True,
forkyard,25795072,100,48,fund_token,732.547583989799,True,
forkyard,25795072,100,48,discard,432.4738330033142,True,
forkyard,25795072,100,49,acquire,326.24383400252555,True,
forkyard,25795072,100,49,set_balance,5271.389041998191,True,
forkyard,25795072,100,49,transfer,943.4742919984274,True,
forkyard,25795072,100,49,fund_token,1271.6533329949016,True,
forkyard,25795072,100,49,swap_eth_for_token,1196.0663339996245,True,
forkyard,25795072,100,49,transfer,1374.6038749959553,True,
forkyard,25795072,100,49,get_balance,1405.4150840092916,True,
forkyard,25795072,100,49,discard,431.84720900899265,True,
forkyard,25795072,100,50,acquire,302.04662500182167,True,
forkyard,25795072,100,50,set_balance,5286.37008300575,True,
forkyard,25795072,100,50,fund_token,698.9549999998417,True,
forkyard,25795072,100,50,swap_eth_for_token,1452.8985000069952,True,
forkyard,25795072,100,50,fund_token,815.2089580107713,True,
forkyard,25795072,100,50,transfer,878.02366699907,True,
forkyard,25795072,100,50,get_balance,2555.5580420041224,True,
forkyard,25795072,100,50,discard,910.2132499974687,True,
forkyard,25795072,100,51,acquire,863.3926659967983,True,
forkyard,25795072,100,51,set_balance,4881.731124987709,True,
forkyard,25795072,100,51,get_balance,2119.093041997985,True,
forkyard,25795072,100,51,get_balance,1428.653791997931,True,
forkyard,25795072,100,51,swap_eth_for_token,1278.6188329919241,True,
forkyard,25795072,100,51,fund_token,982.0144580007764,True,
forkyard,25795072,100,51,approve,429.4477499934146,True,
forkyard,25795072,100,51,discard,150.1914999971632,True,
forkyard,25795072,100,52,acquire,463.0312910012435,True,
forkyard,25795072,100,52,set_balance,5132.533915995737,True,
forkyard,25795072,100,52,swap_eth_for_token,1108.7579169980017,True,
forkyard,25795072,100,52,fund_token,1128.983167000115,True,
forkyard,25795072,100,52,fund_token,1165.1748749864055,True,
forkyard,25795072,100,52,get_balance,1978.460082988022,True,
forkyard,25795072,100,52,fund_token,697.4313339887885,True,
forkyard,25795072,100,52,discard,577.1006249997299,True,
forkyard,25795072,100,53,acquire,296.18695899262093,True,
forkyard,25795072,100,53,set_balance,5286.8784589954885,True,
forkyard,25795072,100,53,get_balance,2126.9158749928465,True,
forkyard,25795072,100,53,fund_token,847.476374998223,True,
forkyard,25795072,100,53,fund_token,717.7999160048785,True,
forkyard,25795072,100,53,transfer,1454.1072090069065,True,
forkyard,25795072,100,53,swap_eth_for_token,1150.813999993261,True,
forkyard,25795072,100,53,discard,902.2910409985343,True,
forkyard,25795072,100,54,acquire,444.40445900545456,True,
forkyard,25795072,100,54,set_balance,5303.425792008056,True,
forkyard,25795072,100,54,get_balance,1104.8241249955026,True,
forkyard,25795072,100,54,swap_eth_for_token,1272.8641660069115,True,
forkyard,25795072,100,54,fund_token,1147.4946249945788,True,
forkyard,25795072,100,54,get_balance,1426.9211669889046,True,
forkyard,25795072,100,54,swap_eth_for_token,581.1090000061085,True,
forkyard,25795072,100,54,discard,131.61387499712873,True,
forkyard,25795072,100,55,acquire,881.1868750053691,True,
forkyard,25795072,100,55,set_balance,4977.352959002019,True,
forkyard,25795072,100,55,transfer,958.0696250050096,True,
forkyard,25795072,100,55,get_balance,2152.8873330098577,True,
forkyard,25795072,100,55,transfer,991.9421249942388,True,
forkyard,25795072,100,55,swap_eth_for_token,1401.6360419918783,True,
forkyard,25795072,100,55,swap_eth_for_token,856.1985829874175,True,
forkyard,25795072,100,55,discard,2.5175829941872507,True,
forkyard,25795072,100,56,acquire,431.3898749969667,True,
forkyard,25795072,100,56,set_balance,5147.8298750007525,True,
forkyard,25795072,100,56,transfer,966.9907079951372,True,
forkyard,25795072,100,56,swap_eth_for_token,1838.360083012958,True,
forkyard,25795072,100,56,get_balance,1564.491041994188,True,
forkyard,25795072,100,56,swap_eth_for_token,1586.9284579966916,True,
forkyard,25795072,100,56,swap_eth_for_token,1145.0508749985602,True,
forkyard,25795072,100,56,discard,185.39645899727475,True,
forkyard,25795072,100,57,acquire,840.7575000019278,True,
forkyard,25795072,100,57,set_balance,4854.729084006976,True,
forkyard,25795072,100,57,transfer,1398.0265409918502,True,
forkyard,25795072,100,57,transfer,1142.4314579926431,True,
forkyard,25795072,100,57,swap_eth_for_token,1010.437874996569,True,
forkyard,25795072,100,57,swap_eth_for_token,978.0170000012731,True,
forkyard,25795072,100,57,fund_token,1125.3373329964234,True,
forkyard,25795072,100,57,discard,422.2064999921713,True,
forkyard,25795072,100,58,acquire,443.63637499918696,True,
forkyard,25795072,100,58,set_balance,5286.595708006644,True,
forkyard,25795072,100,58,get_balance,1110.241041998961,True,
forkyard,25795072,100,58,get_balance,2139.986125010182,True,
forkyard,25795072,100,58,get_balance,1565.9985000093002,True,
forkyard,25795072,100,58,fund_token,569.6814999973867,True,
forkyard,25795072,100,58,swap_eth_for_token,294.5513330050744,True,
forkyard,25795072,100,58,discard,15.626125008566305,True,
forkyard,25795072,100,59,acquire,434.1867079929216,True,
forkyard,25795072,100,59,set_balance,5291.386083001271,True,
forkyard,25795072,100,59,get_balance,835.1547500060406,True,
forkyard,25795072,100,59,fund_token,1273.1380409968551,True,
forkyard,25795072,100,59,get_balance,1425.3774590033572,True,
forkyard,25795072,100,59,transfer,1055.221333008376,True,
forkyard,25795072,100,59,fund_token,714.7912499931408,True,
forkyard,25795072,100,59,discard,284.40537500137,True,
forkyard,25795072,100,60,acquire,830.8508339978289,True,
forkyard,25795072,100,60,set_balance,4862.963749998016,True,
forkyard,25795072,100,60,swap_eth_for_token,1134.109584003454,True,
forkyard,25795072,100,60,get_balance,2152.462124999147,True,
forkyard,25795072,100,60,get_balance,1968.197666996275,True,
forkyard,25795072,100,60,fund_token,570.7057090039598,True,
forkyard,25795072,100,60,transfer,585.4968330095289,True,
forkyard,25795072,100,60,discard,5.03825000487268,True,
forkyard,25795072,100,61,acquire,1286.1752089957008,True,
forkyard,25795072,100,61,set_balance,4831.208165996941,True,
forkyard,25795072,100,61,fund_token,852.5787079997826,True,
forkyard,25795072,100,61,approve,1260.495834008907,True,
forkyard,25795072,100,61,swap_eth_for_token,1189.3210419948446,True,
forkyard,25795072,100,61,swap_token_for_token,1246.0188749973895,True,
forkyard,25795072,100,61,swap_eth_for_token,994.175500003621,True,
forkyard,25795072,100,61,discard,565.7918329961831,True,
forkyard,25795072,100,62,acquire,995.0641670002369,True,
forkyard,25795072,100,62,set_balance,4695.219957997324,True,
forkyard,25795072,100,62,get_balance,1116.2054169981275,True,
forkyard,25795072,100,62,get_balance,2138.7663329951465,True,
forkyard,25795072,100,62,swap_eth_for_token,709.5851670019329,True,
forkyard,25795072,100,62,get_balance,1435.107750003226,True,
forkyard,25795072,100,62,get_balance,287.97216700331774,True,
forkyard,25795072,100,62,discard,13.571582996519282,True,
forkyard,25795072,100,63,acquire,820.9793329879176,True,
forkyard,25795072,100,63,set_balance,4876.004125006148,True,
forkyard,25795072,100,63,fund_token,983.184083001106,True,
forkyard,25795072,100,63,swap_eth_for_token,1161.9327920052456,True,
forkyard,25795072,100,63,fund_token,570.7286249962635,True,
forkyard,25795072,100,63,fund_token,849.6582079969812,True,
forkyard,25795072,100,63,transfer,1091.9027499912772,True,
forkyard,25795072,100,63,discard,1135.875958003453,True,
forkyard,25795072,100,64,acquire,550.7851250004023,True,
forkyard,25795072,100,64,set_balance,5145.533874994726,True,
forkyard,25795072,100,64,fund_token,837.7526249969378,True,
forkyard,25795072,100,64,approve,1298.6552079964895,True,
forkyard,25795072,100,64,get_balance,2112.325582987978,True,
forkyard,25795072,100,64,swap_token_for_token,1602.7046659874031,True,
forkyard,25795072,100,64,fund_token,1125.1347079960397,True,
forkyard,25795072,100,64,discard,189.97679099265952,True,
forkyard,25795072,100,65,acquire,1425.5565839994233,True,
forkyard,25795072,100,65,set_balance,4668.80850000598,True,
forkyard,25795072,100,65,fund_token,854.1972500097472,True,
forkyard,25795072,100,65,swap_eth_for_token,1418.9852499985136,True,
forkyard,25795072,100,65,fund_token,1005.3077089978615,True,
forkyard,25795072,100,65,approve,1131.4660829957575,True,
forkyard,25795072,100,65,swap_token_for_token,1135.386041001766,True,
forkyard,25795072,100,65,discard,566.8267909932183,True,
forkyard,25795072,100,66,acquire,1428.7432499986608,True,
forkyard,25795072,100,66,set_balance,4679.865916987183,True,
forkyard,25795072,100,66,transfer,1271.5936250024242,True,
forkyard,25795072,100,66,fund_token,1118.8307910051662,True,
forkyard,25795072,100,66,fund_token,884.1205000062473,True,
forkyard,25795072,100,66,swap_eth_for_token,1129.6218329953263,True,
forkyard,25795072,100,66,fund_token,982.1620419970714,True,
forkyard,25795072,100,66,discard,714.7231669950997,True,
forkyard,25795072,100,67,acquire,820.9973750053905,True,
forkyard,25795072,100,67,set_balance,4978.662167006405,True,
forkyard,25795072,100,67,transfer,1841.874125006143,True,
forkyard,25795072,100,67,fund_token,709.2152080003871,True,
forkyard,25795072,100,67,fund_token,856.4916250034003,True,
forkyard,25795072,100,67,approve,1556.8681669974467,True,
forkyard,25795072,100,67,approve,706.9680410058936,True,
forkyard,25795072,100,67,discard,279.16400000685826,True,
forkyard,25795072,100,68,acquire,551.3208339980338,True,
forkyard,25795072,100,68,set_balance,5133.384250002564,True,
forkyard,25795072,100,68,fund_token,836.9183750037337,True,
forkyard,25795072,100,68,approve,1425.5757909995737,True,
forkyard,25795072,100,68,fund_token,1282.8580000059446,True,
forkyard,25795072,100,68,swap_token_for_token,986.9852080009878,True,
forkyard,25795072,100,68,get_balance,2442.2855409939075,True,
forkyard,25795072,100,68,discard,190.98675000714138,True,
forkyard,25795072,100,69,acquire,990.2337920066202,True,
forkyard,25795072,100,69,set_balance,4702.709750010399,True,
forkyard,25795072,100,69,transfer,876.2217090115882,True,
forkyard,25795072,100,69,get_balance,2231.2588330096332,True,
forkyard,25795072,100,69,swap_eth_for_token,607.919292000588,True,
forkyard,25795072,100,69,fund_token,1113.9121250016615,True,
forkyard,25795072,100,69,fund_token,570.9848749975208,True,
forkyard,25795072,100,69,discard,283.7527920055436,True,
forkyard,25795072,100,70,acquire,993.7694170075702,True,
forkyard,25795072,100,70,set_balance,4698.191750008846,True,
forkyard,25795072,100,70,transfer,1321.6800829977728,True,
forkyard,25795072,100,70,fund_token,1129.1274579998571,True,
forkyard,25795072,100,70,get_balance,1703.6702089972096,True,
forkyard,25795072,100,70,transfer,871.048916989821,True,
forkyard,25795072,100,70,approve,580.1076669886243,True,
forkyard,25795072,100,70,discard,14.30570799857378,True,
forkyard,25795072,100,71,acquire,553.4552919998532,True,
forkyard,25795072,100,71,set_balance,5122.7791249984875,True,
forkyard,25795072,100,71,swap_eth_for_token,1550.4843329981668,True,
forkyard,25795072,100,71,swap_eth_for_token,1282.4304999958258,True,
forkyard,25795072,100,71,get_balance,2129.476624992094,True,
forkyard,25795072,100,71,transfer,1154.8865419899812,True,
forkyard,25795072,100,71,transfer,1052.0599159935955,True,
forkyard,25795072,100,71,discard,3.156790990033187,True,
forkyard,25795072,100,72,acquire,1437.6920000067912,True,
forkyard,25795072,100,72,set_balance,4659.664584003622,True,
forkyard,25795072,100,72,transfer,1403.5283749981318,True,
forkyard,25795072,100,72,swap_eth_for_token,1121.4548330026446,True,
forkyard,25795072,100,72,swap_eth_for_token,1169.997750010225,True,
forkyard,25795072,100,72,swap_eth_for_token,1265.519458000199,True,
forkyard,25795072,100,72,fund_token,556.5940829983447,True,
forkyard,25795072,100,72,discard,576.8727919930825,True,
forkyard,25795072,100,73,acquire,815.9822080051526,True,
forkyard,25795072,100,73,set_balance,4880.809625014081,True,
forkyard,25795072,100,73,swap_eth_for_token,1280.3019999992102,True,
forkyard,25795072,100,73,fund_token,1139.8322500026552,True,
forkyard,25795072,100,73,fund_token,855.3527079930063,True,
forkyard,25795072,100,73,approve,857.952208010829,True,
forkyard,25795072,100,73,fund_token,1547.7303749939892,True,
forkyard,25795072,100,73,discard,428.0907079955796,True,
forkyard,25795072,100,74,acquire,820.3957920050016,True,
forkyard,25795072,100,74,set_balance,4852.751874990645,True,
forkyard,25795072,100,74,transfer,1812.3801250039833,True,
forkyard,25795072,100,74,transfer,867.7194170013536,True,
forkyard,25795072,100,74,get_balance,1827.476000005845,True,
forkyard,25795072,100,74,swap_eth_for_token,1279.961166990688,True,
forkyard,25795072,100,74,fund_token,281.3188750005793,True,
forkyard,25795072,100,74,discard,288.27487499802373,True,
forkyard,25795072,100,75,acquire,551.3097500079311,True,
forkyard,25795072,100,75,set_balance,5117.68366600154,True,
forkyard,25795072,100,75,fund_token,847.6021249953192,True,
forkyard,25795072,100,75,fund_token,1147.905042002094,True,
forkyard,25795072,100,75,approve,1307.9203750094166,True,
forkyard,25795072,100,75,transfer,975.4339159990195,True,
forkyard,25795072,100,75,transfer,1704.2566669988446,True,
forkyard,25795072,100,75,discard,997.7102910052054,True,
forkyard,25795072,100,76,acquire,991.4084580086637,True,
forkyard,25795072,100,76,set_balance,4684.258749999572,True,
forkyard,25795072,100,76,swap_eth_for_token,432.3930420068791,True,
forkyard,25795072,100,76,fund_token,1536.734666005941,True,
forkyard,25795072,100,76,swap_eth_for_token,1141.9984999956796,True,
forkyard,25795072,100,76,fund_token,431.62274999485817,True,
forkyard,25795072,100,76,swap_eth_for_token,1299.331667003571,True,
forkyard,25795072,100,76,discard,552.9079170082696,True,
forkyard,25795072,100,77,acquire,1424.535999991349,True,
forkyard,25795072,100,77,set_balance,4667.756708004163,True,
forkyard,25795072,100,77,swap_eth_for_token,1580.7721250021132,True,
forkyard,25795072,100,77,get_balance,1975.4146249906626,True,
forkyard,25795072,100,77,get_balance,1977.3709580040304,True,
forkyard,25795072,100,77,swap_eth_for_token,583.7180420057848,True,
forkyard,25795072,100,77,get_balance,6.861958987428807,True,
forkyard,25795072,100,77,discard,1.1172080121468753,True,
forkyard,25795072,100,78,acquire,546.2486670003273,True,
forkyard,25795072,100,78,set_balance,5131.48229100625,True,
forkyard,25795072,100,78,get_balance,1991.1522080074064,True,
forkyard,25795072,100,78,swap_eth_for_token,1586.2690420035506,True,
forkyard,25795072,100,78,fund_token,685.1754579984117,True,
forkyard,25795072,100,78,get_balance,2148.731624998618,True,
forkyard,25795072,100,78,get_balance,774.5023339957697,True,
forkyard,25795072,100,78,discard,4.250833997502923,True,
forkyard,25795072,100,79,acquire,990.650291001657,True,
forkyard,25795072,100,79,set_balance,4695.868959010113,True,
forkyard,25795072,100,79,get_balance,1119.7207910008729,True,
forkyard,25795072,100,79,swap_eth_for_token,1416.6108749923296,True,
forkyard,25795072,100,79,get_balance,1698.142416003975,True,
forkyard,25795072,100,79,fund_token,732.0516659965506,True,
forkyard,25795072,100,79,transfer,575.6726249965141,True,
forkyard,25795072,100,79,discard,128.38054200983606,True,
forkyard,25795072,100,80,acquire,547.2520000039367,True,
forkyard,25795072,100,80,set_balance,5117.308749991935,True,
forkyard,25795072,100,80,swap_eth_for_token,1122.943916998338,True,
forkyard,25795072,100,80,fund_token,1559.3524579890072,True,
forkyard,25795072,100,80,swap_eth_for_token,891.0773340030573,True,
forkyard,25795072,100,80,swap_eth_for_token,1416.986458003521,True,
forkyard,25795072,100,80,approve,1277.8472499921918,True,
forkyard,25795072,100,80,discard,908.1849579961272,True,
forkyard,25795072,100,81,acquire,1437.8729580057552,True,
forkyard,25795072,100,81,set_balance,4665.371082999627,True,
forkyard,25795072,100,81,fund_token,857.4940420076018,True,
forkyard,25795072,100,81,approve,975.478332999046,True,
forkyard,25795072,100,81,transfer,1459.5932910015108,True,
forkyard,25795072,100,81,get_balance,1962.1366670035059,True,
forkyard,25795072,100,81,swap_token_for_token,863.0084169999463,True,
forkyard,25795072,100,81,discard,3.5957499931100756,True,
forkyard,25795072,100,82,acquire,819.2122090113116,True,
forkyard,25795072,100,82,set_balance,4846.287583000958,True,
forkyard,25795072,100,82,get_balance,2126.1309160036035,True,
forkyard,25795072,100,82,swap_eth_for_token,847.7490419900278,True,
forkyard,25795072,100,82,get_balance,2273.2273750007153,True,
forkyard,25795072,100,82,get_balance,858.4844159922795,True,
forkyard,25795072,100,82,fund_token,284.50933400017675,True,
forkyard,25795072,100,82,discard,22.045665988116525,True,
forkyard,25795072,100,83,acquire,818.8292909908341,True,
forkyard,25795072,100,83,set_balance,4850.697250003577,True,
forkyard,25795072,100,83,fund_token,981.2922080018325,True,
forkyard,25795072,100,83,transfer,1426.4763329993002,True,
forkyard,25795072,100,83,fund_token,852.2497920057504,True,
forkyard,25795072,100,83,transfer,1127.3225829936564,True,
forkyard,25795072,100,83,get_balance,1698.8128329976462,True,
forkyard,25795072,100,83,discard,290.1219170016702,True,
forkyard,25795072,100,84,acquire,986.55879200669,True,
forkyard,25795072,100,84,set_balance,4712.437583992141,True,
forkyard,25795072,100,84,swap_eth_for_token,262.2492910013534,True,
forkyard,25795072,100,84,fund_token,1693.230709002819,True,
forkyard,25795072,100,84,approve,1144.2139580030926,True,
forkyard,25795072,100,84,fund_token,430.2543749945471,True,
forkyard,25795072,100,84,approve,1296.3271250046091,True,
forkyard,25795072,100,84,discard,561.2828339944826,True,
forkyard,25795072,100,85,acquire,1432.4714579997817,True,
forkyard,25795072,100,85,set_balance,4672.30516699783,True,
forkyard,25795072,100,85,get_balance,1690.1720829919213,True,
forkyard,25795072,100,85,swap_eth_for_token,1297.6180840050802,True,
forkyard,25795072,100,85,get_balance,2266.478375007864,True,
forkyard,25795072,100,85,swap_eth_for_token,859.0065419994062,True,
forkyard,25795072,100,85,fund_token,7.18145800055936,True,
forkyard,25795072,100,85,discard,1.6658329986967146,True,
forkyard,25795072,100,86,acquire,1436.0480829927837,True,
forkyard,25795072,100,86,set_balance,4652.301082998747,True,
forkyard,25795072,100,86,transfer,991.1102500045672,True,
forkyard,25795072,100,86,transfer,1395.5360000109067,True,
forkyard,25795072,100,86,swap_eth_for_token,1163.3544159994926,True,
forkyard,25795072,100,86,transfer,1272.9132089880295,True,
forkyard,25795072,100,86,fund_token,694.6020839968696,True,
forkyard,25795072,100,86,discard,572.3560830083443,True,
forkyard,25795072,100,87,acquire,544.930166011909,True,
forkyard,25795072,100,87,set_balance,5125.032750001992,True,
forkyard,25795072,100,87,get_balance,1991.4688340068096,True,
forkyard,25795072,100,87,transfer,1102.6453749946086,True,
forkyard,25795072,100,87,swap_eth_for_token,1016.84500000556,True,
forkyard,25795072,100,87,transfer,1424.563834007131,True,
forkyard,25795072,100,87,transfer,976.5475419990253,True,
forkyard,25795072,100,87,discard,623.2308329927037,True,
forkyard,25795072,100,88,acquire,987.520124996081,True,
forkyard,25795072,100,88,set_balance,4680.582959001185,True,
forkyard,25795072,100,88,fund_token,140.34687500679865,True,
forkyard,25795072,100,88,swap_eth_for_token,1265.4944999958389,True,
forkyard,25795072,100,88,transfer,1272.1354579989566,True,
forkyard,25795072,100,88,swap_eth_for_token,895.5180829943856,True,
forkyard,25795072,100,88,get_balance,1388.3998340024846,True,
forkyard,25795072,100,88,discard,434.0260839962866,True,
forkyard,25795072,100,89,acquire,813.9067079900997,True,
forkyard,25795072,100,89,set_balance,4854.731458006427,True,
forkyard,25795072,100,89,transfer,1641.5165000071283,True,
forkyard,25795072,100,89,get_balance,1585.9753330005333,True,
forkyard,25795072,100,89,transfer,988.4796249971259,True,
forkyard,25795072,100,89,fund_token,1405.30395800306,True,
forkyard,25795072,100,89,get_balance,719.4321659917478,True,
forkyard,25795072,100,89,discard,11.543500004336238,True,
forkyard,25795072,100,90,acquire,983.3409999992,True,
forkyard,25795072,100,90,set_balance,4684.581542009255,True,
forkyard,25795072,100,90,get_balance,1115.1671669940697,True,
forkyard,25795072,100,90,fund_token,1130.309332991601,True,
forkyard,25795072,100,90,swap_eth_for_token,1037.55112500221,True,
forkyard,25795072,100,90,approve,531.208833999699,True,
forkyard,25795072,100,90,fund_token,1002.7417079982115,True,
forkyard,25795072,100,90,discard,572.8345410025213,True,
forkyard,25795072,100,91,acquire,538.8314169977093,True,
forkyard,25795072,100,91,set_balance,5148.426707994076,True,
forkyard,25795072,100,91,transfer,1261.1906669917516,True,
forkyard,25795072,100,91,get_balance,2256.101999999373,True,
forkyard,25795072,100,91,fund_token,716.1684160091681,True,
forkyard,25795072,100,91,fund_token,1287.5635420059552,True,
forkyard,25795072,100,91,swap_eth_for_token,873.2428329967661,True,
forkyard,25795072,100,91,discard,750.0925000058487,True,
forkyard,25795072,100,92,acquire,813.7225410027895,True,
forkyard,25795072,100,92,set_balance,4852.1051249990705,True,
forkyard,25795072,100,92,fund_token,991.0277919989312,True,
forkyard,25795072,100,92,transfer,1290.5386249913136,True,
forkyard,25795072,100,92,get_balance,1708.4246250014985,True,
forkyard,25795072,100,92,approve,1556.5795830043498,True,
forkyard,25795072,100,92,transfer,559.4383749994449,True,
forkyard,25795072,100,92,discard,289.7855830087792,True,
forkyard,25795072,100,93,acquire,1424.8599169950467,True,
forkyard,25795072,100,93,set_balance,4674.622542006546,True,
forkyard,25795072,100,93,fund_token,852.8434170002583,True,
forkyard,25795072,100,93,transfer,1115.055125002982,True,
forkyard,25795072,100,93,swap_eth_for_token,1327.971417005756,True,
forkyard,25795072,100,93,get_balance,1951.2570000078995,True,
forkyard,25795072,100,93,transfer,561.9164169911528,True,
forkyard,25795072,100,93,discard,289.55995800788514,True,
forkyard,25795072,100,94,acquire,539.8144170030719,True,
forkyard,25795072,100,94,set_balance,5137.052291989676,True,
forkyard,25795072,100,94,get_balance,1980.4303329874529,True,
forkyard,25795072,100,94,swap_eth_for_token,1411.5378339920426,True,
forkyard,25795072,100,94,fund_token,853.7547500018263,True,
forkyard,25795072,100,94,fund_token,1296.2109580112156,True,
forkyard,25795072,100,94,swap_eth_for_token,1298.0052080092719,True,
forkyard,25795072,100,94,discard,325.92899999872316,True,
forkyard,25795072,100,95,acquire,980.1860840088921,True,
forkyard,25795072,100,95,set_balance,4694.875499990303,True,
forkyard,25795072,100,95,get_balance,844.4488749955781,True,
forkyard,25795072,100,95,transfer,1401.2772920104908,True,
forkyard,25795072,100,95,transfer,1136.9330839952454,True,
forkyard,25795072,100,95,swap_eth_for_token,845.4105409909971,True,
forkyard,25795072,100,95,transfer,1019.9208750127582,True,
forkyard,25795072,100,95,discard,413.2164580078097,True,
forkyard,25795072,100,96,acquire,1427.2573339985684,True,
forkyard,25795072,100,96,set_balance,4656.018083987874,True,
forkyard,25795072,100,96,swap_eth_for_token,1140.161542003625,True,
forkyard,25795072,100,96,fund_token,1257.8914999903645,True,
forkyard,25795072,100,96,transfer,1020.2069169899914,True,
forkyard,25795072,100,96,transfer,1265.6899579887977,True,
forkyard,25795072,100,96,get_balance,1424.708250007825,True,
forkyard,25795072,100,96,discard,5.061291987658478,True,
forkyard,25795072,100,97,acquire,808.6520829965593,True,
forkyard,25795072,100,97,set_balance,4863.972167004249,True,
forkyard,25795072,100,97,get_balance,2131.275416002609,True,
forkyard,25795072,100,97,swap_eth_for_token,991.9797500042478,True,
forkyard,25795072,100,97,transfer,867.5859169889009,True,
forkyard,25795072,100,97,transfer,1703.1107079965295,True,
forkyard,25795072,100,97,swap_eth_for_token,418.7340830103494,True,
forkyard,25795072,100,97,discard,283.5819169995375,True,
forkyard,25795072,100,98,acquire,977.2661250026431,True,
forkyard,25795072,100,98,set_balance,4707.773209011066,True,
forkyard,25795072,100,98,swap_eth_for_token,992.1065840026131,True,
forkyard,25795072,100,98,swap_eth_for_token,1269.4594579952536,True,
forkyard,25795072,100,98,transfer,1295.9845409932313,True,
forkyard,25795072,100,98,swap_eth_for_token,821.1327919998439,True,
forkyard,25795072,100,98,fund_token,872.6304999872809,True,
forkyard,25795072,100,98,discard,423.5595829959493,True,
forkyard,25795072,100,99,acquire,539.6528330020374,True,
forkyard,25795072,100,99,set_balance,5133.796959009487,True,
forkyard,25795072,100,99,fund_token,841.3082080078311,True,
forkyard,25795072,100,99,get_balance,1986.6982499952428,True,
forkyard,25795072,100,99,get_balance,1427.6453749916982,True,
forkyard,25795072,100,99,get_balance,2155.298625002615,True,
forkyard,25795072,100,99,swap_eth_for_token,768.0386249994626,True,
forkyard,25795072,100,99,discard,4.283375004888512,True,
forkyard,25795072,100,-1,__total__,13055.92145799892,True,
anvil,25795072,100,0,acquire,5776.178583997535,True,
anvil,25795072,100,0,set_balance,143.4242079994874,True,
anvil,25795072,100,0,fund_token,144.26866600115318,True,
anvil,25795072,100,0,transfer,1906.5676659956807,True,
anvil,25795072,100,0,approve,505.24379100534134,True,
anvil,25795072,100,0,swap_eth_for_token,1987.043667002581,True,
anvil,25795072,100,0,swap_eth_for_token,261.8904169939924,True,
anvil,25795072,100,0,discard,3.8114999915705994,True,
anvil,25795072,100,1,acquire,5979.092791996663,True,
anvil,25795072,100,1,set_balance,144.1934580070665,True,
anvil,25795072,100,1,get_balance,11.544332999619655,True,
anvil,25795072,100,1,swap_eth_for_token,3604.509415992652,True,
anvil,25795072,100,1,fund_token,0.5672909901477396,True,
anvil,25795072,100,1,fund_token,0.5637089925585315,True,
anvil,25795072,100,1,get_balance,1.3721249997615814,True,
anvil,25795072,100,1,discard,12.082125002052635,True,
anvil,25795072,100,2,acquire,4311.712082999293,True,
anvil,25795072,100,2,set_balance,176.80379199737217,True,
anvil,25795072,100,2,transfer,1821.6649999958463,True,
anvil,25795072,100,2,transfer,1643.6823749972973,True,
anvil,25795072,100,2,get_balance,9.717082997667603,True,
anvil,25795072,100,2,swap_eth_for_token,3503.7101250054548,True,
anvil,25795072,100,2,transfer,507.47633300488815,True,
anvil,25795072,100,2,discard,4.322999986470677,True,
anvil,25795072,100,3,acquire,8845.449250002275,True,
anvil,25795072,100,3,set_balance,150.1767080044374,True,
anvil,25795072,100,3,get_balance,26.351750013418496,True,
anvil,25795072,100,3,swap_eth_for_token,2474.6021249884507,True,
anvil,25795072,100,3,transfer,494.24133299908135,True,
anvil,25795072,100,3,fund_token,4.3412910017650574,True,
anvil,25795072,100,3,approve,492.5328750105109,True,
anvil,25795072,100,3,discard,3.8088750006863847,True,
anvil,25795072,100,4,acquire,7862.3590000061085,True,
anvil,25795072,100,4,set_balance,148.02704099565744,True,
anvil,25795072,100,4,get_balance,15.475167005206458,True,
anvil,25795072,100,4,transfer,764.2820420005592,True,
anvil,25795072,100,4,fund_token,141.36358299583662,True,
anvil,25795072,100,4,transfer,505.20245799270924,True,
anvil,25795072,100,4,transfer,497.46945800143294,True,
anvil,25795072,100,4,discard,8.807666003121994,True,
anvil,25795072,100,5,acquire,8934.804749995237,True,
anvil,25795072,100,5,set_balance,149.4210840028245,True,
anvil,25795072,100,5,swap_eth_for_token,3588.5764160047984,True,
anvil,25795072,100,5,transfer,502.9076249920763,True,
anvil,25795072,100,5,get_balance,5.061000003479421,True,
anvil,25795072,100,5,get_balance,3.545291008776985,True,
anvil,25795072,100,5,swap_eth_for_token,256.4052499947138,True,
anvil,25795072,100,5,discard,3.8231250073295087,True,
anvil,25795072,100,6,acquire,4290.769708008156,True,
anvil,25795072,100,6,set_balance,175.70325000269804,True,
anvil,25795072,100,6,transfer,1915.697917007492,True,
anvil,25795072,100,6,swap_eth_for_token,3364.1351670084987,True,
anvil,25795072,100,6,transfer,487.5594170007389,True,
anvil,25795072,100,6,fund_token,0.625291999313049,True,
anvil,25795072,100,6,swap_eth_for_token,254.44104199414141,True,
anvil,25795072,100,6,discard,4.696709002018906,True,
anvil,25795072,100,7,acquire,4934.989499990479,True,
anvil,25795072,100,7,set_balance,145.54454199969769,True,
anvil,25795072,100,7,swap_eth_for_token,4735.847124989959,True,
anvil,25795072,100,7,fund_token,1.7892500036396086,True,
anvil,25795072,100,7,transfer,494.27579100301955,True,
anvil,25795072,100,7,swap_eth_for_token,261.5833330055466,True,
anvil,25795072,100,7,approve,505.37241699930746,True,
anvil,25795072,100,7,discard,3.7856249982723966,True,
anvil,25795072,100,8,acquire,4936.246958008269,True,
anvil,25795072,100,8,set_balance,1277.2729160060408,True,
anvil,25795072,100,8,get_balance,21.507540994207375,True,
anvil,25795072,100,8,fund_token,147.1892499976093,True,
anvil,25795072,100,8,get_balance,8.959583996329457,True,
anvil,25795072,100,8,transfer,1898.4374590072548,True,
anvil,25795072,100,8,get_balance,3.224000000045635,True,
anvil,25795072,100,8,discard,9.011207992443815,True,
anvil,25795072,100,9,acquire,5731.3838330010185,True,
anvil,25795072,100,9,set_balance,146.0815409955103,True,
anvil,25795072,100,9,fund_token,145.04862499597948,True,
anvil,25795072,100,9,swap_eth_for_token,4559.352124997531,True,
anvil,25795072,100,9,get_balance,1.782040999387391,True,
anvil,25795072,100,9,swap_eth_for_token,254.8656670114724,True,
anvil,25795072,100,9,approve,509.00345799163915,True,
anvil,25795072,100,9,discard,2.6931669999612495,True,
anvil,25795072,100,10,acquire,5117.660415999126,True,
anvil,25795072,100,10,set_balance,138.74658300483134,True,
anvil,25795072,100,10,transfer,3016.7730420071166,True,
anvil,25795072,100,10,fund_token,147.68658399407286,True,
anvil,25795072,100,10,get_balance,2.065499997115694,True,
anvil,25795072,100,10,fund_token,1.2190419947728515,True,
anvil,25795072,100,10,get_balance,4.697625001426786,True,
anvil,25795072,100,10,discard,6.414999996195547,True,
anvil,25795072,100,11,acquire,4208.471374993678,True,
anvil,25795072,100,11,set_balance,1302.8615410003113,True,
anvil,25795072,100,11,fund_token,144.606333997217,True,
anvil,25795072,100,11,fund_token,0.8388330024899915,True,
anvil,25795072,100,11,get_balance,1.5214580052997917,True,
anvil,25795072,100,11,approve,740.6260830030078,True,
anvil,25795072,100,11,fund_token,0.5488339957082644,True,
anvil,25795072,100,11,discard,7.898208990809508,True,
anvil,25795072,100,12,acquire,4240.436041989597,True,
anvil,25795072,100,12,set_balance,197.66804200480692,True,
anvil,25795072,100,12,fund_token,153.6288330098614,True,
anvil,25795072,100,12,approve,1724.999874990317,True,
anvil,25795072,100,12,fund_token,1.7085419967770576,True,
anvil,25795072,100,12,swap_eth_for_token,3131.076834004489,True,
anvil,25795072,100,12,swap_eth_for_token,253.63649999781046,True,
anvil,25795072,100,12,discard,5.411958001786843,True,
anvil,25795072,100,13,acquire,5701.233042011154,True,
anvil,25795072,100,13,set_balance,142.00125000206754,True,
anvil,25795072,100,13,swap_eth_for_token,4847.85908300546,True,
anvil,25795072,100,13,get_balance,1.3500839995685965,True,
anvil,25795072,100,13,get_balance,1.324625001871027,True,
anvil,25795072,100,13,get_balance,1.29087500681635,True,
anvil,25795072,100,13,transfer,487.3351250134874,True,
anvil,25795072,100,13,discard,4.333333999966271,True,
anvil,25795072,100,14,acquire,4018.6663329950534,True,
anvil,25795072,100,14,set_balance,1482.4134580121608,True,
anvil,25795072,100,14,transfer,778.0659169948194,True,
anvil,25795072,100,14,swap_eth_for_token,3353.3000830066158,True,
anvil,25795072,100,14,swap_eth_for_token,249.7392080113059,True,
anvil,25795072,100,14,fund_token,0.5749170086346567,True,
anvil,25795072,100,14,fund_token,0.5439579981612042,True,
anvil,25795072,100,14,discard,3.791000010096468,True,
anvil,25795072,100,15,acquire,4019.6593750006286,True,
anvil,25795072,100,15,set_balance,1409.641999998712,True,
anvil,25795072,100,15,get_balance,2.7385830035200343,True,
anvil,25795072,100,15,transfer,753.8188749895198,True,
anvil,25795072,100,15,get_balance,8.872000005794689,True,
anvil,25795072,100,15,transfer,1654.1315840004245,True,
anvil,25795072,100,15,swap_eth_for_token,2209.554915985791,True,
anvil,25795072,100,15,discard,3.7987919931765646,True,
anvil,25795072,100,16,acquire,7620.672374992864,True,
anvil,25795072,100,16,set_balance,143.39916699100286,True,
anvil,25795072,100,16,swap_eth_for_token,3624.1619590000482,True,
anvil,25795072,100,16,fund_token,2.7721660007955506,True,
anvil,25795072,100,16,fund_token,3.054166998481378,True,
anvil,25795072,100,16,fund_token,6.7778749944409356,True,
anvil,25795072,100,16,fund_token,4.471541004022583,True,
anvil,25795072,100,16,discard,2.547708005295135,True,
anvil,25795072,100,17,acquire,5673.257708011079,True,
anvil,25795072,100,17,set_balance,145.5001669964986,True,
anvil,25795072,100,17,fund_token,141.58262500131968,True,
anvil,25795072,100,17,swap_eth_for_token,4480.760457998258,True,
anvil,25795072,100,17,get_balance,1.4315409935079515,True,
anvil,25795072,100,17,transfer,488.7303330033319,True,
anvil,25795072,100,17,get_balance,1.4357500040205196,True,
anvil,25795072,100,17,discard,5.9569580043898895,True,
anvil,25795072,100,18,acquire,8673.843291006051,True,
anvil,25795072,100,18,set_balance,148.70787499239668,True,
anvil,25795072,100,18,get_balance,9.202291999827139,True,
anvil,25795072,100,18,fund_token,146.23483300965745,True,
anvil,25795072,100,18,get_balance,14.65337500849273,True,
anvil,25795072,100,18,fund_token,5.31637501262594,True,
anvil,25795072,100,18,get_balance,7.838791992980987,True,
anvil,25795072,100,18,discard,7.336833004956134,True,
anvil,25795072,100,19,acquire,6431.459665996954,True,
anvil,25795072,100,19,set_balance,1275.6852080055978,True,
anvil,25795072,100,19,transfer,752.9218330018921,True,
anvil,25795072,100,19,get_balance,1.5541669999947771,True,
anvil,25795072,100,19,swap_eth_for_token,3419.8554579925258,True,
anvil,25795072,100,19,get_balance,2.9738750017713755,True,
anvil,25795072,100,19,transfer,492.0868749904912,True,
anvil,25795072,100,19,discard,3.8148750027175993,True,
anvil,25795072,100,20,acquire,4203.493416993297,True,
anvil,25795072,100,20,set_balance,179.11820799054112,True,
anvil,25795072,100,20,get_balance,29.696915997192264,True,
anvil,25795072,100,20,transfer,1878.125374991214,True,
anvil,25795072,100,20,get_balance,14.120667008683085,True,
anvil,25795072,100,20,fund_token,1294.388499998604,True,
anvil,25795072,100,20,transfer,501.96708300791215,True,
anvil,25795072,100,20,discard,10.421541999676265,True,
anvil,25795072,100,21,acquire,8620.337915999698,True,
anvil,25795072,100,21,set_balance,139.98129099491052,True,
anvil,25795072,100,21,get_balance,2.693250004085712,True,
anvil,25795072,100,21,fund_token,141.00949998828582,True,
anvil,25795072,100,21,fund_token,10.345792004955001,True,
anvil,25795072,100,21,fund_token,13.04758299374953,True,
anvil,25795072,100,21,approve,761.8779999902472,True,
anvil,25795072,100,21,discard,3.7911249964963645,True,
anvil,25795072,100,22,acquire,5466.352540999651,True,
anvil,25795072,100,22,set_balance,145.1033329940401,True,
anvil,25795072,100,22,get_balance,1.5807500021765009,True,
anvil,25795072,100,22,transfer,739.8291660065297,True,
anvil,25795072,100,22,get_balance,1.3743750023422763,True,
anvil,25795072,100,22,swap_eth_for_token,4580.549874997814,True,
anvil,25795072,100,22,get_balance,2.6822920044651255,True,
anvil,25795072,100,22,discard,6.478625000454485,True,
anvil,25795072,100,23,acquire,4055.7983749895357,True,
anvil,25795072,100,23,set_balance,1439.475915991352,True,
anvil,25795072,100,23,swap_eth_for_token,4826.9189579878,True,
anvil,25795072,100,23,transfer,498.1228339893278,True,
anvil,25795072,100,23,fund_token,0.7358750008279458,True,
anvil,25795072,100,23,approve,490.53612499847077,True,
anvil,25795072,100,23,swap_token_for_token,506.9205000036163,True,
anvil,25795072,100,23,discard,5.953375002718531,True,
anvil,25795072,100,24,acquire,7790.97154099145,True,
anvil,25795072,100,24,set_balance,143.31020800455008,True,
anvil,25795072,100,24,fund_token,150.1051249942975,True,
anvil,25795072,100,24,get_balance,4.547958000330254,True,
anvil,25795072,100,24,get_balance,9.214833000442013,True,
anvil,25795072,100,24,transfer,748.6733330006246,True,
anvil,25795072,100,24,swap_eth_for_token,3200.192499993136,True,
anvil,25795072,100,24,discard,3.9948330086190253,True,
anvil,25795072,100,25,acquire,8769.86791699892,True,
anvil,25795072,100,25,set_balance,141.09504100633785,True,
anvil,25795072,100,25,fund_token,149.51787500467617,True,
anvil,25795072,100,25,get_balance,3.5440409992588684,True,
anvil,25795072,100,25,fund_token,0.7074999884935096,True,
anvil,25795072,100,25,swap_eth_for_token,2184.2499589984072,True,
anvil,25795072,100,25,swap_eth_for_token,249.06345800263807,True,
anvil,25795072,100,25,discard,2.610540992463939,True,
anvil,25795072,100,26,acquire,5697.090916000889,True,
anvil,25795072,100,26,set_balance,138.79379100399092,True,
anvil,25795072,100,26,get_balance,1.424208006937988,True,
anvil,25795072,100,26,fund_token,141.4354589942377,True,
anvil,25795072,100,26,get_balance,7.790000003296882,True,
anvil,25795072,100,26,transfer,1894.5770419959445,True,
anvil,25795072,100,26,fund_token,5.625667006825097,True,
anvil,25795072,100,26,discard,8.478083007503301,True,
anvil,25795072,100,27,acquire,7826.28254199517,True,
anvil,25795072,100,27,set_balance,143.03820799977984,True,
anvil,25795072,100,27,fund_token,148.0979159969138,True,
anvil,25795072,100,27,swap_eth_for_token,3425.482958002249,True,
anvil,25795072,100,27,transfer,493.93691700242925,True,
anvil,25795072,100,27,swap_eth_for_token,257.14958300522994,True,
anvil,25795072,100,27,swap_eth_for_token,258.0240419920301,True,
anvil,25795072,100,27,discard,3.818291996140033,True,
anvil,25795072,100,28,acquire,4095.6145000091055,True,
anvil,25795072,100,28,set_balance,1305.0069169985363,True,
anvil,25795072,100,28,transfer,758.2335830084048,True,
anvil,25795072,100,28,get_balance,10.915791004663333,True,
anvil,25795072,100,28,get_balance,8.04387500102166,True,
anvil,25795072,100,28,fund_token,1272.0382080005948,True,
anvil,25795072,100,28,get_balance,5.375875000027008,True,
anvil,25795072,100,28,discard,17.950958004803397,True,
anvil,25795072,100,29,acquire,4087.8963329887483,True,
anvil,25795072,100,29,set_balance,1292.7906660042936,True,
anvil,25795072,100,29,transfer,755.4215419950197,True,
anvil,25795072,100,29,swap_eth_for_token,3318.213582999306,True,
anvil,25795072,100,29,swap_eth_for_token,246.74320900521707,True,
anvil,25795072,100,29,fund_token,0.8914579957490787,True,
anvil,25795072,100,29,transfer,492.7420830063056,True,
anvil,25795072,100,29,discard,8.856874992488883,True,
anvil,25795072,100,30,acquire,8746.1212920025,True,
anvil,25795072,100,30,set_balance,152.2198749880772,True,
anvil,25795072,100,30,swap_eth_for_token,2490.716040992993,True,
anvil,25795072,100,30,get_balance,1.9376250129425898,True,
anvil,25795072,100,30,transfer,489.0490830002818,True,
anvil,25795072,100,30,fund_token,0.6251659942790866,True,
anvil,25795072,100,30,transfer,494.9922499945387,True,
anvil,25795072,100,30,discard,3.7996669998392463,True,
anvil,25795072,100,31,acquire,4095.314750011312,True,
anvil,25795072,100,31,set_balance,1313.8803750043735,True,
anvil,25795072,100,31,transfer,772.9082080040826,True,
anvil,25795072,100,31,transfer,1644.6490420057671,True,
anvil,25795072,100,31,get_balance,4.332083000917919,True,
anvil,25795072,100,31,get_balance,9.320666998974048,True,
anvil,25795072,100,31,get_balance,20.606083009624854,True,
anvil,25795072,100,31,discard,9.228208989952691,True,
anvil,25795072,100,32,acquire,8594.059874987579,True,
anvil,25795072,100,32,set_balance,146.34483300324064,True,
anvil,25795072,100,32,transfer,1634.0237499971408,True,
anvil,25795072,100,32,get_balance,8.828541002003476,True,
anvil,25795072,100,32,get_balance,14.202667007339187,True,
anvil,25795072,100,32,transfer,499.6327920089243,True,
anvil,25795072,100,32,transfer,486.76549999800045,True,
anvil,25795072,100,32,discard,3.7974170118104666,True,
anvil,25795072,100,33,acquire,8649.066625002888,True,
anvil,25795072,100,33,set_balance,149.82083298673388,True,
anvil,25795072,100,33,get_balance,12.012334002065472,True,
anvil,25795072,100,33,swap_eth_for_token,3749.69420900743,True,
anvil,25795072,100,33,get_balance,2.166292004403658,True,
anvil,25795072,100,33,fund_token,0.827958996524103,True,
anvil,25795072,100,33,swap_eth_for_token,249.89908299176022,True,
anvil,25795072,100,33,discard,3.7887090002186596,True,
anvil,25795072,100,34,acquire,4964.3242089950945,True,
anvil,25795072,100,34,set_balance,1277.633749996312,True,
anvil,25795072,100,34,swap_eth_for_token,3637.092292003217,True,
anvil,25795072,100,34,get_balance,1.5641249920008704,True,
anvil,25795072,100,34,fund_token,0.6061659951228648,True,
anvil,25795072,100,34,transfer,489.4207499892218,True,
anvil,25795072,100,34,swap_eth_for_token,266.48320800450165,True,
anvil,25795072,100,34,discard,5.117958004120737,True,
anvil,25795072,100,35,acquire,7594.385958000203,True,
anvil,25795072,100,35,set_balance,145.43112499814015,True,
anvil,25795072,100,35,swap_eth_for_token,2641.177458994207,True,
anvil,25795072,100,35,swap_eth_for_token,267.4148330115713,True,
anvil,25795072,100,35,swap_eth_for_token,246.67316699924413,True,
anvil,25795072,100,35,swap_eth_for_token,254.86266599909868,True,
anvil,25795072,100,35,swap_eth_for_token,256.6784579976229,True,
anvil,25795072,100,35,discard,3.8031250005587935,True,
anvil,25795072,100,36,acquire,4050.233916990692,True,
anvil,25795072,100,36,set_balance,1360.4999590024818,True,
anvil,25795072,100,36,swap_eth_for_token,3624.3067080067704,True,
anvil,25795072,100,36,transfer,505.93474999186583,True,
anvil,25795072,100,36,transfer,487.01070800598245,True,
anvil,25795072,100,36,get_balance,1.9029590039281175,True,
anvil,25795072,100,36,swap_eth_for_token,256.76766599644907,True,
anvil,25795072,100,36,discard,9.161125009995885,True,
anvil,25795072,100,37,acquire,5758.503958990332,True,
anvil,25795072,100,37,set_balance,146.94158401107416,True,
anvil,25795072,100,37,transfer,1898.7509579892503,True,
anvil,25795072,100,37,swap_eth_for_token,3438.7361249973765,True,
anvil,25795072,100,37,transfer,502.65366600069683,True,
anvil,25795072,100,37,swap_eth_for_token,279.3232920084847,True,
anvil,25795072,100,37,fund_token,5.204832996241748,True,
anvil,25795072,100,37,discard,5.263334009214304,True,
anvil,25795072,100,38,acquire,5733.3625000028405,True,
anvil,25795072,100,38,set_balance,148.10229200520553,True,
anvil,25795072,100,38,fund_token,146.69912499084603,True,
anvil,25795072,100,38,transfer,1907.4930420028977,True,
anvil,25795072,100,38,swap_eth_for_token,3101.4360419940203,True,
anvil,25795072,100,38,swap_eth_for_token,257.07445899024606,True,
anvil,25795072,100,38,approve,503.7789170019096,True,
anvil,25795072,100,38,discard,3.829416004009545,True,
anvil,25795072,100,39,acquire,7182.966416992713,True,
anvil,25795072,100,39,set_balance,143.87933400576003,True,
anvil,25795072,100,39,get_balance,3.8280410080915317,True,
anvil,25795072,100,39,fund_token,142.37037500424776,True,
anvil,25795072,100,39,get_balance,6.661792009253986,True,
anvil,25795072,100,39,fund_token,1.7325840017292649,True,
anvil,25795072,100,39,swap_eth_for_token,3402.5909589981893,True,
anvil,25795072,100,39,discard,4.006750008556992,True,
anvil,25795072,100,40,acquire,4093.9112920023035,True,
anvil,25795072,100,40,set_balance,153.81104199332185,True,
anvil,25795072,100,40,fund_token,146.34700000169687,True,
anvil,25795072,100,40,get_balance,1.9202499970560893,True,
anvil,25795072,100,40,get_balance,1.3380409945966676,True,
anvil,25795072,100,40,swap_eth_for_token,4610.5025409924565,True,
anvil,25795072,100,40,fund_token,3.500791994156316,True,
anvil,25795072,100,40,discard,10.639792002621107,True,
anvil,25795072,100,41,acquire,5721.064625002327,True,
anvil,25795072,100,41,set_balance,149.04420801030938,True,
anvil,25795072,100,41,fund_token,147.2057500068331,True,
anvil,25795072,100,41,get_balance,18.31895900249947,True,
anvil,25795072,100,41,fund_token,9.180207998724654,True,
anvil,25795072,100,41,approve,1903.9621660049306,True,
anvil,25795072,100,41,swap_token_for_token,2401.3826250011334,True,
anvil,25795072,100,41,discard,5.7587499904911965,True,
anvil,25795072,100,42,acquire,8624.224583996693,True,
anvil,25795072,100,42,set_balance,143.4586249961285,True,
anvil,25795072,100,42,transfer,1739.0630000008969,True,
anvil,25795072,100,42,swap_eth_for_token,2183.710625002277,True,
anvil,25795072,100,42,get_balance,3.2152909989235923,True,
anvil,25795072,100,42,transfer,504.3100839975523,True,
anvil,25795072,100,42,fund_token,1.7487090080976486,True,
anvil,25795072,100,42,discard,3.817124990746379,True,
anvil,25795072,100,43,acquire,7752.216666005552,True,
anvil,25795072,100,43,set_balance,149.38162500038743,True,
anvil,25795072,100,43,transfer,1719.5019160135416,True,
anvil,25795072,100,43,get_balance,3.095416002906859,True,
anvil,25795072,100,43,swap_eth_for_token,2203.2460839982377,True,
anvil,25795072,100,43,fund_token,0.5467500013764948,True,
anvil,25795072,100,43,approve,505.04891699529253,True,
anvil,25795072,100,43,discard,8.846500000800006,True,
anvil,25795072,100,44,acquire,7537.859540985664,True,
anvil,25795072,100,44,set_balance,155.3204999945592,True,
anvil,25795072,100,44,fund_token,149.31266699568368,True,
anvil,25795072,100,44,get_balance,3.6128750070929527,True,
anvil,25795072,100,44,get_balance,6.441333011025563,True,
anvil,25795072,100,44,transfer,744.3737499997951,True,
anvil,25795072,100,44,transfer,513.939707991085,True,
anvil,25795072,100,44,discard,3.8315000128932297,True,
anvil,25795072,100,45,acquire,8612.373582989676,True,
anvil,25795072,100,45,set_balance,144.47650000511203,True,
anvil,25795072,100,45,swap_eth_for_token,2464.217250002548,True,
anvil,25795072,100,45,fund_token,2.862542009097524,True,
anvil,25795072,100,45,transfer,493.1395000021439,True,
anvil,25795072,100,45,swap_eth_for_token,267.6050000009127,True,
anvil,25795072,100,45,transfer,494.0890409925487,True,
anvil,25795072,100,45,discard,3.799750003963709,True,
anvil,25795072,100,46,acquire,4057.2460000112187,True,
anvil,25795072,100,46,set_balance,168.32312500628177,True,
anvil,25795072,100,46,transfer,1737.9186250036582,True,
anvil,25795072,100,46,transfer,1657.6875419996213,True,
anvil,25795072,100,46,get_balance,10.927457988145761,True,
anvil,25795072,100,46,transfer,1638.226458002464,True,
anvil,25795072,100,46,swap_eth_for_token,2213.044207994244,True,
anvil,25795072,100,46,discard,2.9582499992102385,True,
anvil,25795072,100,47,acquire,4017.1202090132283,True,
anvil,25795072,100,47,set_balance,1302.3079999984475,True,
anvil,25795072,100,47,swap_eth_for_token,4887.3969160049455,True,
anvil,25795072,100,47,fund_token,0.9720420057419688,True,
anvil,25795072,100,47,approve,498.92058299155906,True,
anvil,25795072,100,47,approve,254.20037499861792,True,
anvil,25795072,100,47,approve,249.62575000245124,True,
anvil,25795072,100,47,discard,2.435207992675714,True,
anvil,25795072,100,48,acquire,7526.231417010422,True,
anvil,25795072,100,48,set_balance,140.89687500381842,True,
anvil,25795072,100,48,swap_eth_for_token,2622.0146660052706,True,
anvil,25795072,100,48,swap_eth_for_token,259.5958339952631,True,
anvil,25795072,100,48,fund_token,0.5708749959012493,True,
anvil,25795072,100,48,get_balance,1.385374998790212,True,
anvil,25795072,100,48,fund_token,0.5649999948218465,True,
anvil,25795072,100,48,discard,3.913083011866547,True,
anvil,25795072,100,49,acquire,8632.946790996357,True,
anvil,25795072,100,49,set_balance,151.3414999935776,True,
anvil,25795072,100,49,transfer,778.7095000094268,True,
anvil,25795072,100,49,fund_token,148.36395799648017,True,
anvil,25795072,100,49,swap_eth_for_token,1968.6193340021418,True,
anvil,25795072,100,49,transfer,517.9419579944806,True,
anvil,25795072,100,49,get_balance,2.3820829956093803,True,
anvil,25795072,100,49,discard,3.8006670074537396,True,
anvil,25795072,100,50,acquire,4486.724083006266,True,
anvil,25795072,100,50,set_balance,142.3374169971794,True,
anvil,25795072,100,50,fund_token,147.2811670100782,True,
anvil,25795072,100,50,swap_eth_for_token,5730.919834008091,True,
anvil,25795072,100,50,fund_token,0.5560419958783314,True,
anvil,25795072,100,50,transfer,498.40641701302957,True,
anvil,25795072,100,50,get_balance,2.575708000222221,True,
anvil,25795072,100,50,discard,3.9632919942960143,True,
anvil,25795072,100,51,acquire,8626.498792000348,True,
anvil,25795072,100,51,set_balance,145.72604199929629,True,
anvil,25795072,100,51,get_balance,29.360333006479777,True,
anvil,25795072,100,51,get_balance,9.079915995243937,True,
anvil,25795072,100,51,swap_eth_for_token,2595.802708994597,True,
anvil,25795072,100,51,fund_token,0.8722079946892336,True,
anvil,25795072,100,51,approve,500.2033750060946,True,
anvil,25795072,100,51,discard,5.975791995297186,True,
anvil,25795072,100,52,acquire,4685.842207996757,True,
anvil,25795072,100,52,set_balance,1274.9063749943161,True,
anvil,25795072,100,52,swap_eth_for_token,4278.547249996336,True,
anvil,25795072,100,52,fund_token,1.2534580018837005,True,
anvil,25795072,100,52,fund_token,0.8749580010771751,True,
anvil,25795072,100,52,get_balance,1.5903750027064234,True,
anvil,25795072,100,52,fund_token,0.6651250005234033,True,
anvil,25795072,100,52,discard,3.8160830008564517,True,
anvil,25795072,100,53,acquire,8540.57820799062,True,
anvil,25795072,100,53,set_balance,147.69012499891687,True,
anvil,25795072,100,53,get_balance,15.841165994061157,True,
anvil,25795072,100,53,fund_token,155.13183300208766,True,
anvil,25795072,100,53,fund_token,1.0280420101480559,True,
anvil,25795072,100,53,transfer,1875.7200410036603,True,
anvil,25795072,100,53,swap_eth_for_token,1955.2287910046289,True,
anvil,25795072,100,53,discard,3.8530000019818544,True,
anvil,25795072,100,54,acquire,7562.901625002269,True,
anvil,25795072,100,54,set_balance,149.8180409980705,True,
anvil,25795072,100,54,get_balance,15.192708000540733,True,
anvil,25795072,100,54,swap_eth_for_token,3652.219541007071,True,
anvil,25795072,100,54,fund_token,0.7106249977368861,True,
anvil,25795072,100,54,get_balance,1.544458995340392,True,
anvil,25795072,100,54,swap_eth_for_token,254.71791700692847,True,
anvil,25795072,100,54,discard,3.6558749998221174,True,
anvil,25795072,100,55,acquire,4365.836041994044,True,
anvil,25795072,100,55,set_balance,150.96341700700577,True,
anvil,25795072,100,55,transfer,3035.896415996831,True,
anvil,25795072,100,55,get_balance,16.560583011596464,True,
anvil,25795072,100,55,transfer,513.7741250073304,True,
anvil,25795072,100,55,swap_eth_for_token,3371.4343340107007,True,
anvil,25795072,100,55,swap_eth_for_token,249.01724999654107,True,
anvil,25795072,100,55,discard,3.787417008425109,True,
anvil,25795072,100,56,acquire,5484.471167001175,True,
anvil,25795072,100,56,set_balance,141.3158749928698,True,
anvil,25795072,100,56,transfer,1902.9968330141855,True,
anvil,25795072,100,56,swap_eth_for_token,3401.052166998852,True,
anvil,25795072,100,56,get_balance,1.5475420077564195,True,
anvil,25795072,100,56,swap_eth_for_token,262.98387499991804,True,
anvil,25795072,100,56,swap_eth_for_token,262.56295799976215,True,
anvil,25795072,100,56,discard,2.4371670006075874,True,
anvil,25795072,100,57,acquire,6103.225624989136,True,
anvil,25795072,100,57,set_balance,1281.3288750039646,True,
anvil,25795072,100,57,transfer,740.8377919928171,True,
anvil,25795072,100,57,transfer,495.0873330089962,True,
anvil,25795072,100,57,swap_eth_for_token,2187.120959002641,True,
anvil,25795072,100,57,swap_eth_for_token,254.61562500277068,True,
anvil,25795072,100,57,fund_token,0.6520419992739335,True,
anvil,25795072,100,57,discard,3.828833010629751,True,
anvil,25795072,100,58,acquire,5567.452417002642,True,
anvil,25795072,100,58,set_balance,144.36470800137613,True,
anvil,25795072,100,58,get_balance,1.7439170042052865,True,
anvil,25795072,100,58,get_balance,1.4930830075172707,True,
anvil,25795072,100,58,get_balance,5.016791998059489,True,
anvil,25795072,100,58,fund_token,149.27441699546762,True,
anvil,25795072,100,58,swap_eth_for_token,3373.9475839975057,True,
anvil,25795072,100,58,discard,5.454917001770809,True,
anvil,25795072,100,59,acquire,5455.377083009807,True,
anvil,25795072,100,59,set_balance,149.82716699887533,True,
anvil,25795072,100,59,get_balance,10.547457990469411,True,
anvil,25795072,100,59,fund_token,141.5166670049075,True,
anvil,25795072,100,59,get_balance,2.1564159978879616,True,
anvil,25795072,100,59,transfer,1907.7434580103727,True,
anvil,25795072,100,59,fund_token,9.175250001135282,True,
anvil,25795072,100,59,discard,7.268958986969665,True,
anvil,25795072,100,60,acquire,5506.109957990702,True,
anvil,25795072,100,60,set_balance,145.53508299286477,True,
anvil,25795072,100,60,swap_eth_for_token,4822.1072089945665,True,
anvil,25795072,100,60,get_balance,2.265832998091355,True,
anvil,25795072,100,60,get_balance,1.2897090055048466,True,
anvil,25795072,100,60,fund_token,0.49258299986831844,True,
anvil,25795072,100,60,transfer,492.7803339960519,True,
anvil,25795072,100,60,discard,3.7877089926041663,True,
anvil,25795072,100,61,acquire,8455.947708003805,True,
anvil,25795072,100,61,set_balance,146.1425000015879,True,
anvil,25795072,100,61,fund_token,157.10812500037719,True,
anvil,25795072,100,61,approve,1721.3912919978611,True,
anvil,25795072,100,61,swap_eth_for_token,1954.9767919961596,True,
anvil,25795072,100,61,swap_token_for_token,502.14695899921935,True,
anvil,25795072,100,61,swap_eth_for_token,253.1099999905564,True,
anvil,25795072,100,61,discard,3.8324579945765436,True,
anvil,25795072,100,62,acquire,5848.060958000133,True,
anvil,25795072,100,62,set_balance,143.2280000008177,True,
anvil,25795072,100,62,get_balance,6.187375009176321,True,
anvil,25795072,100,62,get_balance,13.737999994191341,True,
anvil,25795072,100,62,swap_eth_for_token,3589.301957996213,True,
anvil,25795072,100,62,get_balance,2.6792919961735606,True,
anvil,25795072,100,62,get_balance,1.62899999122601,True,
anvil,25795072,100,62,discard,3.781457999139093,True,
anvil,25795072,100,63,acquire,4108.3488750009565,True,
anvil,25795072,100,63,set_balance,152.11533301044255,True,
anvil,25795072,100,63,fund_token,147.6020830014022,True,
anvil,25795072,100,63,swap_eth_for_token,4516.058124994743,True,
anvil,25795072,100,63,fund_token,1.3433749991236255,True,
anvil,25795072,100,63,fund_token,0.9334169881185517,True,
anvil,25795072,100,63,transfer,511.10829100070987,True,
anvil,25795072,100,63,discard,4.125082996324636,True,
anvil,25795072,100,64,acquire,5628.318082992337,True,
anvil,25795072,100,64,set_balance,144.8526669992134,True,
anvil,25795072,100,64,fund_token,140.3280420054216,True,
anvil,25795072,100,64,approve,1895.3038750041742,True,
anvil,25795072,100,64,get_balance,4.030750002129935,True,
anvil,25795072,100,64,swap_token_for_token,1958.5150420025457,True,
anvil,25795072,100,64,fund_token,1.5452079969691113,True,
anvil,25795072,100,64,discard,3.8174170040292665,True,
anvil,25795072,100,65,acquire,5634.822832987993,True,
anvil,25795072,100,65,set_balance,148.76854199974332,True,
anvil,25795072,100,65,fund_token,152.19829199486412,True,
anvil,25795072,100,65,swap_eth_for_token,3403.3360409957822,True,
anvil,25795072,100,65,fund_token,3.5766669898293912,True,
anvil,25795072,100,65,approve,495.28683300013654,True,
anvil,25795072,100,65,swap_token_for_token,495.8699169947067,True,
anvil,25795072,100,65,discard,3.7889999948674813,True,
anvil,25795072,100,66,acquire,4759.996249995311,True,
anvil,25795072,100,66,set_balance,1285.9356249973644,True,
anvil,25795072,100,66,transfer,1906.2968749931315,True,
anvil,25795072,100,66,fund_token,140.04491599916946,True,
anvil,25795072,100,66,fund_token,1.1007919965777546,True,
anvil,25795072,100,66,swap_eth_for_token,1991.4023340097629,True,
anvil,25795072,100,66,fund_token,1.3244580040918663,True,
anvil,25795072,100,66,discard,6.88349999836646,True,
anvil,25795072,100,67,acquire,6207.012832994224,True,
anvil,25795072,100,67,set_balance,1279.366167000262,True,
anvil,25795072,100,67,transfer,1733.710083994083,True,
anvil,25795072,100,67,fund_token,144.87375000317115,True,
anvil,25795072,100,67,fund_token,0.7262500002980232,True,
anvil,25795072,100,67,approve,490.67808399559,True,
anvil,25795072,100,67,approve,248.0388749972917,True,
anvil,25795072,100,67,discard,4.203417003736831,True,
anvil,25795072,100,68,acquire,5475.380874995608,True,
anvil,25795072,100,68,set_balance,141.7153749935096,True,
anvil,25795072,100,68,fund_token,137.73237499117386,True,
anvil,25795072,100,68,approve,1891.7734160058899,True,
anvil,25795072,100,68,fund_token,4.609958006767556,True,
anvil,25795072,100,68,swap_token_for_token,3191.3408749969676,True,
anvil,25795072,100,68,get_balance,1.9579590007197112,True,
anvil,25795072,100,68,discard,3.8090839952928945,True,
anvil,25795072,100,69,acquire,3918.822249994264,True,
anvil,25795072,100,69,set_balance,171.13079098635353,True,
anvil,25795072,100,69,transfer,2011.5415830077836,True,
anvil,25795072,100,69,get_balance,1.4392090088222176,True,
anvil,25795072,100,69,swap_eth_for_token,4007.4477500020294,True,
anvil,25795072,100,69,fund_token,1.7495829961262643,True,
anvil,25795072,100,69,fund_token,0.7512080046581104,True,
anvil,25795072,100,69,discard,4.36254199303221,True,
anvil,25795072,100,70,acquire,5609.4864170008805,True,
anvil,25795072,100,70,set_balance,153.83104200009257,True,
anvil,25795072,100,70,transfer,1946.3621250033611,True,
anvil,25795072,100,70,fund_token,148.423291000654,True,
anvil,25795072,100,70,get_balance,1.8917919951491058,True,
anvil,25795072,100,70,transfer,502.45245899714064,True,
anvil,25795072,100,70,approve,523.4782909974456,True,
anvil,25795072,100,70,discard,7.741249995888211,True,
anvil,25795072,100,71,acquire,8362.197584006935,True,
anvil,25795072,100,71,set_balance,147.352583007887,True,
anvil,25795072,100,71,swap_eth_for_token,2618.081417007488,True,
anvil,25795072,100,71,swap_eth_for_token,247.89137499465141,True,
anvil,25795072,100,71,get_balance,4.7300829901359975,True,
anvil,25795072,100,71,transfer,493.278833993827,True,
anvil,25795072,100,71,transfer,499.4733330095187,True,
anvil,25795072,100,71,discard,3.8067499990575016,True,
anvil,25795072,100,72,acquire,4667.969583999366,True,
anvil,25795072,100,72,set_balance,138.70208400476258,True,
anvil,25795072,100,72,transfer,735.2609589870553,True,
anvil,25795072,100,72,swap_eth_for_token,3351.496707997285,True,
anvil,25795072,100,72,swap_eth_for_token,244.0508330037119,True,
anvil,25795072,100,72,swap_eth_for_token,249.0890000044601,True,
anvil,25795072,100,72,fund_token,0.8987080072984099,True,
anvil,25795072,100,72,discard,3.788582995184697,True,
anvil,25795072,100,73,acquire,4368.5690840065945,True,
anvil,25795072,100,73,set_balance,138.74612501240335,True,
anvil,25795072,100,73,swap_eth_for_token,6001.783707994036,True,
anvil,25795072,100,73,fund_token,0.6681670056423172,True,
anvil,25795072,100,73,fund_token,0.6657499907305464,True,
anvil,25795072,100,73,approve,482.7377500041621,True,
anvil,25795072,100,73,fund_token,0.5904169956920668,True,
anvil,25795072,100,73,discard,3.8252090016612783,True,
anvil,25795072,100,74,acquire,4643.120834007277,True,
anvil,25795072,100,74,set_balance,1276.8954999919515,True,
anvil,25795072,100,74,transfer,1877.7563329931581,True,
anvil,25795072,100,74,transfer,502.10995800443925,True,
anvil,25795072,100,74,get_balance,1.6937909967964515,True,
anvil,25795072,100,74,swap_eth_for_token,3459.9309170007473,True,
anvil,25795072,100,74,fund_token,1.5055830008350313,True,
anvil,25795072,100,74,discard,4.009417010820471,True,
anvil,25795072,100,75,acquire,4632.574916991871,True,
anvil,25795072,100,75,set_balance,146.93654199072625,True,
anvil,25795072,100,75,fund_token,2430.528124998091,True,
anvil,25795072,100,75,fund_token,1.2153330026194453,True,
anvil,25795072,100,75,approve,761.5969999897061,True,
anvil,25795072,100,75,transfer,492.73954099044204,True,
anvil,25795072,100,75,transfer,1632.2961660043802,True,
anvil,25795072,100,75,discard,3.6430830077733845,True,
anvil,25795072,100,76,acquire,8439.947457998642,True,
anvil,25795072,100,76,set_balance,143.0664159997832,True,
anvil,25795072,100,76,swap_eth_for_token,2472.75187500054,True,
anvil,25795072,100,76,fund_token,1.1077500093961135,True,
anvil,25795072,100,76,swap_eth_for_token,260.8599579980364,True,
anvil,25795072,100,76,fund_token,1.244042010512203,True,
anvil,25795072,100,76,swap_eth_for_token,249.71354099398013,True,
anvil,25795072,100,76,discard,6.828666999354027,True,
anvil,25795072,100,77,acquire,5332.888707998791,True,
anvil,25795072,100,77,set_balance,155.1344580075238,True,
anvil,25795072,100,77,swap_eth_for_token,3670.04683399864,True,
anvil,25795072,100,77,get_balance,1.5357499942183495,True,
anvil,25795072,100,77,get_balance,1.6063329967437312,True,
anvil,25795072,100,77,swap_eth_for_token,262.25770900782663,True,
anvil,25795072,100,77,get_balance,5.049708008300513,True,
anvil,25795072,100,77,discard,5.451582997920923,True,
anvil,25795072,100,78,acquire,3837.736916990252,True,
anvil,25795072,100,78,set_balance,1291.7431250098161,True,
anvil,25795072,100,78,get_balance,3.7439589941641316,True,
anvil,25795072,100,78,swap_eth_for_token,4869.669749998138,True,
anvil,25795072,100,78,fund_token,0.8356670005014166,True,
anvil,25795072,100,78,get_balance,2.2080829949118197,True,
anvil,25795072,100,78,get_balance,2.0362499926704913,True,
anvil,25795072,100,78,discard,6.295915998634882,True,
anvil,25795072,100,79,acquire,7336.371749988757,True,
anvil,25795072,100,79,set_balance,150.92749999894295,True,
anvil,25795072,100,79,get_balance,13.84966699697543,True,
anvil,25795072,100,79,swap_eth_for_token,2628.4688750019995,True,
anvil,25795072,100,79,get_balance,8.765332997427322,True,
anvil,25795072,100,79,fund_token,8.43345899193082,True,
anvil,25795072,100,79,transfer,505.4276659939205,True,
anvil,25795072,100,79,discard,3.792165996856056,True,
anvil,25795072,100,80,acquire,5457.422082996345,True,
anvil,25795072,100,80,set_balance,153.6960000084946,True,
anvil,25795072,100,80,swap_eth_for_token,3628.701624998939,True,
anvil,25795072,100,80,fund_token,0.5717919993912801,True,
anvil,25795072,100,80,swap_eth_for_token,250.7925000099931,True,
anvil,25795072,100,80,swap_eth_for_token,250.5408750002971,True,
anvil,25795072,100,80,approve,495.2650420018472,True,
anvil,25795072,100,80,discard,3.810624999459833,True,
anvil,25795072,100,81,acquire,7336.676082995837,True,
anvil,25795072,100,81,set_balance,142.53850000386592,True,
anvil,25795072,100,81,fund_token,153.7484169966774,True,
anvil,25795072,100,81,approve,765.3705419943435,True,
anvil,25795072,100,81,transfer,501.7320000042673,True,
anvil,25795072,100,81,get_balance,2.010291995247826,True,
anvil,25795072,100,81,swap_token_for_token,1968.482625001343,True,
anvil,25795072,100,81,discard,3.8010419957572594,True,
anvil,25795072,100,82,acquire,4260.029083001427,True,
anvil,25795072,100,82,set_balance,142.81391599797644,True,
anvil,25795072,100,82,get_balance,1.9102919904980808,True,
anvil,25795072,100,82,swap_eth_for_token,5823.668625002028,True,
anvil,25795072,100,82,get_balance,1.4371249999385327,True,
anvil,25795072,100,82,get_balance,1.419457999872975,True,
anvil,25795072,100,82,fund_token,0.5763749941252172,True,
anvil,25795072,100,82,discard,4.01058400166221,True,
anvil,25795072,100,83,acquire,7355.448207992595,True,
anvil,25795072,100,83,set_balance,143.38187499379274,True,
anvil,25795072,100,83,fund_token,145.53662500111386,True,
anvil,25795072,100,83,transfer,748.2014999986859,True,
anvil,25795072,100,83,fund_token,6.6110000043408945,True,
anvil,25795072,100,83,transfer,1641.7369160044473,True,
anvil,25795072,100,83,get_balance,4.3776669917861,True,
anvil,25795072,100,83,discard,4.340625004260801,True,
anvil,25795072,100,84,acquire,3839.4132090033963,True,
anvil,25795072,100,84,set_balance,169.85104100604076,True,
anvil,25795072,100,84,swap_eth_for_token,4773.924208013341,True,
anvil,25795072,100,84,fund_token,0.767374993301928,True,
anvil,25795072,100,84,approve,492.20529200101737,True,
anvil,25795072,100,84,fund_token,0.5620419979095459,True,
anvil,25795072,100,84,approve,247.69933299103286,True,
anvil,25795072,100,84,discard,3.862249999656342,True,
anvil,25795072,100,85,acquire,8345.053834011196,True,
anvil,25795072,100,85,set_balance,148.31379099632613,True,
anvil,25795072,100,85,get_balance,1.4149159978842363,True,
anvil,25795072,100,85,swap_eth_for_token,2443.2291249977425,True,
anvil,25795072,100,85,get_balance,1.5669580025132746,True,
anvil,25795072,100,85,swap_eth_for_token,253.8307079958031,True,
anvil,25795072,100,85,fund_token,0.7685419986955822,True,
anvil,25795072,100,85,discard,3.818541008513421,True,
anvil,25795072,100,86,acquire,7561.749000000418,True,
anvil,25795072,100,86,set_balance,150.26770799886435,True,
anvil,25795072,100,86,transfer,737.9723750054836,True,
anvil,25795072,100,86,transfer,506.5799169969978,True,
anvil,25795072,100,86,swap_eth_for_token,2189.2253330006497,True,
anvil,25795072,100,86,transfer,491.2634159991285,True,
anvil,25795072,100,86,fund_token,0.7522080122726038,True,
anvil,25795072,100,86,discard,3.822667000349611,True,
anvil,25795072,100,87,acquire,8342.58625000075,True,
anvil,25795072,100,87,set_balance,152.11570900282823,True,
anvil,25795072,100,87,get_balance,12.187416999950074,True,
anvil,25795072,100,87,transfer,1756.6269590024604,True,
anvil,25795072,100,87,swap_eth_for_token,2220.5126249900786,True,
anvil,25795072,100,87,transfer,496.0412500076927,True,
anvil,25795072,100,87,transfer,516.9332919904264,True,
anvil,25795072,100,87,discard,8.992167000542395,True,
anvil,25795072,100,88,acquire,6115.610916007427,True,
anvil,25795072,100,88,set_balance,1274.0706249896903,True,
anvil,25795072,100,88,fund_token,142.619125006604,True,
anvil,25795072,100,88,swap_eth_for_token,3436.9387499900768,True,
anvil,25795072,100,88,transfer,497.48941700090654,True,
anvil,25795072,100,88,swap_eth_for_token,275.53095799521543,True,
anvil,25795072,100,88,get_balance,3.4478330053389072,True,
anvil,25795072,100,88,discard,7.549624991952442,True,
anvil,25795072,100,89,acquire,4445.645874991897,True,
anvil,25795072,100,89,set_balance,1283.937916989089,True,
anvil,25795072,100,89,transfer,1900.8165830018697,True,
anvil,25795072,100,89,get_balance,1.45929200516548,True,
anvil,25795072,100,89,transfer,499.2025840037968,True,
anvil,25795072,100,89,fund_token,148.02862500073388,True,
anvil,25795072,100,89,get_balance,12.189708999358118,True,
anvil,25795072,100,89,discard,3.7937080051051453,True,
anvil,25795072,100,90,acquire,5413.801874994533,True,
anvil,25795072,100,90,set_balance,149.42645900009666,True,
anvil,25795072,100,90,get_balance,12.716917000943795,True,
anvil,25795072,100,90,fund_token,165.0957079982618,True,
anvil,25795072,100,90,swap_eth_for_token,4555.235833002371,True,
anvil,25795072,100,90,approve,498.1653750000987,True,
anvil,25795072,100,90,fund_token,0.6126249936642125,True,
anvil,25795072,100,90,discard,3.7928340025246143,True,
anvil,25795072,100,91,acquire,3801.3801670022076,True,
anvil,25795072,100,91,set_balance,171.25529200711753,True,
anvil,25795072,100,91,transfer,1900.1124580099713,True,
anvil,25795072,100,91,get_balance,3.8410000124713406,True,
anvil,25795072,100,91,fund_token,1278.2231669989415,True,
anvil,25795072,100,91,fund_token,1.6021670016925782,True,
anvil,25795072,100,91,swap_eth_for_token,2854.566167006851,True,
anvil,25795072,100,91,discard,3.8067909918027,True,
anvil,25795072,100,92,acquire,4411.830750002991,True,
anvil,25795072,100,92,set_balance,154.3664579949109,True,
anvil,25795072,100,92,fund_token,145.8076249982696,True,
anvil,25795072,100,92,transfer,2530.484000002616,True,
anvil,25795072,100,92,get_balance,2.4480840074829757,True,
anvil,25795072,100,92,approve,510.5333750107093,True,
anvil,25795072,100,92,transfer,509.09920799313113,True,
anvil,25795072,100,92,discard,4.435916998772882,True,
anvil,25795072,100,93,acquire,5230.17224999785,True,
anvil,25795072,100,93,set_balance,145.5089999944903,True,
anvil,25795072,100,93,fund_token,140.91504100360908,True,
anvil,25795072,100,93,transfer,1874.3811669992283,True,
anvil,25795072,100,93,swap_eth_for_token,3147.545249987161,True,
anvil,25795072,100,93,get_balance,3.2155000080820173,True,
anvil,25795072,100,93,transfer,485.74370800633915,True,
anvil,25795072,100,93,discard,2.3474579938920215,True,
anvil,25795072,100,94,acquire,7345.290500001283,True,
anvil,25795072,100,94,set_balance,147.76329199958127,True,
anvil,25795072,100,94,get_balance,21.30566700361669,True,
anvil,25795072,100,94,swap_eth_for_token,3725.987416008138,True,
anvil,25795072,100,94,fund_token,1.3024170038988814,True,
anvil,25795072,100,94,fund_token,0.8941249980125576,True,
anvil,25795072,100,94,swap_eth_for_token,259.72899999760557,True,
anvil,25795072,100,94,discard,3.809458008618094,True,
anvil,25795072,100,95,acquire,5454.378374997759,True,
anvil,25795072,100,95,set_balance,152.02712500467896,True,
anvil,25795072,100,95,get_balance,15.484582996577956,True,
anvil,25795072,100,95,transfer,1933.1046669976786,True,
anvil,25795072,100,95,transfer,506.42320900806226,True,
anvil,25795072,100,95,swap_eth_for_token,3472.9549170006067,True,
anvil,25795072,100,95,transfer,497.3265000007814,True,
anvil,25795072,100,95,discard,3.82604100741446,True,
anvil,25795072,100,96,acquire,5124.442000000272,True,
anvil,25795072,100,96,set_balance,151.919292009552,True,
anvil,25795072,100,96,swap_eth_for_token,4819.664292008383,True,
anvil,25795072,100,96,fund_token,1.0497089970158413,True,
anvil,25795072,100,96,transfer,490.49012501200195,True,
anvil,25795072,100,96,transfer,495.9756659955019,True,
anvil,25795072,100,96,get_balance,1.6227500018430874,True,
anvil,25795072,100,96,discard,3.8150829932419583,True,
anvil,25795072,100,97,acquire,5407.425833996967,True,
anvil,25795072,100,97,set_balance,144.78587500343565,True,
anvil,25795072,100,97,get_balance,1.6096250037662685,True,
anvil,25795072,100,97,swap_eth_for_token,3579.2444580001757,True,
anvil,25795072,100,97,transfer,492.27291699207854,True,
anvil,25795072,100,97,transfer,490.69887500081677,True,
anvil,25795072,100,97,swap_eth_for_token,250.29545799770858,True,
anvil,25795072,100,97,discard,3.8297499995678663,True,
anvil,25795072,100,98,acquire,4329.07720899675,True,
anvil,25795072,100,98,set_balance,147.33091699599754,True,
anvil,25795072,100,98,swap_eth_for_token,3746.2177499983227,True,
anvil,25795072,100,98,swap_eth_for_token,267.5294170039706,True,
anvil,25795072,100,98,transfer,531.1892090103356,True,
anvil,25795072,100,98,swap_eth_for_token,256.9950409961166,True,
anvil,25795072,100,98,fund_token,4.479416995309293,True,
anvil,25795072,100,98,discard,5.706916999770328,True,
anvil,25795072,100,99,acquire,4271.119583994732,True,
anvil,25795072,100,99,set_balance,140.2513750072103,True,
anvil,25795072,100,99,fund_token,1269.154959009029,True,
anvil,25795072,100,99,get_balance,16.458749989396892,True,
anvil,25795072,100,99,get_balance,13.632166999741457,True,
anvil,25795072,100,99,get_balance,8.859042005497031,True,
anvil,25795072,100,99,swap_eth_for_token,4581.541209001443,True,
anvil,25795072,100,99,discard,4.092167000635527,True,
anvil,25795072,100,-1,__total__,14016.338250003173,True,
