backend,block_height,num_agents,agent_id,action,elapsed_ms,ok,error
forkyard,25795072,1,0,acquire,3.801667000516318,True,
forkyard,25795072,1,0,read_contract,631.0283329949016,True,
forkyard,25795072,1,0,read_contract,313.7051249941578,True,
forkyard,25795072,1,0,read_contract,339.9200000130804,True,
forkyard,25795072,1,0,read_contract,386.8139580008574,True,
forkyard,25795072,1,0,read_contract,309.4790000031935,True,
forkyard,25795072,1,0,read_contract,373.2655420026276,True,
forkyard,25795072,1,0,read_contract,366.7953749973094,True,
forkyard,25795072,1,0,read_contract,301.78070900728926,True,
forkyard,25795072,1,0,discard,1.4475839998340234,True,
forkyard,25795072,1,-1,__total__,3028.641708995565,True,
anvil,25795072,1,0,acquire,835.9278330026427,True,
anvil,25795072,1,0,read_contract,454.90933301334735,True,
anvil,25795072,1,0,read_contract,307.92824999662116,True,
anvil,25795072,1,0,read_contract,341.61583399691153,True,
anvil,25795072,1,0,read_contract,371.7637500085402,True,
anvil,25795072,1,0,read_contract,299.93804200785235,True,
anvil,25795072,1,0,read_contract,375.3059589944314,True,
anvil,25795072,1,0,read_contract,378.6559580039466,True,
anvil,25795072,1,0,read_contract,303.61933399399277,True,
anvil,25795072,1,0,discard,8.957999991253018,True,
anvil,25795072,1,-1,__total__,3679.0095420001308,True,
forkyard,25795072,5,0,acquire,8.84675000270363,True,
forkyard,25795072,5,0,read_contract,635.0805420079269,True,
forkyard,25795072,5,0,read_contract,360.2461249975022,True,
forkyard,25795072,5,0,read_contract,377.64379200234544,True,
forkyard,25795072,5,0,read_contract,328.1781669938937,True,
forkyard,25795072,5,0,read_contract,326.75925000512507,True,
forkyard,25795072,5,0,read_contract,382.6706659892807,True,
forkyard,25795072,5,0,read_contract,322.0009159995243,True,
forkyard,25795072,5,0,read_contract,336.5386670047883,True,
forkyard,25795072,5,0,discard,3.633291009464301,True,
forkyard,25795072,5,1,acquire,5.182791996048763,True,
forkyard,25795072,5,1,read_contract,639.0556249971269,True,
forkyard,25795072,5,1,read_contract,358.49762499856297,True,
forkyard,25795072,5,1,read_contract,382.0895830140216,True,
forkyard,25795072,5,1,read_contract,321.636207998381,True,
forkyard,25795072,5,1,read_contract,328.9973749924684,True,
forkyard,25795072,5,1,read_contract,380.51066698972136,True,
forkyard,25795072,5,1,read_contract,324.32641700142995,True,
forkyard,25795072,5,1,read_contract,337.9177499882644,True,
forkyard,25795072,5,1,discard,3.425875009270385,True,
forkyard,25795072,5,2,acquire,6.598417006898671,True,
forkyard,25795072,5,2,read_contract,643.7983749929117,True,
forkyard,25795072,5,2,read_contract,352.9713750031078,True,
forkyard,25795072,5,2,read_contract,380.76424998871516,True,
forkyard,25795072,5,2,read_contract,322.76591699337587,True,
forkyard,25795072,5,2,read_contract,326.9134169968311,True,
forkyard,25795072,5,2,read_contract,381.7021249997197,True,
forkyard,25795072,5,2,read_contract,319.7834580059862,True,
forkyard,25795072,5,2,read_contract,341.99204199831,True,
forkyard,25795072,5,2,discard,3.5529589949874207,True,
forkyard,25795072,5,3,acquire,9.634124988224357,True,
forkyard,25795072,5,3,read_contract,638.6156660009874,True,
forkyard,25795072,5,3,read_contract,356.06245799863245,True,
forkyard,25795072,5,3,read_contract,381.65441699675284,True,
forkyard,25795072,5,3,read_contract,318.18845799716655,True,
forkyard,25795072,5,3,read_contract,329.52825000393204,True,
forkyard,25795072,5,3,read_contract,380.7223340118071,True,
forkyard,25795072,5,3,read_contract,326.661792001687,True,
forkyard,25795072,5,3,read_contract,336.36258299520705,True,
forkyard,25795072,5,3,discard,2.8672499902313575,True,
forkyard,25795072,5,4,acquire,9.338249990832992,True,
forkyard,25795072,5,4,read_contract,634.5676249911776,True,
forkyard,25795072,5,4,read_contract,358.69370799628086,True,
forkyard,25795072,5,4,read_contract,383.3503749920055,True,
forkyard,25795072,5,4,read_contract,319.94145800126716,True,
forkyard,25795072,5,4,read_contract,327.1741659991676,True,
forkyard,25795072,5,4,read_contract,381.73824999830686,True,
forkyard,25795072,5,4,read_contract,317.8288749913918,True,
forkyard,25795072,5,4,read_contract,344.6126250055386,True,
forkyard,25795072,5,4,discard,2.222417009761557,True,
forkyard,25795072,5,-1,__total__,3082.2202499984996,True,
anvil,25795072,5,0,acquire,1057.4673329974758,True,
anvil,25795072,5,0,read_contract,514.2945410043467,True,
anvil,25795072,5,0,read_contract,379.25591599196196,True,
anvil,25795072,5,0,read_contract,292.122124999878,True,
anvil,25795072,5,0,read_contract,378.71041700418573,True,
anvil,25795072,5,0,read_contract,374.8999170056777,True,
anvil,25795072,5,0,read_contract,295.6520420120796,True,
anvil,25795072,5,0,read_contract,366.4533750124974,True,
anvil,25795072,5,0,read_contract,291.05475000687875,True,
anvil,25795072,5,0,discard,3.8038750062696636,True,
anvil,25795072,5,1,acquire,851.7306249996182,True,
anvil,25795072,5,1,read_contract,474.37645800528117,True,
anvil,25795072,5,1,read_contract,381.92899999557994,True,
anvil,25795072,5,1,read_contract,384.9119590013288,True,
anvil,25795072,5,1,read_contract,291.93466700962745,True,
anvil,25795072,5,1,read_contract,372.1824579988606,True,
anvil,25795072,5,1,read_contract,372.2915409889538,True,
anvil,25795072,5,1,read_contract,288.1786249927245,True,
anvil,25795072,5,1,read_contract,288.5607079952024,True,
anvil,25795072,5,1,discard,8.964042004663497,True,
anvil,25795072,5,2,acquire,849.9721249972936,True,
anvil,25795072,5,2,read_contract,482.68612498941366,True,
anvil,25795072,5,2,read_contract,367.1521659998689,True,
anvil,25795072,5,2,read_contract,392.4527499912074,True,
anvil,25795072,5,2,read_contract,387.0897079905262,True,
anvil,25795072,5,2,read_contract,300.64837500685826,True,
anvil,25795072,5,2,read_contract,349.70700000121724,True,
anvil,25795072,5,2,read_contract,287.28787500585895,True,
anvil,25795072,5,2,read_contract,286.9234590034466,True,
anvil,25795072,5,2,discard,3.8879169878782704,True,
anvil,25795072,5,3,acquire,834.9287080054637,True,
anvil,25795072,5,3,read_contract,484.60162499395665,True,
anvil,25795072,5,3,read_contract,375.08633399556857,True,
anvil,25795072,5,3,read_contract,392.7099170105066,True,
anvil,25795072,5,3,read_contract,388.85345800372306,True,
anvil,25795072,5,3,read_contract,299.2161670117639,True,
anvil,25795072,5,3,read_contract,539.4162500015227,True,
anvil,25795072,5,3,read_contract,335.8873749966733,True,
anvil,25795072,5,3,read_contract,289.0911670110654,True,
anvil,25795072,5,3,discard,3.824416999123059,True,
anvil,25795072,5,4,acquire,838.0482080101501,True,
anvil,25795072,5,4,read_contract,486.92666600982193,True,
anvil,25795072,5,4,read_contract,377.35312500444707,True,
anvil,25795072,5,4,read_contract,386.6242080111988,True,
anvil,25795072,5,4,read_contract,382.5593750079861,True,
anvil,25795072,5,4,read_contract,303.62841700844,True,
anvil,25795072,5,4,read_contract,558.296250004787,True,
anvil,25795072,5,4,read_contract,399.0334590052953,True,
anvil,25795072,5,4,read_contract,303.1983749970095,True,
anvil,25795072,5,4,discard,3.930958002456464,True,
anvil,25795072,5,-1,__total__,4052.236167000956,True,
forkyard,25795072,10,0,acquire,19.480125003610738,True,
forkyard,25795072,10,0,read_contract,612.9557910026051,True,
forkyard,25795072,10,0,read_contract,333.3707499987213,True,
forkyard,25795072,10,0,read_contract,359.9266249948414,True,
forkyard,25795072,10,0,read_contract,366.0010829917155,True,
forkyard,25795072,10,0,read_contract,360.2362920064479,True,
forkyard,25795072,10,0,read_contract,335.5240840028273,True,
forkyard,25795072,10,0,read_contract,360.0401660078205,True,
forkyard,25795072,10,0,read_contract,329.6335829945747,True,
forkyard,25795072,10,0,discard,5.172749995836057,True,
forkyard,25795072,10,1,acquire,22.005792008712888,True,
forkyard,25795072,10,1,read_contract,602.6931669912301,True,
forkyard,25795072,10,1,read_contract,349.76033298880793,True,
forkyard,25795072,10,1,read_contract,345.79358299379237,True,
forkyard,25795072,10,1,read_contract,373.07029200019315,True,
forkyard,25795072,10,1,read_contract,355.0516669929493,True,
forkyard,25795072,10,1,read_contract,341.5777079935651,True,
forkyard,25795072,10,1,read_contract,355.5105840059696,True,
forkyard,25795072,10,1,read_contract,330.27537498855963,True,
forkyard,25795072,10,1,discard,6.615250007598661,True,
forkyard,25795072,10,2,acquire,16.26354199834168,True,
forkyard,25795072,10,2,read_contract,607.9584999970393,True,
forkyard,25795072,10,2,read_contract,340.45291699294467,True,
forkyard,25795072,10,2,read_contract,361.4190829975996,True,
forkyard,25795072,10,2,read_contract,363.223916006973,True,
forkyard,25795072,10,2,read_contract,356.0148329997901,True,
forkyard,25795072,10,2,read_contract,349.7602499992354,True,
forkyard,25795072,10,2,read_contract,346.41787500004284,True,
forkyard,25795072,10,2,read_contract,336.374791993876,True,
forkyard,25795072,10,2,discard,4.389499998069368,True,
forkyard,25795072,10,3,acquire,25.970750008127652,True,
forkyard,25795072,10,3,read_contract,599.4254580000415,True,
forkyard,25795072,10,3,read_contract,337.81170900329016,True,
forkyard,25795072,10,3,read_contract,354.6554170025047,True,
forkyard,25795072,10,3,read_contract,376.2851670035161,True,
forkyard,25795072,10,3,read_contract,361.65408400120214,True,
forkyard,25795072,10,3,read_contract,332.9350409912877,True,
forkyard,25795072,10,3,read_contract,360.76004200731404,True,
forkyard,25795072,10,3,read_contract,324.88437500433065,True,
forkyard,25795072,10,3,discard,5.585500010056421,True,
forkyard,25795072,10,4,acquire,11.550208990229294,True,
forkyard,25795072,10,4,read_contract,611.714500002563,True,
forkyard,25795072,10,4,read_contract,346.5412500081584,True,
forkyard,25795072,10,4,read_contract,356.7475409945473,True,
forkyard,25795072,10,4,read_contract,362.99041600432247,True,
forkyard,25795072,10,4,read_contract,362.5727909966372,True,
forkyard,25795072,10,4,read_contract,338.4797089966014,True,
forkyard,25795072,10,4,read_contract,354.6555419889046,True,
forkyard,25795072,10,4,read_contract,330.66245800000615,True,
forkyard,25795072,10,4,discard,4.588291994878091,True,
forkyard,25795072,10,5,acquire,17.928458997630514,True,
forkyard,25795072,10,5,read_contract,609.407708994695,True,
forkyard,25795072,10,5,read_contract,341.91541699692607,True,
forkyard,25795072,10,5,read_contract,353.1785000086529,True,
forkyard,25795072,10,5,read_contract,370.54670799989253,True,
forkyard,25795072,10,5,read_contract,348.7002920010127,True,
forkyard,25795072,10,5,read_contract,350.10624999995343,True,
forkyard,25795072,10,5,read_contract,349.0845409978647,True,
forkyard,25795072,10,5,read_contract,333.9982079924084,True,
forkyard,25795072,10,5,discard,5.38945899461396,True,
forkyard,25795072,10,6,acquire,21.176374997594394,True,
forkyard,25795072,10,6,read_contract,602.9400419938611,True,
forkyard,25795072,10,6,read_contract,340.74487499310635,True,
forkyard,25795072,10,6,read_contract,353.7904169934336,True,
forkyard,25795072,10,6,read_contract,373.0269999941811,True,
forkyard,25795072,10,6,read_contract,354.669834006927,True,
forkyard,25795072,10,6,read_contract,341.32120800495613,True,
forkyard,25795072,10,6,read_contract,363.4116670000367,True,
forkyard,25795072,10,6,read_contract,324.28600000275765,True,
forkyard,25795072,10,6,discard,4.101250000530854,True,
forkyard,25795072,10,7,acquire,26.664792007068172,True,
forkyard,25795072,10,7,read_contract,595.3833749954356,True,
forkyard,25795072,10,7,read_contract,341.1408329993719,True,
forkyard,25795072,10,7,read_contract,349.66749999148306,True,
forkyard,25795072,10,7,read_contract,374.7194169991417,True,
forkyard,25795072,10,7,read_contract,354.8530409898376,True,
forkyard,25795072,10,7,read_contract,345.00337499775924,True,
forkyard,25795072,10,7,read_contract,354.5109999977285,True,
forkyard,25795072,10,7,read_contract,331.71533299901057,True,
forkyard,25795072,10,7,discard,4.70645900350064,True,
forkyard,25795072,10,8,acquire,12.45224999729544,True,
forkyard,25795072,10,8,read_contract,609.8610409972025,True,
forkyard,25795072,10,8,read_contract,338.9393329998711,True,
forkyard,25795072,10,8,read_contract,353.10058399045374,True,
forkyard,25795072,10,8,read_contract,379.59062498703133,True,
forkyard,25795072,10,8,read_contract,356.097249998129,True,
forkyard,25795072,10,8,read_contract,330.12537499598693,True,
forkyard,25795072,10,8,read_contract,355.48441599530634,True,
forkyard,25795072,10,8,read_contract,333.5256249993108,True,
forkyard,25795072,10,8,discard,6.298709005932324,True,
forkyard,25795072,10,9,acquire,17.77416699042078,True,
forkyard,25795072,10,9,read_contract,605.3010000032373,True,
forkyard,25795072,10,9,read_contract,335.40758398885373,True,
forkyard,25795072,10,9,read_contract,363.7497500021709,True,
forkyard,25795072,10,9,read_contract,367.9852080094861,True,
forkyard,25795072,10,9,read_contract,353.0671249900479,True,
forkyard,25795072,10,9,read_contract,337.64304099895526,True,
forkyard,25795072,10,9,read_contract,362.5584999972489,True,
forkyard,25795072,10,9,read_contract,327.07233300607186,True,
forkyard,25795072,10,9,discard,5.36795899097342,True,
forkyard,25795072,10,-1,__total__,3083.8819999917177,True,
anvil,25795072,10,0,acquire,883.3647910068976,True,
anvil,25795072,10,0,read_contract,528.4145420009736,True,
anvil,25795072,10,0,read_contract,338.17087500938214,True,
anvil,25795072,10,0,read_contract,321.0736249893671,True,
anvil,25795072,10,0,read_contract,329.262707993621,True,
anvil,25795072,10,0,read_contract,379.54804199398495,True,
anvil,25795072,10,0,read_contract,297.3530419985764,True,
anvil,25795072,10,0,read_contract,582.9876659990987,True,
anvil,25795072,10,0,read_contract,333.68625000002794,True,
anvil,25795072,10,0,discard,8.846541997627355,True,
anvil,25795072,10,1,acquire,866.4173330034828,True,
anvil,25795072,10,1,read_contract,474.2042500001844,True,
anvil,25795072,10,1,read_contract,288.58808299992234,True,
anvil,25795072,10,1,read_contract,375.78870900324546,True,
anvil,25795072,10,1,read_contract,378.4389999927953,True,
anvil,25795072,10,1,read_contract,291.82299999229144,True,
anvil,25795072,10,1,read_contract,381.2553750030929,True,
anvil,25795072,10,1,read_contract,385.80754199938383,True,
anvil,25795072,10,1,read_contract,380.5067500070436,True,
anvil,25795072,10,1,discard,3.621166993980296,True,
anvil,25795072,10,2,acquire,1064.686249999795,True,
anvil,25795072,10,2,read_contract,433.6942090012599,True,
anvil,25795072,10,2,read_contract,363.41129199718125,True,
anvil,25795072,10,2,read_contract,288.2667920057429,True,
anvil,25795072,10,2,read_contract,369.67050000384916,True,
anvil,25795072,10,2,read_contract,291.9090409995988,True,
anvil,25795072,10,2,read_contract,292.20737499417737,True,
anvil,25795072,10,2,read_contract,546.3192089955555,True,
anvil,25795072,10,2,read_contract,549.218790998566,True,
anvil,25795072,10,2,discard,3.8974589988356456,True,
anvil,25795072,10,3,acquire,1077.4058750102995,True,
anvil,25795072,10,3,read_contract,453.0814169993391,True,
anvil,25795072,10,3,read_contract,345.50920900073834,True,
anvil,25795072,10,3,read_contract,370.7355830119923,True,
anvil,25795072,10,3,read_contract,305.53291700198315,True,
anvil,25795072,10,3,read_contract,356.7840409959899,True,
anvil,25795072,10,3,read_contract,389.00454199756496,True,
anvil,25795072,10,3,read_contract,306.59779100096785,True,
anvil,25795072,10,3,read_contract,528.626749990508,True,
anvil,25795072,10,3,discard,9.339582989923656,True,
anvil,25795072,10,4,acquire,872.7084999991348,True,
anvil,25795072,10,4,read_contract,468.5953750013141,True,
anvil,25795072,10,4,read_contract,376.6227500018431,True,
anvil,25795072,10,4,read_contract,295.8856250043027,True,
anvil,25795072,10,4,read_contract,369.5557080063736,True,
anvil,25795072,10,4,read_contract,290.6142499996349,True,
anvil,25795072,10,4,read_contract,376.3724590098718,True,
anvil,25795072,10,4,read_contract,383.82350000028964,True,
anvil,25795072,10,4,read_contract,381.5246250014752,True,
anvil,25795072,10,4,discard,3.8646249886369333,True,
anvil,25795072,10,5,acquire,1075.1746669993736,True,
anvil,25795072,10,5,read_contract,436.38429199927486,True,
anvil,25795072,10,5,read_contract,528.0788749951171,True,
anvil,25795072,10,5,read_contract,372.8405000001658,True,
anvil,25795072,10,5,read_contract,354.51120798825286,True,
anvil,25795072,10,5,read_contract,302.7104170032544,True,
anvil,25795072,10,5,read_contract,590.3542910091346,True,
anvil,25795072,10,5,read_contract,304.6845829958329,True,
anvil,25795072,10,5,read_contract,371.4553339959821,True,
anvil,25795072,10,5,discard,8.114124997518957,True,
anvil,25795072,10,6,acquire,860.815999985789,True,
anvil,25795072,10,6,read_contract,748.4362090035575,True,
anvil,25795072,10,6,read_contract,379.48254200455267,True,
anvil,25795072,10,6,read_contract,377.02616599563044,True,
anvil,25795072,10,6,read_contract,293.3649580081692,True,
anvil,25795072,10,6,read_contract,381.0737500025425,True,
anvil,25795072,10,6,read_contract,379.46050000027753,True,
anvil,25795072,10,6,read_contract,288.4619999967981,True,
anvil,25795072,10,6,read_contract,372.07983300322667,True,
anvil,25795072,10,6,discard,8.892333004041575,True,
anvil,25795072,10,7,acquire,856.369667002582,True,
anvil,25795072,10,7,read_contract,739.8700829944573,True,
anvil,25795072,10,7,read_contract,305.03404198680073,True,
anvil,25795072,10,7,read_contract,526.103083990165,True,
anvil,25795072,10,7,read_contract,532.727124998928,True,
anvil,25795072,10,7,read_contract,328.88733298750594,True,
anvil,25795072,10,7,read_contract,295.92495900578797,True,
anvil,25795072,10,7,read_contract,532.0686670020223,True,
anvil,25795072,10,7,read_contract,342.3427499947138,True,
anvil,25795072,10,7,discard,8.859749999828637,True,
anvil,25795072,10,8,acquire,1046.1571249907138,True,
anvil,25795072,10,8,read_contract,440.5148329969961,True,
anvil,25795072,10,8,read_contract,530.3366659936728,True,
anvil,25795072,10,8,read_contract,519.4340000016382,True,
anvil,25795072,10,8,read_contract,344.6800420060754,True,
anvil,25795072,10,8,read_contract,393.08058300230186,True,
anvil,25795072,10,8,read_contract,294.5792920072563,True,
anvil,25795072,10,8,read_contract,622.7978329989128,True,
anvil,25795072,10,8,read_contract,293.2173330045771,True,
anvil,25795072,10,8,discard,3.8302089960779995,True,
anvil,25795072,10,9,acquire,848.9449169865111,True,
anvil,25795072,10,9,read_contract,457.83745899097994,True,
anvil,25795072,10,9,read_contract,385.1926670031389,True,
anvil,25795072,10,9,read_contract,299.93445800209884,True,
anvil,25795072,10,9,read_contract,364.4396669988055,True,
anvil,25795072,10,9,read_contract,386.4553750026971,True,
anvil,25795072,10,9,read_contract,296.29091698734555,True,
anvil,25795072,10,9,read_contract,363.67366700142156,True,
anvil,25795072,10,9,read_contract,386.5173339872854,True,
anvil,25795072,10,9,discard,3.8440000062109903,True,
anvil,25795072,10,-1,__total__,4518.841291996068,True,
forkyard,25795072,25,0,acquire,18.21812501293607,True,
forkyard,25795072,25,0,read_contract,637.930958007928,True,
forkyard,25795072,25,0,read_contract,366.16812499414664,True,
forkyard,25795072,25,0,read_contract,346.7209170048591,True,
forkyard,25795072,25,0,read_contract,382.4159579962725,True,
forkyard,25795072,25,0,read_contract,335.2579580096062,True,
forkyard,25795072,25,0,read_contract,378.70583300536964,True,
forkyard,25795072,25,0,read_contract,439.51462500263005,True,
forkyard,25795072,25,0,read_contract,358.3202919980977,True,
forkyard,25795072,25,0,discard,9.323209000285715,True,
forkyard,25795072,25,1,acquire,12.478709002607502,True,
forkyard,25795072,25,1,read_contract,631.6057499934686,True,
forkyard,25795072,25,1,read_contract,369.76929199590813,True,
forkyard,25795072,25,1,read_contract,352.1877500024857,True,
forkyard,25795072,25,1,read_contract,386.9263329979731,True,
forkyard,25795072,25,1,read_contract,336.74904200597666,True,
forkyard,25795072,25,1,read_contract,384.6159999957308,True,
forkyard,25795072,25,1,read_contract,425.5229169939412,True,
forkyard,25795072,25,1,read_contract,362.7267080009915,True,
forkyard,25795072,25,1,discard,13.538375002099201,True,
forkyard,25795072,25,2,acquire,20.69574999040924,True,
forkyard,25795072,25,2,read_contract,631.0365000099409,True,
forkyard,25795072,25,2,read_contract,372.0929580013035,True,
forkyard,25795072,25,2,read_contract,353.32304099574685,True,
forkyard,25795072,25,2,read_contract,365.31391699099913,True,
forkyard,25795072,25,2,read_contract,356.7320839938475,True,
forkyard,25795072,25,2,read_contract,355.19204099546187,True,
forkyard,25795072,25,2,read_contract,456.40266600821633,True,
forkyard,25795072,25,2,read_contract,360.9291250031674,True,
forkyard,25795072,25,2,discard,5.388000005041249,True,
forkyard,25795072,25,3,acquire,21.82287500181701,True,
forkyard,25795072,25,3,read_contract,629.2345830006525,True,
forkyard,25795072,25,3,read_contract,375.03954098792747,True,
forkyard,25795072,25,3,read_contract,349.9540829943726,True,
forkyard,25795072,25,3,read_contract,365.49916700460017,True,
forkyard,25795072,25,3,read_contract,350.1502079889178,True,
forkyard,25795072,25,3,read_contract,375.93566700525116,True,
forkyard,25795072,25,3,read_contract,440.9528329997556,True,
forkyard,25795072,25,3,read_contract,353.89933400438167,True,
forkyard,25795072,25,3,discard,7.53174998681061,True,
forkyard,25795072,25,4,acquire,18.307666992768645,True,
forkyard,25795072,25,4,read_contract,623.0727499932982,True,
forkyard,25795072,25,4,read_contract,376.43375000334345,True,
forkyard,25795072,25,4,read_contract,345.2244159998372,True,
forkyard,25795072,25,4,read_contract,370.79799998900853,True,
forkyard,25795072,25,4,read_contract,352.18095799791627,True,
forkyard,25795072,25,4,read_contract,377.68537500232924,True,
forkyard,25795072,25,4,read_contract,453.42604200413916,True,
forkyard,25795072,25,4,read_contract,346.70108401041944,True,
forkyard,25795072,25,4,discard,8.071917007328011,True,
forkyard,25795072,25,5,acquire,25.021624998771586,True,
forkyard,25795072,25,5,read_contract,613.3456669922452,True,
forkyard,25795072,25,5,read_contract,388.529916992411,True,
forkyard,25795072,25,5,read_contract,339.2357080010697,True,
forkyard,25795072,25,5,read_contract,379.28520899731666,True,
forkyard,25795072,25,5,read_contract,354.5024170016404,True,
forkyard,25795072,25,5,read_contract,364.1365829971619,True,
forkyard,25795072,25,5,read_contract,426.1753330065403,True,
forkyard,25795072,25,5,read_contract,368.2182920019841,True,
forkyard,25795072,25,5,discard,8.306375006213784,True,
forkyard,25795072,25,6,acquire,28.04716699756682,True,
forkyard,25795072,25,6,read_contract,609.4186669943156,True,
forkyard,25795072,25,6,read_contract,366.07029200240504,True,
forkyard,25795072,25,6,read_contract,359.3284590024268,True,
forkyard,25795072,25,6,read_contract,376.01837499823887,True,
forkyard,25795072,25,6,read_contract,346.69429200585,True,
forkyard,25795072,25,6,read_contract,382.48345800093375,True,
forkyard,25795072,25,6,read_contract,434.73670800449327,True,
forkyard,25795072,25,6,read_contract,350.06450000219047,True,
forkyard,25795072,25,6,discard,11.095166992163286,True,
forkyard,25795072,25,7,acquire,29.724541993346065,True,
forkyard,25795072,25,7,read_contract,612.647374990047,True,
forkyard,25795072,25,7,read_contract,380.07708299846854,True,
forkyard,25795072,25,7,read_contract,332.15870799904224,True,
forkyard,25795072,25,7,read_contract,377.5101669889409,True,
forkyard,25795072,25,7,read_contract,345.96066700760275,True,
forkyard,25795072,25,7,read_contract,379.26058399898466,True,
forkyard,25795072,25,7,read_contract,440.04050000512507,True,
forkyard,25795072,25,7,read_contract,366.7350410105428,True,
forkyard,25795072,25,7,discard,4.1013330046553165,True,
forkyard,25795072,25,8,acquire,35.22216700366698,True,
forkyard,25795072,25,8,read_contract,594.7012920078123,True,
forkyard,25795072,25,8,read_contract,390.5812919983873,True,
forkyard,25795072,25,8,read_contract,330.9250829915982,True,
forkyard,25795072,25,8,read_contract,384.75233400822617,True,
forkyard,25795072,25,8,read_contract,346.4173749962356,True,
forkyard,25795072,25,8,read_contract,371.35887501062825,True,
forkyard,25795072,25,8,read_contract,447.7657499955967,True,
forkyard,25795072,25,8,read_contract,345.68658300850075,True,
forkyard,25795072,25,8,discard,12.773207999998704,True,
forkyard,25795072,25,9,acquire,29.432958996039815,True,
forkyard,25795072,25,9,read_contract,603.2757920038421,True,
forkyard,25795072,25,9,read_contract,389.15683300001547,True,
forkyard,25795072,25,9,read_contract,343.4833749925019,True,
forkyard,25795072,25,9,read_contract,360.80075000063516,True,
forkyard,25795072,25,9,read_contract,344.67041700554546,True,
forkyard,25795072,25,9,read_contract,372.52704199636355,True,
forkyard,25795072,25,9,read_contract,439.05829200230073,True,
forkyard,25795072,25,9,read_contract,364.58616600430105,True,
forkyard,25795072,25,9,discard,10.44429100875277,True,
forkyard,25795072,25,10,acquire,34.71929099760018,True,
forkyard,25795072,25,10,read_contract,587.2979999985546,True,
forkyard,25795072,25,10,read_contract,387.9160830110777,True,
forkyard,25795072,25,10,read_contract,344.31916699395515,True,
forkyard,25795072,25,10,read_contract,372.4057079962222,True,
forkyard,25795072,25,10,read_contract,357.85458399914205,True,
forkyard,25795072,25,10,read_contract,363.87254200235475,True,
forkyard,25795072,25,10,read_contract,440.22354199842084,True,
forkyard,25795072,25,10,read_contract,362.9086250002729,True,
forkyard,25795072,25,10,discard,7.754791993647814,True,
forkyard,25795072,25,11,acquire,14.110624993918464,True,
forkyard,25795072,25,11,read_contract,613.7659579981118,True,
forkyard,25795072,25,11,read_contract,384.0658339904621,True,
forkyard,25795072,25,11,read_contract,338.11208298720885,True,
forkyard,25795072,25,11,read_contract,384.9098749924451,True,
forkyard,25795072,25,11,read_contract,324.2369580111699,True,
forkyard,25795072,25,11,read_contract,385.3373330057366,True,
forkyard,25795072,25,11,read_contract,446.5464590030024,True,
forkyard,25795072,25,11,read_contract,355.48945899063256,True,
forkyard,25795072,25,11,discard,10.180333993048407,True,
forkyard,25795072,25,12,acquire,23.0060419999063,True,
forkyard,25795072,25,12,read_contract,597.439957986353,True,
forkyard,25795072,25,12,read_contract,382.10104100289755,True,
forkyard,25795072,25,12,read_contract,345.00383300473914,True,
forkyard,25795072,25,12,read_contract,394.6115420112619,True,
forkyard,25795072,25,12,read_contract,335.57220800139476,True,
forkyard,25795072,25,12,read_contract,368.2954160030931,True,
forkyard,25795072,25,12,read_contract,435.4787499905797,True,
forkyard,25795072,25,12,read_contract,360.28879099467304,True,
forkyard,25795072,25,12,discard,11.17875000636559,True,
forkyard,25795072,25,13,acquire,25.81766599905677,True,
forkyard,25795072,25,13,read_contract,588.3907499955967,True,
forkyard,25795072,25,13,read_contract,396.9297919975361,True,
forkyard,25795072,25,13,read_contract,336.0843330010539,True,
forkyard,25795072,25,13,read_contract,376.4455420023296,True,
forkyard,25795072,25,13,read_contract,338.98991699970793,True,
forkyard,25795072,25,13,read_contract,372.2162920021219,True,
forkyard,25795072,25,13,read_contract,433.3913750015199,True,
forkyard,25795072,25,13,read_contract,364.31962499045767,True,
forkyard,25795072,25,13,discard,12.296667002374306,True,
forkyard,25795072,25,14,acquire,16.60595799330622,True,
forkyard,25795072,25,14,read_contract,615.1662089978345,True,
forkyard,25795072,25,14,read_contract,352.0429170021089,True,
forkyard,25795072,25,14,read_contract,365.05200000829063,True,
forkyard,25795072,25,14,read_contract,360.27012500562705,True,
forkyard,25795072,25,14,read_contract,354.4815839995863,True,
forkyard,25795072,25,14,read_contract,375.2762499934761,True,
forkyard,25795072,25,14,read_contract,435.76833300176077,True,
forkyard,25795072,25,14,read_contract,362.0539590046974,True,
forkyard,25795072,25,14,discard,9.586875006789342,True,
forkyard,25795072,25,15,acquire,18.7601670040749,True,
forkyard,25795072,25,15,read_contract,598.4158749924973,True,
forkyard,25795072,25,15,read_contract,373.33045901323203,True,
forkyard,25795072,25,15,read_contract,347.5018339959206,True,
forkyard,25795072,25,15,read_contract,382.7719170076307,True,
forkyard,25795072,25,15,read_contract,339.0695419948315,True,
forkyard,25795072,25,15,read_contract,376.5482909948332,True,
forkyard,25795072,25,15,read_contract,444.75187500938773,True,
forkyard,25795072,25,15,read_contract,356.39266700309236,True,
forkyard,25795072,25,15,discard,7.168208001530729,True,
forkyard,25795072,25,16,acquire,233.26283300411887,True,
forkyard,25795072,25,16,read_contract,371.8387080007233,True,
forkyard,25795072,25,16,read_contract,383.5184999916237,True,
forkyard,25795072,25,16,read_contract,344.16033400339074,True,
forkyard,25795072,25,16,read_contract,372.91758401261177,True,
forkyard,25795072,25,16,read_contract,343.25016700313427,True,
forkyard,25795072,25,16,read_contract,377.3426670086337,True,
forkyard,25795072,25,16,read_contract,436.5920829877723,True,
forkyard,25795072,25,16,read_contract,367.0223750086734,True,
forkyard,25795072,25,16,discard,6.597832994884811,True,
forkyard,25795072,25,17,acquire,14.533292007399723,True,
forkyard,25795072,25,17,read_contract,581.7339580098633,True,
forkyard,25795072,25,17,read_contract,373.2242080004653,True,
forkyard,25795072,25,17,read_contract,355.26787499838974,True,
forkyard,25795072,25,17,read_contract,389.0486669988604,True,
forkyard,25795072,25,17,read_contract,335.47674999863375,True,
forkyard,25795072,25,17,read_contract,378.8009590061847,True,
forkyard,25795072,25,17,read_contract,434.3113750073826,True,
forkyard,25795072,25,17,read_contract,363.5989169997629,True,
forkyard,25795072,25,17,discard,7.896665993030183,True,
forkyard,25795072,25,18,acquire,18.40083400020376,True,
forkyard,25795072,25,18,read_contract,601.084791996982,True,
forkyard,25795072,25,18,read_contract,369.34829100209754,True,
forkyard,25795072,25,18,read_contract,342.34637500776444,True,
forkyard,25795072,25,18,read_contract,369.4195830030367,True,
forkyard,25795072,25,18,read_contract,354.93895900435746,True,
forkyard,25795072,25,18,read_contract,372.5195830047596,True,
forkyard,25795072,25,18,read_contract,435.7979579945095,True,
forkyard,25795072,25,18,read_contract,366.881416994147,True,
forkyard,25795072,25,18,discard,3.473208998912014,True,
forkyard,25795072,25,19,acquire,222.4842499999795,True,
forkyard,25795072,25,19,read_contract,381.91916698997375,True,
forkyard,25795072,25,19,read_contract,370.2496249898104,True,
forkyard,25795072,25,19,read_contract,354.322624989436,True,
forkyard,25795072,25,19,read_contract,380.4371669975808,True,
forkyard,25795072,25,19,read_contract,336.84345899382606,True,
forkyard,25795072,25,19,read_contract,372.4604580056621,True,
forkyard,25795072,25,19,read_contract,454.03366700338665,True,
forkyard,25795072,25,19,read_contract,343.7199999898439,True,
forkyard,25795072,25,19,discard,12.948792005772702,True,
forkyard,25795072,25,20,acquire,226.31429199827835,True,
forkyard,25795072,25,20,read_contract,389.7322080010781,True,
forkyard,25795072,25,20,read_contract,372.0442079938948,True,
forkyard,25795072,25,20,read_contract,332.60020799934864,True,
forkyard,25795072,25,20,read_contract,360.8936249947874,True,
forkyard,25795072,25,20,read_contract,361.41199999838136,True,
forkyard,25795072,25,20,read_contract,372.32895800843835,True,
forkyard,25795072,25,20,read_contract,442.2192079946399,True,
forkyard,25795072,25,20,read_contract,357.05804100143723,True,
forkyard,25795072,25,20,discard,14.473666000412777,True,
forkyard,25795072,25,21,acquire,212.12199999717996,True,
forkyard,25795072,25,21,read_contract,382.3310000007041,True,
forkyard,25795072,25,21,read_contract,381.7414170043776,True,
forkyard,25795072,25,21,read_contract,343.6261250026291,True,
forkyard,25795072,25,21,read_contract,379.432290996192,True,
forkyard,25795072,25,21,read_contract,347.38795799785294,True,
forkyard,25795072,25,21,read_contract,367.12624999927357,True,
forkyard,25795072,25,21,read_contract,440.929167001741,True,
forkyard,25795072,25,21,read_contract,352.47945800074376,True,
forkyard,25795072,25,21,discard,9.142041992163286,True,
forkyard,25795072,25,22,acquire,214.97879100206774,True,
forkyard,25795072,25,22,read_contract,377.5837080029305,True,
forkyard,25795072,25,22,read_contract,385.1435410033446,True,
forkyard,25795072,25,22,read_contract,343.6119999969378,True,
forkyard,25795072,25,22,read_contract,364.47975000191946,True,
forkyard,25795072,25,22,read_contract,360.32512500241864,True,
forkyard,25795072,25,22,read_contract,371.11729200114496,True,
forkyard,25795072,25,22,read_contract,452.437749991077,True,
forkyard,25795072,25,22,read_contract,321.9685420044698,True,
forkyard,25795072,25,22,discard,14.176083001075312,True,
forkyard,25795072,25,23,acquire,244.53129099856596,True,
forkyard,25795072,25,23,read_contract,355.0924170122016,True,
forkyard,25795072,25,23,read_contract,366.55679099203553,True,
forkyard,25795072,25,23,read_contract,346.6771250095917,True,
forkyard,25795072,25,23,read_contract,382.13345799886156,True,
forkyard,25795072,25,23,read_contract,337.17179199447855,True,
forkyard,25795072,25,23,read_contract,381.4724580006441,True,
forkyard,25795072,25,23,read_contract,435.5310829996597,True,
forkyard,25795072,25,23,read_contract,360.8944579900708,True,
forkyard,25795072,25,23,discard,5.9417500015115365,True,
forkyard,25795072,25,24,acquire,208.13512499444187,True,
forkyard,25795072,25,24,read_contract,382.13666700175963,True,
forkyard,25795072,25,24,read_contract,379.60362499870826,True,
forkyard,25795072,25,24,read_contract,334.1007089911727,True,
forkyard,25795072,25,24,read_contract,390.72995899186935,True,
forkyard,25795072,25,24,read_contract,340.91045800596476,True,
forkyard,25795072,25,24,read_contract,374.2254579992732,True,
forkyard,25795072,25,24,read_contract,437.20329100324307,True,
forkyard,25795072,25,24,read_contract,341.745958008687,True,
forkyard,25795072,25,24,discard,18.02716701058671,True,
forkyard,25795072,25,-1,__total__,3279.3797089980217,True,
anvil,25795072,25,0,acquire,878.8147919985931,True,
anvil,25795072,25,0,read_contract,707.672917007585,True,
anvil,25795072,25,0,read_contract,343.54937500029337,True,
anvil,25795072,25,0,read_contract,286.5804589964682,True,
anvil,25795072,25,0,read_contract,551.5526669914834,True,
anvil,25795072,25,0,read_contract,348.1897919991752,True,
anvil,25795072,25,0,read_contract,540.7035419921158,True,
anvil,25795072,25,0,read_contract,532.8443330072332,True,
anvil,25795072,25,0,read_contract,532.7821250102716,True,
anvil,25795072,25,0,discard,4.008042000350542,True,
anvil,25795072,25,1,acquire,896.3504999992438,True,
anvil,25795072,25,1,read_contract,679.0862499910872,True,
anvil,25795072,25,1,read_contract,332.2085420077201,True,
anvil,25795072,25,1,read_contract,294.3925410072552,True,
anvil,25795072,25,1,read_contract,551.9917079946026,True,
anvil,25795072,25,1,read_contract,334.4749999960186,True,
anvil,25795072,25,1,read_contract,369.94966700149234,True,
anvil,25795072,25,1,read_contract,282.545707988902,True,
anvil,25795072,25,1,read_contract,383.0508329992881,True,
anvil,25795072,25,1,discard,10.326083007385023,True,
anvil,25795072,25,2,acquire,858.1454170052893,True,
anvil,25795072,25,2,read_contract,704.9278749909718,True,
anvil,25795072,25,2,read_contract,347.87229100766126,True,
anvil,25795072,25,2,read_contract,294.077416008804,True,
anvil,25795072,25,2,read_contract,567.4008750065695,True,
anvil,25795072,25,2,read_contract,346.30200000538025,True,
anvil,25795072,25,2,read_contract,545.3119589947164,True,
anvil,25795072,25,2,read_contract,343.81533300620504,True,
anvil,25795072,25,2,read_contract,285.598292000941,True,
anvil,25795072,25,2,discard,8.652749995235354,True,
anvil,25795072,25,3,acquire,1088.2654169981834,True,
anvil,25795072,25,3,read_contract,1562.513625001884,True,
anvil,25795072,25,3,read_contract,291.4685829891823,True,
anvil,25795072,25,3,read_contract,294.195624999702,True,
anvil,25795072,25,3,read_contract,534.979125004611,True,
anvil,25795072,25,3,read_contract,564.0865839959588,True,
anvil,25795072,25,3,read_contract,338.6444170027971,True,
anvil,25795072,25,3,read_contract,350.57541698915884,True,
anvil,25795072,25,3,read_contract,291.9389169983333,True,
anvil,25795072,25,3,discard,3.820707992417738,True,
anvil,25795072,25,4,acquire,1080.8925000019372,True,
anvil,25795072,25,4,read_contract,1588.0589169973973,True,
anvil,25795072,25,4,read_contract,292.0572080038255,True,
anvil,25795072,25,4,read_contract,295.6947500060778,True,
anvil,25795072,25,4,read_contract,558.2653750025202,True,
anvil,25795072,25,4,read_contract,325.631041007,True,
anvil,25795072,25,4,read_contract,539.3952919985168,True,
anvil,25795072,25,4,read_contract,365.79012499714736,True,
anvil,25795072,25,4,read_contract,300.45908299507573,True,
anvil,25795072,25,4,discard,3.8240409921854734,True,
anvil,25795072,25,5,acquire,862.0120830019005,True,
anvil,25795072,25,5,read_contract,699.3871669983491,True,
anvil,25795072,25,5,read_contract,346.2321669940138,True,
anvil,25795072,25,5,read_contract,295.8076670038281,True,
anvil,25795072,25,5,read_contract,545.5566250020638,True,
anvil,25795072,25,5,read_contract,344.0141660103109,True,
anvil,25795072,25,5,read_contract,553.9575000002515,True,
anvil,25795072,25,5,read_contract,340.67991698975675,True,
anvil,25795072,25,5,read_contract,288.63179199106526,True,
anvil,25795072,25,5,discard,4.312959004892036,True,
anvil,25795072,25,6,acquire,865.2689589944202,True,
anvil,25795072,25,6,read_contract,698.1398329953663,True,
anvil,25795072,25,6,read_contract,339.4608749949839,True,
anvil,25795072,25,6,read_contract,293.58833299193066,True,
anvil,25795072,25,6,read_contract,353.9664999989327,True,
anvil,25795072,25,6,read_contract,369.76870900252834,True,
anvil,25795072,25,6,read_contract,303.9525420026621,True,
anvil,25795072,25,6,read_contract,528.2140839990461,True,
anvil,25795072,25,6,read_contract,380.5884580069687,True,
anvil,25795072,25,6,discard,4.053500000736676,True,
anvil,25795072,25,7,acquire,1094.2577079986222,True,
anvil,25795072,25,7,read_contract,1681.513042000006,True,
anvil,25795072,25,7,read_contract,295.0410839985125,True,
anvil,25795072,25,7,read_contract,567.9105000017444,True,
anvil,25795072,25,7,read_contract,338.2880419958383,True,
anvil,25795072,25,7,read_contract,293.62850000325125,True,
anvil,25795072,25,7,read_contract,538.5162499878788,True,
anvil,25795072,25,7,read_contract,337.0144579967018,True,
anvil,25795072,25,7,read_contract,381.05741700564977,True,
anvil,25795072,25,7,discard,3.822415994363837,True,
anvil,25795072,25,8,acquire,1099.187083003926,True,
anvil,25795072,25,8,read_contract,655.9433750080643,True,
anvil,25795072,25,8,read_contract,372.363165995921,True,
anvil,25795072,25,8,read_contract,284.5753750007134,True,
anvil,25795072,25,8,read_contract,285.9129999997094,True,
anvil,25795072,25,8,read_contract,554.4589170021936,True,
anvil,25795072,25,8,read_contract,332.20633400196675,True,
anvil,25795072,25,8,read_contract,546.8453750072513,True,
anvil,25795072,25,8,read_contract,539.2422080039978,True,
anvil,25795072,25,8,discard,3.9966250042198226,True,
anvil,25795072,25,9,acquire,1085.4244160000235,True,
anvil,25795072,25,9,read_contract,666.709584009368,True,
anvil,25795072,25,9,read_contract,366.8092500010971,True,
anvil,25795072,25,9,read_contract,289.44791699177586,True,
anvil,25795072,25,9,read_contract,286.16845900251064,True,
anvil,25795072,25,9,read_contract,554.5119590096874,True,
anvil,25795072,25,9,read_contract,335.3095420025056,True,
anvil,25795072,25,9,read_contract,358.0914999911329,True,
anvil,25795072,25,9,read_contract,288.4587499866029,True,
anvil,25795072,25,9,discard,8.844999989378266,True,
anvil,25795072,25,10,acquire,1079.5708749938058,True,
anvil,25795072,25,10,read_contract,663.434000001871,True,
anvil,25795072,25,10,read_contract,499.10937499953434,True,
anvil,25795072,25,10,read_contract,290.63000000314787,True,
anvil,25795072,25,10,read_contract,358.7634169962257,True,
anvil,25795072,25,10,read_contract,307.66425000911113,True,
anvil,25795072,25,10,read_contract,539.3694169906667,True,
anvil,25795072,25,10,read_contract,362.5137920025736,True,
anvil,25795072,25,10,read_contract,359.8636249953415,True,
anvil,25795072,25,10,discard,3.6842920089839026,True,
anvil,25795072,25,11,acquire,868.7113330088323,True,
anvil,25795072,25,11,read_contract,470.47104200464673,True,
anvil,25795072,25,11,read_contract,1419.6492500050226,True,
anvil,25795072,25,11,read_contract,297.73287499847356,True,
anvil,25795072,25,11,read_contract,545.7982499938225,True,
anvil,25795072,25,11,read_contract,339.02470899920445,True,
anvil,25795072,25,11,read_contract,286.9697499991162,True,
anvil,25795072,25,11,read_contract,359.01862499304116,True,
anvil,25795072,25,11,read_contract,288.416541996412,True,
anvil,25795072,25,11,discard,3.829667009995319,True,
anvil,25795072,25,12,acquire,868.5349580046022,True,
anvil,25795072,25,12,read_contract,680.8865000057267,True,
anvil,25795072,25,12,read_contract,289.54483300913125,True,
anvil,25795072,25,12,read_contract,295.6169579993002,True,
anvil,25795072,25,12,read_contract,557.9102079937002,True,
anvil,25795072,25,12,read_contract,342.45658399595413,True,
anvil,25795072,25,12,read_contract,548.4497080033179,True,
anvil,25795072,25,12,read_contract,539.6922499930952,True,
anvil,25795072,25,12,read_contract,330.7544579874957,True,
anvil,25795072,25,12,discard,3.601709002396092,True,
anvil,25795072,25,13,acquire,888.6557090008864,True,
anvil,25795072,25,13,read_contract,435.81437499960884,True,
anvil,25795072,25,13,read_contract,1417.0417089917464,True,
anvil,25795072,25,13,read_contract,293.7695000000531,True,
anvil,25795072,25,13,read_contract,542.7846249949653,True,
anvil,25795072,25,13,read_contract,533.2871249993332,True,
anvil,25795072,25,13,read_contract,336.91108399943914,True,
anvil,25795072,25,13,read_contract,294.7249999997439,True,
anvil,25795072,25,13,read_contract,349.8072499933187,True,
anvil,25795072,25,13,discard,3.862208002828993,True,
anvil,25795072,25,14,acquire,890.5607500055339,True,
anvil,25795072,25,14,read_contract,740.8736249926733,True,
anvil,25795072,25,14,read_contract,339.6012499870267,True,
anvil,25795072,25,14,read_contract,547.7723749936558,True,
anvil,25795072,25,14,read_contract,544.0189170039957,True,
anvil,25795072,25,14,read_contract,325.51916599913966,True,
anvil,25795072,25,14,read_contract,304.6305829921039,True,
anvil,25795072,25,14,read_contract,576.5833330078749,True,
anvil,25795072,25,14,read_contract,310.85087500105146,True,
anvil,25795072,25,14,discard,3.8154579960973933,True,
anvil,25795072,25,15,acquire,1094.2862090014387,True,
anvil,25795072,25,15,read_contract,950.2445419930154,True,
anvil,25795072,25,15,read_contract,303.2212919933954,True,
anvil,25795072,25,15,read_contract,305.62654200184625,True,
anvil,25795072,25,15,read_contract,557.4821250047535,True,
anvil,25795072,25,15,read_contract,341.5701670019189,True,
anvil,25795072,25,15,read_contract,544.2420000035781,True,
anvil,25795072,25,15,read_contract,541.0109169897623,True,
anvil,25795072,25,15,read_contract,339.60466700955294,True,
anvil,25795072,25,15,discard,3.6720829957630485,True,
anvil,25795072,25,16,acquire,883.3001669991063,True,
anvil,25795072,25,16,read_contract,682.5150829972699,True,
anvil,25795072,25,16,read_contract,368.85449998953845,True,
anvil,25795072,25,16,read_contract,289.09170800761785,True,
anvil,25795072,25,16,read_contract,370.0261249905452,True,
anvil,25795072,25,16,read_contract,292.9592500004219,True,
anvil,25795072,25,16,read_contract,287.6187499932712,True,
anvil,25795072,25,16,read_contract,559.5492089923937,True,
anvil,25795072,25,16,read_contract,325.5290410015732,True,
anvil,25795072,25,16,discard,4.259167006239295,True,
anvil,25795072,25,17,acquire,865.4687090020161,True,
anvil,25795072,25,17,read_contract,439.83437500719447,True,
anvil,25795072,25,17,read_contract,285.072124999715,True,
anvil,25795072,25,17,read_contract,549.7231250046752,True,
anvil,25795072,25,17,read_contract,332.5959999929182,True,
anvil,25795072,25,17,read_contract,371.8118329998106,True,
anvil,25795072,25,17,read_contract,305.7814999920083,True,
anvil,25795072,25,17,read_contract,537.8469170100288,True,
anvil,25795072,25,17,read_contract,366.89591698814183,True,
anvil,25795072,25,17,discard,3.74549999833107,True,
anvil,25795072,25,18,acquire,865.440249996027,True,
anvil,25795072,25,18,read_contract,690.5996669956949,True,
anvil,25795072,25,18,read_contract,365.8284170087427,True,
anvil,25795072,25,18,read_contract,379.5721660135314,True,
anvil,25795072,25,18,read_contract,298.59674999897834,True,
anvil,25795072,25,18,read_contract,361.1777079931926,True,
anvil,25795072,25,18,read_contract,294.99908299476374,True,
anvil,25795072,25,18,read_contract,375.70525000046473,True,
anvil,25795072,25,18,read_contract,391.8757909996202,True,
anvil,25795072,25,18,discard,5.2720829989993945,True,
anvil,25795072,25,19,acquire,869.4318750058301,True,
anvil,25795072,25,19,read_contract,686.5199580061017,True,
anvil,25795072,25,19,read_contract,603.1319159956183,True,
anvil,25795072,25,19,read_contract,288.0673749896232,True,
anvil,25795072,25,19,read_contract,379.87970899848733,True,
anvil,25795072,25,19,read_contract,304.00425000698306,True,
anvil,25795072,25,19,read_contract,741.3880410022102,True,
anvil,25795072,25,19,read_contract,291.7943749926053,True,
anvil,25795072,25,19,read_contract,369.9949579895474,True,
anvil,25795072,25,19,discard,9.103165997657925,True,
anvil,25795072,25,20,acquire,853.145625005709,True,
anvil,25795072,25,20,read_contract,534.2335000023013,True,
anvil,25795072,25,20,read_contract,288.10512500058394,True,
anvil,25795072,25,20,read_contract,364.4537920044968,True,
anvil,25795072,25,20,read_contract,377.37216700043064,True,
anvil,25795072,25,20,read_contract,285.2623330109054,True,
anvil,25795072,25,20,read_contract,288.22154201043304,True,
anvil,25795072,25,20,read_contract,534.5271670084912,True,
anvil,25795072,25,20,read_contract,527.369124989491,True,
anvil,25795072,25,20,discard,3.823166000074707,True,
anvil,25795072,25,21,acquire,1052.3176249989774,True,
anvil,25795072,25,21,read_contract,724.2543750035111,True,
anvil,25795072,25,21,read_contract,294.2354169936152,True,
anvil,25795072,25,21,read_contract,511.8039999942994,True,
anvil,25795072,25,21,read_contract,540.4455829993822,True,
anvil,25795072,25,21,read_contract,570.020500003011,True,
anvil,25795072,25,21,read_contract,338.7066249997588,True,
anvil,25795072,25,21,read_contract,544.2978339997353,True,
anvil,25795072,25,21,read_contract,350.19133299647365,True,
anvil,25795072,25,21,discard,4.570958000840619,True,
anvil,25795072,25,22,acquire,1054.0293750091223,True,
anvil,25795072,25,22,read_contract,726.0025839932496,True,
anvil,25795072,25,22,read_contract,287.68366599979345,True,
anvil,25795072,25,22,read_contract,523.0326669989154,True,
anvil,25795072,25,22,read_contract,562.4878749949858,True,
anvil,25795072,25,22,read_contract,335.08687499852385,True,
anvil,25795072,25,22,read_contract,538.1585840077605,True,
anvil,25795072,25,22,read_contract,541.3573330006329,True,
anvil,25795072,25,22,read_contract,537.0621670008404,True,
anvil,25795072,25,22,discard,3.826958010904491,True,
anvil,25795072,25,23,acquire,1040.8274580113357,True,
anvil,25795072,25,23,read_contract,1636.0762080003042,True,
anvil,25795072,25,23,read_contract,301.2665420101257,True,
anvil,25795072,25,23,read_contract,341.65520800161175,True,
anvil,25795072,25,23,read_contract,283.4785830054898,True,
anvil,25795072,25,23,read_contract,381.74683299439494,True,
anvil,25795072,25,23,read_contract,378.4982920042239,True,
anvil,25795072,25,23,read_contract,306.6480419947766,True,
anvil,25795072,25,23,read_contract,350.668291997863,True,
anvil,25795072,25,23,discard,3.8119590026326478,True,
anvil,25795072,25,24,acquire,1035.788124994724,True,
anvil,25795072,25,24,read_contract,701.1191670026165,True,
anvil,25795072,25,24,read_contract,304.01691699808,True,
anvil,25795072,25,24,read_contract,592.9647500015562,True,
anvil,25795072,25,24,read_contract,304.42904199298937,True,
anvil,25795072,25,24,read_contract,367.58829199243337,True,
anvil,25795072,25,24,read_contract,292.8485830052523,True,
anvil,25795072,25,24,read_contract,381.29654100339394,True,
anvil,25795072,25,24,read_contract,376.97183300042525,True,
anvil,25795072,25,24,discard,3.7977080064592883,True,
anvil,25795072,25,-1,__total__,5560.202707987628,True,
forkyard,25795072,50,0,acquire,4.470625004614703,True,
forkyard,25795072,50,0,read_contract,673.7612500000978,True,
forkyard,25795072,50,0,read_contract,451.2994999968214,True,
forkyard,25795072,50,0,read_contract,405.15291701012757,True,
forkyard,25795072,50,0,read_contract,413.12874999130145,True,
forkyard,25795072,50,0,read_contract,495.76274999708403,True,
forkyard,25795072,50,0,read_contract,404.9996670073597,True,
forkyard,25795072,50,0,read_contract,403.53862500342075,True,
forkyard,25795072,50,0,read_contract,424.65187500056345,True,
forkyard,25795072,50,0,discard,20.673832987085916,True,
forkyard,25795072,50,1,acquire,14.909040997736156,True,
forkyard,25795072,50,1,read_contract,687.1755419997498,True,
forkyard,25795072,50,1,read_contract,439.59683399589267,True,
forkyard,25795072,50,1,read_contract,395.04858301370405,True,
forkyard,25795072,50,1,read_contract,441.24054099665955,True,
forkyard,25795072,50,1,read_contract,442.4348330067005,True,
forkyard,25795072,50,1,read_contract,417.30099999404047,True,
forkyard,25795072,50,1,read_contract,429.09320899343584,True,
forkyard,25795072,50,1,read_contract,425.91666599037126,True,
forkyard,25795072,50,1,discard,11.803083994891495,True,
forkyard,25795072,50,2,acquire,8.727833002922125,True,
forkyard,25795072,50,2,read_contract,714.9435409955913,True,
forkyard,25795072,50,2,read_contract,403.62816699780524,True,
forkyard,25795072,50,2,read_contract,426.7890829942189,True,
forkyard,25795072,50,2,read_contract,411.04708299099,True,
forkyard,25795072,50,2,read_contract,447.9242079978576,True,
forkyard,25795072,50,2,read_contract,429.13308400602546,True,
forkyard,25795072,50,2,read_contract,414.7976249951171,True,
forkyard,25795072,50,2,read_contract,411.38108300219756,True,
forkyard,25795072,50,2,discard,20.285124992369674,True,
forkyard,25795072,50,3,acquire,12.028249999275431,True,
forkyard,25795072,50,3,read_contract,684.5981249934994,True,
forkyard,25795072,50,3,read_contract,415.59404200233985,True,
forkyard,25795072,50,3,read_contract,454.88099999784026,True,
forkyard,25795072,50,3,read_contract,400.2841250039637,True,
forkyard,25795072,50,3,read_contract,448.04462500906084,True,
forkyard,25795072,50,3,read_contract,420.6094160035718,True,
forkyard,25795072,50,3,read_contract,427.89729200012516,True,
forkyard,25795072,50,3,read_contract,391.2569579988485,True,
forkyard,25795072,50,3,discard,22.862625002744608,True,
forkyard,25795072,50,4,acquire,9.585874999174848,True,
forkyard,25795072,50,4,read_contract,695.8355829992797,True,
forkyard,25795072,50,4,read_contract,427.6370410079835,True,
forkyard,25795072,50,4,read_contract,394.1225000016857,True,
forkyard,25795072,50,4,read_contract,450.96187500166707,True,
forkyard,25795072,50,4,read_contract,433.27350000618026,True,
forkyard,25795072,50,4,read_contract,429.72650000592694,True,
forkyard,25795072,50,4,read_contract,415.75400000147056,True,
forkyard,25795072,50,4,read_contract,410.8753750042524,True,
forkyard,25795072,50,4,discard,20.399750006617978,True,
forkyard,25795072,50,5,acquire,12.866541990661062,True,
forkyard,25795072,50,5,read_contract,665.1433330116561,True,
forkyard,25795072,50,5,read_contract,433.7814159953268,True,
forkyard,25795072,50,5,read_contract,428.85854199994355,True,
forkyard,25795072,50,5,read_contract,426.33495799964294,True,
forkyard,25795072,50,5,read_contract,458.81150000786874,True,
forkyard,25795072,50,5,read_contract,399.8273750039516,True,
forkyard,25795072,50,5,read_contract,424.8781670030439,True,
forkyard,25795072,50,5,read_contract,408.6116250109626,True,
forkyard,25795072,50,5,discard,26.529249997111037,True,
forkyard,25795072,50,6,acquire,16.458583006169647,True,
forkyard,25795072,50,6,read_contract,692.4223749956582,True,
forkyard,25795072,50,6,read_contract,404.7935420094291,True,
forkyard,25795072,50,6,read_contract,412.78616699855775,True,
forkyard,25795072,50,6,read_contract,433.0189159954898,True,
forkyard,25795072,50,6,read_contract,444.99708400689997,True,
forkyard,25795072,50,6,read_contract,418.8209999992978,True,
forkyard,25795072,50,6,read_contract,431.7012910032645,True,
forkyard,25795072,50,6,read_contract,435.3595839929767,True,
forkyard,25795072,50,6,discard,10.187583000515588,True,
forkyard,25795072,50,7,acquire,15.506915995501913,True,
forkyard,25795072,50,7,read_contract,665.2390829985961,True,
forkyard,25795072,50,7,read_contract,450.1581670047017,True,
forkyard,25795072,50,7,read_contract,391.94241700170096,True,
forkyard,25795072,50,7,read_contract,431.37133300479036,True,
forkyard,25795072,50,7,read_contract,459.51141700788867,True,
forkyard,25795072,50,7,read_contract,424.289749993477,True,
forkyard,25795072,50,7,read_contract,434.7678329941118,True,
forkyard,25795072,50,7,read_contract,408.05170900421217,True,
forkyard,25795072,50,7,discard,15.11041700723581,True,
forkyard,25795072,50,8,acquire,18.203458996140398,True,
forkyard,25795072,50,8,read_contract,705.4712920071324,True,
forkyard,25795072,50,8,read_contract,385.06700001016725,True,
forkyard,25795072,50,8,read_contract,423.8055419991724,True,
forkyard,25795072,50,8,read_contract,459.29766599147115,True,
forkyard,25795072,50,8,read_contract,450.73383300041314,True,
forkyard,25795072,50,8,read_contract,382.83283400232904,True,
forkyard,25795072,50,8,read_contract,438.34316699940246,True,
forkyard,25795072,50,8,read_contract,418.57016699214,True,
forkyard,25795072,50,8,discard,14.612917002523318,True,
forkyard,25795072,50,9,acquire,20.56766599707771,True,
forkyard,25795072,50,9,read_contract,675.7947920123115,True,
forkyard,25795072,50,9,read_contract,434.596708000754,True,
forkyard,25795072,50,9,read_contract,402.95508300187066,True,
forkyard,25795072,50,9,read_contract,414.44937499181833,True,
forkyard,25795072,50,9,read_contract,459.34366699657403,True,
forkyard,25795072,50,9,read_contract,430.23691700364,True,
forkyard,25795072,50,9,read_contract,434.018041996751,True,
forkyard,25795072,50,9,read_contract,374.3205000064336,True,
forkyard,25795072,50,9,discard,24.835915988660417,True,
forkyard,25795072,50,10,acquire,14.409458002774045,True,
forkyard,25795072,50,10,read_contract,692.2875419986667,True,
forkyard,25795072,50,10,read_contract,434.3945410073502,True,
forkyard,25795072,50,10,read_contract,381.8452909908956,True,
forkyard,25795072,50,10,read_contract,453.5256250092061,True,
forkyard,25795072,50,10,read_contract,433.82262499653734,True,
forkyard,25795072,50,10,read_contract,410.8026250032708,True,
forkyard,25795072,50,10,read_contract,403.8494589913171,True,
forkyard,25795072,50,10,read_contract,442.42979200498667,True,
forkyard,25795072,50,10,discard,23.301708992221393,True,
forkyard,25795072,50,11,acquire,15.8018340007402,True,
forkyard,25795072,50,11,read_contract,679.933291990892,True,
forkyard,25795072,50,11,read_contract,418.1436670041876,True,
forkyard,25795072,50,11,read_contract,409.3988340027863,True,
forkyard,25795072,50,11,read_contract,431.0132920072647,True,
forkyard,25795072,50,11,read_contract,447.03483299235813,True,
forkyard,25795072,50,11,read_contract,424.8727910016896,True,
forkyard,25795072,50,11,read_contract,422.46112499560695,True,
forkyard,25795072,50,11,read_contract,428.0914999981178,True,
forkyard,25795072,50,11,discard,16.24804100720212,True,
forkyard,25795072,50,12,acquire,305.4935420077527,True,
forkyard,25795072,50,12,read_contract,391.3981670048088,True,
forkyard,25795072,50,12,read_contract,431.02987500606105,True,
forkyard,25795072,50,12,read_contract,375.5961249989923,True,
forkyard,25795072,50,12,read_contract,451.7675420065643,True,
forkyard,25795072,50,12,read_contract,440.29204100661445,True,
forkyard,25795072,50,12,read_contract,440.34845900023356,True,
forkyard,25795072,50,12,read_contract,427.4009579967242,True,
forkyard,25795072,50,12,read_contract,410.08558399335016,True,
forkyard,25795072,50,12,discard,14.028833000338636,True,
forkyard,25795072,50,13,acquire,18.36316600383725,True,
forkyard,25795072,50,13,read_contract,681.1180830118246,True,
forkyard,25795072,50,13,read_contract,401.4860830066027,True,
forkyard,25795072,50,13,read_contract,433.17670898977667,True,
forkyard,25795072,50,13,read_contract,435.8216250111582,True,
forkyard,25795072,50,13,read_contract,464.458583999658,True,
forkyard,25795072,50,13,read_contract,382.1662910049781,True,
forkyard,25795072,50,13,read_contract,428.9025830075843,True,
forkyard,25795072,50,13,read_contract,433.36083299072925,True,
forkyard,25795072,50,13,discard,10.871332997339778,True,
forkyard,25795072,50,14,acquire,12.263500000699423,True,
forkyard,25795072,50,14,read_contract,671.9208750000689,True,
forkyard,25795072,50,14,read_contract,430.9818330075359,True,
forkyard,25795072,50,14,read_contract,758.6572089930996,True,
forkyard,25795072,50,14,read_contract,464.83137499308214,True,
forkyard,25795072,50,14,read_contract,386.5656249981839,True,
forkyard,25795072,50,14,read_contract,405.24429200740997,True,
forkyard,25795072,50,14,read_contract,446.126542010461,True,
forkyard,25795072,50,14,read_contract,107.14229200675618,True,
forkyard,25795072,50,14,discard,2.4371659965254366,True,
forkyard,25795072,50,15,acquire,290.3642080054851,True,
forkyard,25795072,50,15,read_contract,386.9817079976201,True,
forkyard,25795072,50,15,read_contract,443.2163749879692,True,
forkyard,25795072,50,15,read_contract,390.778583008796,True,
forkyard,25795072,50,15,read_contract,414.25025000353344,True,
forkyard,25795072,50,15,read_contract,477.8722919872962,True,
forkyard,25795072,50,15,read_contract,417.01220799586736,True,
forkyard,25795072,50,15,read_contract,385.28287499502767,True,
forkyard,25795072,50,15,read_contract,432.73804199998267,True,
forkyard,25795072,50,15,discard,21.11341700947378,True,
forkyard,25795072,50,16,acquire,308.99712500104215,True,
forkyard,25795072,50,16,read_contract,348.5942499974044,True,
forkyard,25795072,50,16,read_contract,447.5217909930507,True,
forkyard,25795072,50,16,read_contract,405.53183399606496,True,
forkyard,25795072,50,16,read_contract,435.0806250004098,True,
forkyard,25795072,50,16,read_contract,452.9102920059813,True,
forkyard,25795072,50,16,read_contract,409.6702499955427,True,
forkyard,25795072,50,16,read_contract,415.82091599411797,True,
forkyard,25795072,50,16,read_contract,425.74854199483525,True,
forkyard,25795072,50,16,discard,23.042083004838787,True,
forkyard,25795072,50,17,acquire,12.279791000764817,True,
forkyard,25795072,50,17,read_contract,673.1908340007067,True,
forkyard,25795072,50,17,read_contract,406.4010839938419,True,
forkyard,25795072,50,17,read_contract,442.1694589982508,True,
forkyard,25795072,50,17,read_contract,403.8677079952322,True,
forkyard,25795072,50,17,read_contract,455.7886249967851,True,
forkyard,25795072,50,17,read_contract,414.0251249918947,True,
forkyard,25795072,50,17,read_contract,426.5133750013774,True,
forkyard,25795072,50,17,read_contract,400.994042007369,True,
forkyard,25795072,50,17,discard,31.02066699648276,True,
forkyard,25795072,50,18,acquire,291.7455419956241,True,
forkyard,25795072,50,18,read_contract,371.3475419936003,True,
forkyard,25795072,50,18,read_contract,444.1284999920754,True,
forkyard,25795072,50,18,read_contract,400.22374999534804,True,
forkyard,25795072,50,18,read_contract,446.32350000028964,True,
forkyard,25795072,50,18,read_contract,436.54533301014453,True,
forkyard,25795072,50,18,read_contract,420.28829199261963,True,
forkyard,25795072,50,18,read_contract,450.97587499185465,True,
forkyard,25795072,50,18,read_contract,387.2046250035055,True,
forkyard,25795072,50,18,discard,25.877958003547974,True,
forkyard,25795072,50,19,acquire,307.4190420011291,True,
forkyard,25795072,50,19,read_contract,384.9237500107847,True,
forkyard,25795072,50,19,read_contract,416.8419169873232,True,
forkyard,25795072,50,19,read_contract,399.5312499901047,True,
forkyard,25795072,50,19,read_contract,413.7647500028834,True,
forkyard,25795072,50,19,read_contract,452.7982500003418,True,
forkyard,25795072,50,19,read_contract,438.3507919992553,True,
forkyard,25795072,50,19,read_contract,419.60883399588056,True,
forkyard,25795072,50,19,read_contract,401.9909170019673,True,
forkyard,25795072,50,19,discard,26.638249997631647,True,
forkyard,25795072,50,20,acquire,281.24545799801126,True,
forkyard,25795072,50,20,read_contract,389.9604170001112,True,
forkyard,25795072,50,20,read_contract,429.8792079935083,True,
forkyard,25795072,50,20,read_contract,423.23983399546705,True,
forkyard,25795072,50,20,read_contract,437.8492919931887,True,
forkyard,25795072,50,20,read_contract,426.9576670048991,True,
forkyard,25795072,50,20,read_contract,416.8824590014992,True,
forkyard,25795072,50,20,read_contract,413.21037500165403,True,
forkyard,25795072,50,20,read_contract,413.5071670025354,True,
forkyard,25795072,50,20,discard,17.87937499466352,True,
forkyard,25795072,50,21,acquire,285.337042005267,True,
forkyard,25795072,50,21,read_contract,361.9591659953585,True,
forkyard,25795072,50,21,read_contract,461.18204199592583,True,
forkyard,25795072,50,21,read_contract,372.5930829969002,True,
forkyard,25795072,50,21,read_contract,440.24087498837616,True,
forkyard,25795072,50,21,read_contract,457.64287500060163,True,
forkyard,25795072,50,21,read_contract,413.4340829914436,True,
forkyard,25795072,50,21,read_contract,417.1294589905301,True,
forkyard,25795072,50,21,read_contract,416.8289170047501,True,
forkyard,25795072,50,21,discard,20.25800000410527,True,
forkyard,25795072,50,22,acquire,290.68112499953713,True,
forkyard,25795072,50,22,read_contract,361.9073330046376,True,
forkyard,25795072,50,22,read_contract,424.1081249929266,True,
forkyard,25795072,50,22,read_contract,415.36120799719356,True,
forkyard,25795072,50,22,read_contract,429.5678329945076,True,
forkyard,25795072,50,22,read_contract,441.79662500391714,True,
forkyard,25795072,50,22,read_contract,434.10362499707844,True,
forkyard,25795072,50,22,read_contract,764.6551660000114,True,
forkyard,25795072,50,22,read_contract,104.10904198943172,True,
forkyard,25795072,50,22,discard,0.9874160023173317,True,
forkyard,25795072,50,23,acquire,299.39516699232627,True,
forkyard,25795072,50,23,read_contract,376.69829200604,True,
forkyard,25795072,50,23,read_contract,423.1667499989271,True,
forkyard,25795072,50,23,read_contract,403.3920420042705,True,
forkyard,25795072,50,23,read_contract,415.59904100722633,True,
forkyard,25795072,50,23,read_contract,456.6937909985427,True,
forkyard,25795072,50,23,read_contract,442.75000000197906,True,
forkyard,25795072,50,23,read_contract,402.7571250044275,True,
forkyard,25795072,50,23,read_contract,418.5427499905927,True,
forkyard,25795072,50,23,discard,19.25912500882987,True,
forkyard,25795072,50,24,acquire,309.8841249884572,True,
forkyard,25795072,50,24,read_contract,348.982707990217,True,
forkyard,25795072,50,24,read_contract,404.05120899959,True,
forkyard,25795072,50,24,read_contract,434.24879100348335,True,
forkyard,25795072,50,24,read_contract,431.78570798772853,True,
forkyard,25795072,50,24,read_contract,444.11158400180284,True,
forkyard,25795072,50,24,read_contract,421.40329199901316,True,
forkyard,25795072,50,24,read_contract,447.35104199207854,True,
forkyard,25795072,50,24,read_contract,387.1584579901537,True,
forkyard,25795072,50,24,discard,22.391584003344178,True,
forkyard,25795072,50,25,acquire,272.54629200615454,True,
forkyard,25795072,50,25,read_contract,387.7315409918083,True,
forkyard,25795072,50,25,read_contract,426.3230419892352,True,
forkyard,25795072,50,25,read_contract,390.02170800813474,True,
forkyard,25795072,50,25,read_contract,452.3532090097433,True,
forkyard,25795072,50,25,read_contract,450.57216699933633,True,
forkyard,25795072,50,25,read_contract,414.1953329963144,True,
forkyard,25795072,50,25,read_contract,411.58254200126976,True,
forkyard,25795072,50,25,read_contract,408.87983299035113,True,
forkyard,25795072,50,25,discard,35.540707991458476,True,
forkyard,25795072,50,26,acquire,272.77129200228956,True,
forkyard,25795072,50,26,read_contract,382.4060839979211,True,
forkyard,25795072,50,26,read_contract,418.6522919917479,True,
forkyard,25795072,50,26,read_contract,416.180959000485,True,
forkyard,25795072,50,26,read_contract,416.21770900383126,True,
forkyard,25795072,50,26,read_contract,468.0320000043139,True,
forkyard,25795072,50,26,read_contract,413.2198329898529,True,
forkyard,25795072,50,26,read_contract,452.9679160041269,True,
forkyard,25795072,50,26,read_contract,387.2890000056941,True,
forkyard,25795072,50,26,discard,19.35891600442119,True,
forkyard,25795072,50,27,acquire,297.0575000072131,True,
forkyard,25795072,50,27,read_contract,360.68712500855327,True,
forkyard,25795072,50,27,read_contract,434.1883750021225,True,
forkyard,25795072,50,27,read_contract,398.41641699604224,True,
forkyard,25795072,50,27,read_contract,421.5016670059413,True,
forkyard,25795072,50,27,read_contract,459.1366660024505,True,
forkyard,25795072,50,27,read_contract,416.5972920018248,True,
forkyard,25795072,50,27,read_contract,436.08025000139605,True,
forkyard,25795072,50,27,read_contract,431.13729200558737,True,
forkyard,25795072,50,27,discard,3.7294170033419505,True,
forkyard,25795072,50,28,acquire,295.9074160025921,True,
forkyard,25795072,50,28,read_contract,363.7804169993615,True,
forkyard,25795072,50,28,read_contract,450.0445000012405,True,
forkyard,25795072,50,28,read_contract,386.46975001029205,True,
forkyard,25795072,50,28,read_contract,427.5718749995576,True,
forkyard,25795072,50,28,read_contract,461.64045900513884,True,
forkyard,25795072,50,28,read_contract,388.3507919963449,True,
forkyard,25795072,50,28,read_contract,414.0905410022242,True,
forkyard,25795072,50,28,read_contract,445.4061249998631,True,
forkyard,25795072,50,28,discard,16.279625007882714,True,
forkyard,25795072,50,29,acquire,275.02349999849685,True,
forkyard,25795072,50,29,read_contract,371.1122500099009,True,
forkyard,25795072,50,29,read_contract,435.4307079920545,True,
forkyard,25795072,50,29,read_contract,417.47149999719113,True,
forkyard,25795072,50,29,read_contract,422.40575001051184,True,
forkyard,25795072,50,29,read_contract,461.7734589992324,True,
forkyard,25795072,50,29,read_contract,737.0653339894488,True,
forkyard,25795072,50,29,read_contract,419.62612500356045,True,
forkyard,25795072,50,29,read_contract,115.2807079924969,True,
forkyard,25795072,50,29,discard,2.88025000190828,True,
forkyard,25795072,50,30,acquire,276.0616250016028,True,
forkyard,25795072,50,30,read_contract,380.1057919918094,True,
forkyard,25795072,50,30,read_contract,437.75895799626596,True,
forkyard,25795072,50,30,read_contract,414.3778330035275,True,
forkyard,25795072,50,30,read_contract,421.5981669985922,True,
forkyard,25795072,50,30,read_contract,446.76904199877754,True,
forkyard,25795072,50,30,read_contract,411.25862499757204,True,
forkyard,25795072,50,30,read_contract,404.7442500013858,True,
forkyard,25795072,50,30,read_contract,421.7329579987563,True,
forkyard,25795072,50,30,discard,29.316959000425413,True,
forkyard,25795072,50,31,acquire,288.8097920076689,True,
forkyard,25795072,50,31,read_contract,360.64333299873397,True,
forkyard,25795072,50,31,read_contract,421.49441699439194,True,
forkyard,25795072,50,31,read_contract,457.0409169973573,True,
forkyard,25795072,50,31,read_contract,416.58808299689554,True,
forkyard,25795072,50,31,read_contract,427.1790000057081,True,
forkyard,25795072,50,31,read_contract,401.76991700718645,True,
forkyard,25795072,50,31,read_contract,444.4187079934636,True,
forkyard,25795072,50,31,read_contract,402.80708300997503,True,
forkyard,25795072,50,31,discard,23.607208000612445,True,
forkyard,25795072,50,32,acquire,271.8448749947129,True,
forkyard,25795072,50,32,read_contract,370.3586670017103,True,
forkyard,25795072,50,32,read_contract,458.1322089943569,True,
forkyard,25795072,50,32,read_contract,396.58225000312086,True,
forkyard,25795072,50,32,read_contract,400.6001249945257,True,
forkyard,25795072,50,32,read_contract,475.9947499987902,True,
forkyard,25795072,50,32,read_contract,432.59745799878146,True,
forkyard,25795072,50,32,read_contract,386.85875000373926,True,
forkyard,25795072,50,32,read_contract,443.8249579980038,True,
forkyard,25795072,50,32,discard,16.887541001779027,True,
forkyard,25795072,50,33,acquire,273.5586670023622,True,
forkyard,25795072,50,33,read_contract,419.9938329984434,True,
forkyard,25795072,50,33,read_contract,398.6088329984341,True,
forkyard,25795072,50,33,read_contract,383.7881660001585,True,
forkyard,25795072,50,33,read_contract,459.1135829978157,True,
forkyard,25795072,50,33,read_contract,428.5970409982838,True,
forkyard,25795072,50,33,read_contract,427.12874998687766,True,
forkyard,25795072,50,33,read_contract,410.7146249880316,True,
forkyard,25795072,50,33,read_contract,402.802167009213,True,
forkyard,25795072,50,33,discard,20.698916996479966,True,
forkyard,25795072,50,34,acquire,275.91949999623466,True,
forkyard,25795072,50,34,read_contract,370.88837500778027,True,
forkyard,25795072,50,34,read_contract,459.2778329970315,True,
forkyard,25795072,50,34,read_contract,401.95349999703467,True,
forkyard,25795072,50,34,read_contract,396.11237500503194,True,
forkyard,25795072,50,34,read_contract,472.87770798720885,True,
forkyard,25795072,50,34,read_contract,396.25433400215115,True,
forkyard,25795072,50,34,read_contract,440.34908300091047,True,
forkyard,25795072,50,34,read_contract,425.7211660005851,True,
forkyard,25795072,50,34,discard,13.132333013345487,True,
forkyard,25795072,50,35,acquire,281.7702920001466,True,
forkyard,25795072,50,35,read_contract,349.8141659947578,True,
forkyard,25795072,50,35,read_contract,448.9615829952527,True,
forkyard,25795072,50,35,read_contract,432.82475000887644,True,
forkyard,25795072,50,35,read_contract,410.2034579991596,True,
forkyard,25795072,50,35,read_contract,450.06541699694935,True,
forkyard,25795072,50,35,read_contract,411.04166700097267,True,
forkyard,25795072,50,35,read_contract,411.13462499924935,True,
forkyard,25795072,50,35,read_contract,408.37654199276585,True,
forkyard,25795072,50,35,discard,25.638207996962592,True,
forkyard,25795072,50,36,acquire,267.3145000007935,True,
forkyard,25795072,50,36,read_contract,397.93012499285396,True,
forkyard,25795072,50,36,read_contract,739.0998750051949,True,
forkyard,25795072,50,36,read_contract,439.71833398973104,True,
forkyard,25795072,50,36,read_contract,445.23675000527874,True,
forkyard,25795072,50,36,read_contract,416.55208299926016,True,
forkyard,25795072,50,36,read_contract,399.523208005121,True,
forkyard,25795072,50,36,read_contract,430.89129200961906,True,
forkyard,25795072,50,36,read_contract,118.47066700283904,True,
forkyard,25795072,50,36,discard,1.9566250120988116,True,
forkyard,25795072,50,37,acquire,283.1926250073593,True,
forkyard,25795072,50,37,read_contract,380.2117090090178,True,
forkyard,25795072,50,37,read_contract,418.9995420019841,True,
forkyard,25795072,50,37,read_contract,411.8222919933032,True,
forkyard,25795072,50,37,read_contract,429.9860839964822,True,
forkyard,25795072,50,37,read_contract,435.0730419973843,True,
forkyard,25795072,50,37,read_contract,413.31320798781235,True,
forkyard,25795072,50,37,read_contract,416.70745800365694,True,
forkyard,25795072,50,37,read_contract,419.46579099749215,True,
forkyard,25795072,50,37,discard,23.442457997589372,True,
forkyard,25795072,50,38,acquire,284.4596250070026,True,
forkyard,25795072,50,38,read_contract,389.29325000208337,True,
forkyard,25795072,50,38,read_contract,376.01575000735465,True,
forkyard,25795072,50,38,read_contract,449.0914999914821,True,
forkyard,25795072,50,38,read_contract,406.3728749897564,True,
forkyard,25795072,50,38,read_contract,446.70762500027195,True,
forkyard,25795072,50,38,read_contract,452.4116249958752,True,
forkyard,25795072,50,38,read_contract,412.04087500227615,True,
forkyard,25795072,50,38,read_contract,411.813250000705,True,
forkyard,25795072,50,38,discard,17.61395799985621,True,
forkyard,25795072,50,39,acquire,286.4511660009157,True,
forkyard,25795072,50,39,read_contract,377.8921250050189,True,
forkyard,25795072,50,39,read_contract,415.97691699280404,True,
forkyard,25795072,50,39,read_contract,406.4526250003837,True,
forkyard,25795072,50,39,read_contract,428.094750008313,True,
forkyard,25795072,50,39,read_contract,441.68366699886974,True,
forkyard,25795072,50,39,read_contract,439.89049999800045,True,
forkyard,25795072,50,39,read_contract,396.8357499979902,True,
forkyard,25795072,50,39,read_contract,420.0807910092408,True,
forkyard,25795072,50,39,discard,32.67845799564384,True,
forkyard,25795072,50,40,acquire,261.5182500012452,True,
forkyard,25795072,50,40,read_contract,401.0220420022961,True,
forkyard,25795072,50,40,read_contract,405.1576659985585,True,
forkyard,25795072,50,40,read_contract,445.1762910030084,True,
forkyard,25795072,50,40,read_contract,396.24420799373183,True,
forkyard,25795072,50,40,read_contract,450.4537909961073,True,
forkyard,25795072,50,40,read_contract,437.9950840084348,True,
forkyard,25795072,50,40,read_contract,411.3589159969706,True,
forkyard,25795072,50,40,read_contract,419.55925000365824,True,
forkyard,25795072,50,40,discard,22.284833001322113,True,
forkyard,25795072,50,41,acquire,282.70950001024175,True,
forkyard,25795072,50,41,read_contract,352.9621249908814,True,
forkyard,25795072,50,41,read_contract,762.0492499991087,True,
forkyard,25795072,50,41,read_contract,422.89729199546855,True,
forkyard,25795072,50,41,read_contract,456.90133300377056,True,
forkyard,25795072,50,41,read_contract,432.77229099476244,True,
forkyard,25795072,50,41,read_contract,382.1547080005985,True,
forkyard,25795072,50,41,read_contract,455.53829200798646,True,
forkyard,25795072,50,41,read_contract,104.82683300506324,True,
forkyard,25795072,50,41,discard,1.9361660088179633,True,
forkyard,25795072,50,42,acquire,273.40537500276696,True,
forkyard,25795072,50,42,read_contract,367.1100000065053,True,
forkyard,25795072,50,42,read_contract,436.75462499959394,True,
forkyard,25795072,50,42,read_contract,425.5070419894764,True,
forkyard,25795072,50,42,read_contract,423.1184590025805,True,
forkyard,25795072,50,42,read_contract,427.8545419947477,True,
forkyard,25795072,50,42,read_contract,426.06858401268255,True,
forkyard,25795072,50,42,read_contract,437.7900420076912,True,
forkyard,25795072,50,42,read_contract,395.922249997966,True,
forkyard,25795072,50,42,discard,27.922458000830375,True,
forkyard,25795072,50,43,acquire,289.4979169941507,True,
forkyard,25795072,50,43,read_contract,365.44087500078604,True,
forkyard,25795072,50,43,read_contract,412.5872500007972,True,
forkyard,25795072,50,43,read_contract,407.7603750047274,True,
forkyard,25795072,50,43,read_contract,448.5047909984132,True,
forkyard,25795072,50,43,read_contract,431.09675000596326,True,
forkyard,25795072,50,43,read_contract,438.0863750120625,True,
forkyard,25795072,50,43,read_contract,388.57645899406634,True,
forkyard,25795072,50,43,read_contract,440.0947089889087,True,
forkyard,25795072,50,43,discard,21.72883300227113,True,
forkyard,25795072,50,44,acquire,276.3714169996092,True,
forkyard,25795072,50,44,read_contract,361.83000000892207,True,
forkyard,25795072,50,44,read_contract,431.08837500039954,True,
forkyard,25795072,50,44,read_contract,407.3889999999665,True,
forkyard,25795072,50,44,read_contract,434.48199999693315,True,
forkyard,25795072,50,44,read_contract,454.70762500190176,True,
forkyard,25795072,50,44,read_contract,416.96699999738485,True,
forkyard,25795072,50,44,read_contract,407.74320799391717,True,
forkyard,25795072,50,44,read_contract,427.17154099955224,True,
forkyard,25795072,50,44,discard,18.68349999131169,True,
forkyard,25795072,50,45,acquire,299.22312499547843,True,
forkyard,25795072,50,45,read_contract,372.4768339889124,True,
forkyard,25795072,50,45,read_contract,451.1131250037579,True,
forkyard,25795072,50,45,read_contract,352.21662498952355,True,
forkyard,25795072,50,45,read_contract,458.4927499963669,True,
forkyard,25795072,50,45,read_contract,418.90308300207835,True,
forkyard,25795072,50,45,read_contract,437.25645801168866,True,
forkyard,25795072,50,45,read_contract,428.95695799961686,True,
forkyard,25795072,50,45,read_contract,394.96695800335146,True,
forkyard,25795072,50,45,discard,18.26562499627471,True,
forkyard,25795072,50,46,acquire,266.9069169933209,True,
forkyard,25795072,50,46,read_contract,374.02204200043343,True,
forkyard,25795072,50,46,read_contract,408.2912080048118,True,
forkyard,25795072,50,46,read_contract,433.10320799355395,True,
forkyard,25795072,50,46,read_contract,440.32712499029003,True,
forkyard,25795072,50,46,read_contract,421.8153750116471,True,
forkyard,25795072,50,46,read_contract,458.7818750005681,True,
forkyard,25795072,50,46,read_contract,424.51079199963715,True,
forkyard,25795072,50,46,read_contract,392.7497920085443,True,
forkyard,25795072,50,46,discard,19.11475000088103,True,
forkyard,25795072,50,47,acquire,259.5832499937387,True,
forkyard,25795072,50,47,read_contract,384.50637499045115,True,
forkyard,25795072,50,47,read_contract,448.6896250018617,True,
forkyard,25795072,50,47,read_contract,383.16337499418296,True,
forkyard,25795072,50,47,read_contract,435.129292003694,True,
forkyard,25795072,50,47,read_contract,452.8412500076229,True,
forkyard,25795072,50,47,read_contract,416.5802909992635,True,
forkyard,25795072,50,47,read_contract,421.9405409967294,True,
forkyard,25795072,50,47,read_contract,413.3048340008827,True,
forkyard,25795072,50,47,discard,15.507834003074095,True,
forkyard,25795072,50,48,acquire,285.99908300384413,True,
forkyard,25795072,50,48,read_contract,373.6817909957608,True,
forkyard,25795072,50,48,read_contract,410.19554100057576,True,
forkyard,25795072,50,48,read_contract,409.7330419899663,True,
forkyard,25795072,50,48,read_contract,433.43950000416953,True,
forkyard,25795072,50,48,read_contract,462.4257090035826,True,
forkyard,25795072,50,48,read_contract,401.6945829935139,True,
forkyard,25795072,50,48,read_contract,445.21129100758117,True,
forkyard,25795072,50,48,read_contract,388.42408399796113,True,
forkyard,25795072,50,48,discard,25.11720899201464,True,
forkyard,25795072,50,49,acquire,290.07333298795857,True,
forkyard,25795072,50,49,read_contract,349.0516669990029,True,
forkyard,25795072,50,49,read_contract,451.0505830112379,True,
forkyard,25795072,50,49,read_contract,396.71983300650027,True,
forkyard,25795072,50,49,read_contract,441.91387499449775,True,
forkyard,25795072,50,49,read_contract,425.8626669907244,True,
forkyard,25795072,50,49,read_contract,419.20654200657737,True,
forkyard,25795072,50,49,read_contract,432.3669169971254,True,
forkyard,25795072,50,49,read_contract,417.10399999283254,True,
forkyard,25795072,50,49,discard,19.361541999387555,True,
forkyard,25795072,50,-1,__total__,3710.604499996407,True,
anvil,25795072,50,0,acquire,1091.3840410066769,True,
anvil,25795072,50,0,read_contract,1605.687625007704,True,
anvil,25795072,50,0,read_contract,307.4607080052374,True,
anvil,25795072,50,0,read_contract,356.98970800149255,True,
anvil,25795072,50,0,read_contract,551.5590419963701,True,
anvil,25795072,50,0,read_contract,555.0233750109328,True,
anvil,25795072,50,0,read_contract,308.26829199213535,True,
anvil,25795072,50,0,read_contract,294.9291670083767,True,
anvil,25795072,50,0,read_contract,360.4105830017943,True,
anvil,25795072,50,0,discard,8.85908299824223,True,
anvil,25795072,50,1,acquire,890.5551250063581,True,
anvil,25795072,50,1,read_contract,2130.0802920013666,True,
anvil,25795072,50,1,read_contract,401.1354999965988,True,
anvil,25795072,50,1,read_contract,351.9360840000445,True,
anvil,25795072,50,1,read_contract,306.2189999909606,True,
anvil,25795072,50,1,read_contract,385.69070798985194,True,
anvil,25795072,50,1,read_contract,311.75079199601896,True,
anvil,25795072,50,1,read_contract,299.9695410107961,True,
anvil,25795072,50,1,read_contract,566.1109159991611,True,
anvil,25795072,50,1,discard,3.8644580054096878,True,
anvil,25795072,50,2,acquire,3464.5395419938723,True,
anvil,25795072,50,2,read_contract,431.6122500022175,True,
anvil,25795072,50,2,read_contract,563.0155419930816,True,
anvil,25795072,50,2,read_contract,350.8695000055013,True,
anvil,25795072,50,2,read_contract,311.44575000507757,True,
anvil,25795072,50,2,read_contract,340.02416700241156,True,
anvil,25795072,50,2,read_contract,352.7294580126181,True,
anvil,25795072,50,2,read_contract,291.90091700002085,True,
anvil,25795072,50,2,read_contract,371.74670900276396,True,
anvil,25795072,50,2,discard,3.803207990131341,True,
anvil,25795072,50,3,acquire,3387.6578330091434,True,
anvil,25795072,50,3,read_contract,492.1281670103781,True,
anvil,25795072,50,3,read_contract,548.9665409986628,True,
anvil,25795072,50,3,read_contract,368.51370900694747,True,
anvil,25795072,50,3,read_contract,297.30929200013634,True,
anvil,25795072,50,3,read_contract,545.6988339865347,True,
anvil,25795072,50,3,read_contract,541.410709003685,True,
anvil,25795072,50,3,read_contract,327.7886249998119,True,
anvil,25795072,50,3,read_contract,358.58512500999495,True,
anvil,25795072,50,3,discard,3.8042079977458343,True,
anvil,25795072,50,4,acquire,918.8085829955526,True,
anvil,25795072,50,4,read_contract,1753.4269169991603,True,
anvil,25795072,50,4,read_contract,314.45862499822397,True,
anvil,25795072,50,4,read_contract,403.1450420006877,True,
anvil,25795072,50,4,read_contract,374.31633299274836,True,
anvil,25795072,50,4,read_contract,293.32179100310896,True,
anvil,25795072,50,4,read_contract,350.79487500479445,True,
anvil,25795072,50,4,read_contract,565.7126250007423,True,
anvil,25795072,50,4,read_contract,339.873125005397,True,
anvil,25795072,50,4,discard,3.9678750035818666,True,
anvil,25795072,50,5,acquire,899.5235420006793,True,
anvil,25795072,50,5,read_contract,1766.2838329997612,True,
anvil,25795072,50,5,read_contract,317.9990420030663,True,
anvil,25795072,50,5,read_contract,366.2352499959525,True,
anvil,25795072,50,5,read_contract,379.39929201093037,True,
anvil,25795072,50,5,read_contract,309.13441700977273,True,
anvil,25795072,50,5,read_contract,349.4125409924891,True,
anvil,25795072,50,5,read_contract,369.906458989135,True,
anvil,25795072,50,5,read_contract,307.71145899780095,True,
anvil,25795072,50,5,discard,3.867042003548704,True,
anvil,25795072,50,6,acquire,901.3091670058202,True,
anvil,25795072,50,6,read_contract,1647.567041000002,True,
anvil,25795072,50,6,read_contract,289.12508400389925,True,
anvil,25795072,50,6,read_contract,564.6410419867607,True,
anvil,25795072,50,6,read_contract,345.6782500143163,True,
anvil,25795072,50,6,read_contract,302.2906249971129,True,
anvil,25795072,50,6,read_contract,344.8887919948902,True,
anvil,25795072,50,6,read_contract,562.9795830027433,True,
anvil,25795072,50,6,read_contract,528.9957909990335,True,
anvil,25795072,50,6,discard,4.7074589965632185,True,
anvil,25795072,50,7,acquire,892.4150409875438,True,
anvil,25795072,50,7,read_contract,1670.2131249912782,True,
anvil,25795072,50,7,read_contract,377.87229201057926,True,
anvil,25795072,50,7,read_contract,567.2978749935282,True,
anvil,25795072,50,7,read_contract,548.1490829988616,True,
anvil,25795072,50,7,read_contract,380.9646250010701,True,
anvil,25795072,50,7,read_contract,341.3709580054274,True,
anvil,25795072,50,7,read_contract,302.412707998883,True,
anvil,25795072,50,7,read_contract,554.0970000001835,True,
anvil,25795072,50,7,discard,3.8167909951880574,True,
anvil,25795072,50,8,acquire,894.0562920033699,True,
anvil,25795072,50,8,read_contract,1664.017375005642,True,
anvil,25795072,50,8,read_contract,378.2234169921139,True,
anvil,25795072,50,8,read_contract,571.8791249964852,True,
anvil,25795072,50,8,read_contract,551.1986669880571,True,
anvil,25795072,50,8,read_contract,356.21579199505504,True,
anvil,25795072,50,8,read_contract,368.680540996138,True,
anvil,25795072,50,8,read_contract,298.9150420035003,True,
anvil,25795072,50,8,read_contract,341.07520901307,True,
anvil,25795072,50,8,discard,8.35770800767932,True,
anvil,25795072,50,9,acquire,850.84816699964,True,
anvil,25795072,50,9,read_contract,1681.437207997078,True,
anvil,25795072,50,9,read_contract,366.3876249920577,True,
anvil,25795072,50,9,read_contract,587.3268750001444,True,
anvil,25795072,50,9,read_contract,342.31037499557715,True,
anvil,25795072,50,9,read_contract,564.3708749994403,True,
anvil,25795072,50,9,read_contract,365.1578330027405,True,
anvil,25795072,50,9,read_contract,313.13366699032485,True,
anvil,25795072,50,9,read_contract,362.58545800228603,True,
anvil,25795072,50,9,discard,4.480624993448146,True,
anvil,25795072,50,10,acquire,834.256958012702,True,
anvil,25795072,50,10,read_contract,1683.3159160014475,True,
anvil,25795072,50,10,read_contract,380.35766599932685,True,
anvil,25795072,50,10,read_contract,584.4037909992039,True,
anvil,25795072,50,10,read_contract,548.09408300207,True,
anvil,25795072,50,10,read_contract,322.48941699799616,True,
anvil,25795072,50,10,read_contract,365.58033399342094,True,
anvil,25795072,50,10,read_contract,288.6033750110073,True,
anvil,25795072,50,10,read_contract,532.0861250074813,True,
anvil,25795072,50,10,discard,3.7233749899314716,True,
anvil,25795072,50,11,acquire,855.1292919873958,True,
anvil,25795072,50,11,read_contract,1654.1695830092067,True,
anvil,25795072,50,11,read_contract,378.57420899672434,True,
anvil,25795072,50,11,read_contract,565.1035830087494,True,
anvil,25795072,50,11,read_contract,553.3118750026915,True,
anvil,25795072,50,11,read_contract,356.4880420017289,True,
anvil,25795072,50,11,read_contract,365.64433299645316,True,
anvil,25795072,50,11,read_contract,300.5615419970127,True,
anvil,25795072,50,11,read_contract,554.6035839943215,True,
anvil,25795072,50,11,discard,3.7412499950733036,True,
anvil,25795072,50,12,acquire,846.6551250021439,True,
anvil,25795072,50,12,read_contract,1671.054082995397,True,
anvil,25795072,50,12,read_contract,350.3680840076413,True,
anvil,25795072,50,12,read_contract,293.508834001841,True,
anvil,25795072,50,12,read_contract,284.2800419894047,True,
anvil,25795072,50,12,read_contract,567.6161249866709,True,
anvil,25795072,50,12,read_contract,358.0056669889018,True,
anvil,25795072,50,12,read_contract,346.00237500853837,True,
anvil,25795072,50,12,read_contract,318.0849579948699,True,
anvil,25795072,50,12,discard,6.22704200213775,True,
anvil,25795072,50,13,acquire,862.6828329870477,True,
anvil,25795072,50,13,read_contract,1638.137583999196,True,
anvil,25795072,50,13,read_contract,388.21754200034775,True,
anvil,25795072,50,13,read_contract,582.6459579984657,True,
anvil,25795072,50,13,read_contract,337.16862500295974,True,
anvil,25795072,50,13,read_contract,555.6258750002598,True,
anvil,25795072,50,13,read_contract,377.25099999806844,True,
anvil,25795072,50,13,read_contract,303.8109579938464,True,
anvil,25795072,50,13,read_contract,348.4219590027351,True,
anvil,25795072,50,13,discard,2.762042000540532,True,
anvil,25795072,50,14,acquire,859.6712910075439,True,
anvil,25795072,50,14,read_contract,1731.2614170077723,True,
anvil,25795072,50,14,read_contract,312.79266699857544,True,
anvil,25795072,50,14,read_contract,399.47224999195896,True,
anvil,25795072,50,14,read_contract,378.03045799955726,True,
anvil,25795072,50,14,read_contract,306.09549999644514,True,
anvil,25795072,50,14,read_contract,398.43804099655244,True,
anvil,25795072,50,14,read_contract,661.1952079983894,True,
anvil,25795072,50,14,read_contract,322.8695829893695,True,
anvil,25795072,50,14,discard,3.8019999919924885,True,
anvil,25795072,50,15,acquire,860.459791001631,True,
anvil,25795072,50,15,read_contract,1634.5974169962574,True,
anvil,25795072,50,15,read_contract,393.40391699806787,True,
anvil,25795072,50,15,read_contract,599.6217920037452,True,
anvil,25795072,50,15,read_contract,290.30495799088385,True,
anvil,25795072,50,15,read_contract,376.1583330051508,True,
anvil,25795072,50,15,read_contract,294.9440410011448,True,
anvil,25795072,50,15,read_contract,378.06362500123214,True,
anvil,25795072,50,15,read_contract,385.7553749985527,True,
anvil,25795072,50,15,discard,4.451375003554858,True,
anvil,25795072,50,16,acquire,852.1760830044514,True,
anvil,25795072,50,16,read_contract,1633.5712080035591,True,
anvil,25795072,50,16,read_contract,377.78204199275933,True,
anvil,25795072,50,16,read_contract,572.930374997668,True,
anvil,25795072,50,16,read_contract,557.0960420009214,True,
anvil,25795072,50,16,read_contract,357.4082919949433,True,
anvil,25795072,50,16,read_contract,378.24329199793283,True,
anvil,25795072,50,16,read_contract,300.15829199692234,True,
anvil,25795072,50,16,read_contract,351.0419579979498,True,
anvil,25795072,50,16,discard,4.484457997023128,True,
anvil,25795072,50,17,acquire,873.4849159955047,True,
anvil,25795072,50,17,read_contract,1707.5435409933561,True,
anvil,25795072,50,17,read_contract,312.0554579945747,True,
anvil,25795072,50,17,read_contract,357.47741600789595,True,
anvil,25795072,50,17,read_contract,377.453458000673,True,
anvil,25795072,50,17,read_contract,299.1305000032298,True,
anvil,25795072,50,17,read_contract,598.5283339978196,True,
anvil,25795072,50,17,read_contract,301.01700000523124,True,
anvil,25795072,50,17,read_contract,378.7058749876451,True,
anvil,25795072,50,17,discard,5.933874999755062,True,
anvil,25795072,50,18,acquire,4158.148082991829,True,
anvil,25795072,50,18,read_contract,700.4409169894643,True,
anvil,25795072,50,18,read_contract,350.8843750023516,True,
anvil,25795072,50,18,read_contract,300.1494579948485,True,
anvil,25795072,50,18,read_contract,536.8888329976471,True,
anvil,25795072,50,18,read_contract,340.9261669876287,True,
anvil,25795072,50,18,read_contract,383.34883299830835,True,
anvil,25795072,50,18,read_contract,295.31029099598527,True,
anvil,25795072,50,18,read_contract,363.97387499164324,True,
anvil,25795072,50,18,discard,4.025166999781504,True,
anvil,25795072,50,19,acquire,4367.877208002028,True,
anvil,25795072,50,19,read_contract,449.01383300020825,True,
anvil,25795072,50,19,read_contract,378.21595900459215,True,
anvil,25795072,50,19,read_contract,304.577667004196,True,
anvil,25795072,50,19,read_contract,346.5845840109978,True,
anvil,25795072,50,19,read_contract,389.3262079945998,True,
anvil,25795072,50,19,read_contract,297.12445799668785,True,
anvil,25795072,50,19,read_contract,368.2738750067074,True,
anvil,25795072,50,19,read_contract,394.32925000437535,True,
anvil,25795072,50,19,discard,9.153040999080986,True,
anvil,25795072,50,20,acquire,4364.5536249969155,True,
anvil,25795072,50,20,read_contract,455.3859590087086,True,
anvil,25795072,50,20,read_contract,552.757459008717,True,
anvil,25795072,50,20,read_contract,350.6046249967767,True,
anvil,25795072,50,20,read_contract,313.2674169901293,True,
anvil,25795072,50,20,read_contract,551.6568339953665,True,
anvil,25795072,50,20,read_contract,336.63729099498596,True,
anvil,25795072,50,20,read_contract,367.4784580070991,True,
anvil,25795072,50,20,read_contract,303.08570800116286,True,
anvil,25795072,50,20,discard,8.663333996082656,True,
anvil,25795072,50,21,acquire,2515.2019590022974,True,
anvil,25795072,50,21,read_contract,555.7558750006137,True,
anvil,25795072,50,21,read_contract,309.11099999502767,True,
anvil,25795072,50,21,read_contract,574.36820800649,True,
anvil,25795072,50,21,read_contract,376.4337079919642,True,
anvil,25795072,50,21,read_contract,369.3712500098627,True,
anvil,25795072,50,21,read_contract,304.0550839941716,True,
anvil,25795072,50,21,read_contract,343.9777919993503,True,
anvil,25795072,50,21,read_contract,558.1638330040732,True,
anvil,25795072,50,21,discard,3.999416992883198,True,
anvil,25795072,50,22,acquire,2505.9160829987377,True,
anvil,25795072,50,22,read_contract,458.2997499965131,True,
anvil,25795072,50,22,read_contract,332.358416999341,True,
anvil,25795072,50,22,read_contract,338.18091699504294,True,
anvil,25795072,50,22,read_contract,308.4062499983702,True,
anvil,25795072,50,22,read_contract,349.9898750014836,True,
anvil,25795072,50,22,read_contract,371.8844579998404,True,
anvil,25795072,50,22,read_contract,316.38291699346155,True,
anvil,25795072,50,22,read_contract,346.7248329980066,True,
anvil,25795072,50,22,discard,4.059957995195873,True,
anvil,25795072,50,23,acquire,2282.8399169957265,True,
anvil,25795072,50,23,read_contract,437.4378749926109,True,
anvil,25795072,50,23,read_contract,575.2437079936499,True,
anvil,25795072,50,23,read_contract,298.6505419976311,True,
anvil,25795072,50,23,read_contract,296.7447080009151,True,
anvil,25795072,50,23,read_contract,552.4437080021016,True,
anvil,25795072,50,23,read_contract,568.6651669966523,True,
anvil,25795072,50,23,read_contract,334.2743329994846,True,
anvil,25795072,50,23,read_contract,556.3712500006659,True,
anvil,25795072,50,23,discard,3.830834000837058,True,
anvil,25795072,50,24,acquire,2499.0908750041854,True,
anvil,25795072,50,24,read_contract,466.92162500403356,True,
anvil,25795072,50,24,read_contract,387.8172499971697,True,
anvil,25795072,50,24,read_contract,534.5953329961048,True,
anvil,25795072,50,24,read_contract,602.245917005348,True,
anvil,25795072,50,24,read_contract,301.36612500064075,True,
anvil,25795072,50,24,read_contract,577.281124991714,True,
anvil,25795072,50,24,read_contract,350.3158329986036,True,
anvil,25795072,50,24,read_contract,300.7985000003828,True,
anvil,25795072,50,24,discard,4.002750007202849,True,
anvil,25795072,50,25,acquire,870.2220000122907,True,
anvil,25795072,50,25,read_contract,1693.8697500008857,True,
anvil,25795072,50,25,read_contract,320.4442080023,True,
anvil,25795072,50,25,read_contract,377.8480830078479,True,
anvil,25795072,50,25,read_contract,325.7057909941068,True,
anvil,25795072,50,25,read_contract,301.33474999456666,True,
anvil,25795072,50,25,read_contract,559.8653329943772,True,
anvil,25795072,50,25,read_contract,344.57874999498017,True,
anvil,25795072,50,25,read_contract,563.8526660040952,True,
anvil,25795072,50,25,discard,2.3047910071909428,True,
anvil,25795072,50,26,acquire,874.9483330029761,True,
anvil,25795072,50,26,read_contract,1688.6230840027565,True,
anvil,25795072,50,26,read_contract,315.9140829957323,True,
anvil,25795072,50,26,read_contract,368.0257499945583,True,
anvil,25795072,50,26,read_contract,349.23116699792445,True,
anvil,25795072,50,26,read_contract,303.23641598806717,True,
anvil,25795072,50,26,read_contract,364.08270899846684,True,
anvil,25795072,50,26,read_contract,562.2418749990175,True,
anvil,25795072,50,26,read_contract,343.7481669971021,True,
anvil,25795072,50,26,discard,3.7997079925844446,True,
anvil,25795072,50,27,acquire,2518.977833999088,True,
anvil,25795072,50,27,read_contract,431.4449160010554,True,
anvil,25795072,50,27,read_contract,384.8451660014689,True,
anvil,25795072,50,27,read_contract,368.18233400117606,True,
anvil,25795072,50,27,read_contract,287.2442090010736,True,
anvil,25795072,50,27,read_contract,300.8362090040464,True,
anvil,25795072,50,27,read_contract,366.71783300698735,True,
anvil,25795072,50,27,read_contract,297.690874998807,True,
anvil,25795072,50,27,read_contract,344.55220800009556,True,
anvil,25795072,50,27,discard,3.658499990706332,True,
anvil,25795072,50,28,acquire,4157.828332987265,True,
anvil,25795072,50,28,read_contract,492.2480000095675,True,
anvil,25795072,50,28,read_contract,316.398458002368,True,
anvil,25795072,50,28,read_contract,340.1165840041358,True,
anvil,25795072,50,28,read_contract,562.9472089931369,True,
anvil,25795072,50,28,read_contract,333.654458008823,True,
anvil,25795072,50,28,read_contract,296.5317909984151,True,
anvil,25795072,50,28,read_contract,545.1925420056796,True,
anvil,25795072,50,28,read_contract,543.4485839941772,True,
anvil,25795072,50,28,discard,3.823249993729405,True,
anvil,25795072,50,29,acquire,3319.5210420090007,True,
anvil,25795072,50,29,read_contract,513.5360839922214,True,
anvil,25795072,50,29,read_contract,282.3922079987824,True,
anvil,25795072,50,29,read_contract,282.8290829929756,True,
anvil,25795072,50,29,read_contract,573.1394169997657,True,
anvil,25795072,50,29,read_contract,343.1004580052104,True,
anvil,25795072,50,29,read_contract,352.7268329926301,True,
anvil,25795072,50,29,read_contract,290.92579100688454,True,
anvil,25795072,50,29,read_contract,353.1772499991348,True,
anvil,25795072,50,29,discard,3.840167002636008,True,
anvil,25795072,50,30,acquire,854.0911669988418,True,
anvil,25795072,50,30,read_contract,1687.3622090060962,True,
anvil,25795072,50,30,read_contract,308.22870900738053,True,
anvil,25795072,50,30,read_contract,382.6416249939939,True,
anvil,25795072,50,30,read_contract,325.78975000069477,True,
anvil,25795072,50,30,read_contract,309.5576249907026,True,
anvil,25795072,50,30,read_contract,553.2907909946516,True,
anvil,25795072,50,30,read_contract,350.2618749917019,True,
anvil,25795072,50,30,read_contract,554.1205000045011,True,
anvil,25795072,50,30,discard,6.696708005620167,True,
anvil,25795072,50,31,acquire,840.7459589943755,True,
anvil,25795072,50,31,read_contract,1666.4702919952106,True,
anvil,25795072,50,31,read_contract,307.72616699687205,True,
anvil,25795072,50,31,read_contract,374.7689169977093,True,
anvil,25795072,50,31,read_contract,383.96645900502335,True,
anvil,25795072,50,31,read_contract,300.6404579937225,True,
anvil,25795072,50,31,read_contract,341.42070800589863,True,
anvil,25795072,50,31,read_contract,545.7626249990426,True,
anvil,25795072,50,31,read_contract,547.3025839892216,True,
anvil,25795072,50,31,discard,2.065124994260259,True,
anvil,25795072,50,32,acquire,844.1041659971233,True,
anvil,25795072,50,32,read_contract,1666.4651250030147,True,
anvil,25795072,50,32,read_contract,312.9713329981314,True,
anvil,25795072,50,32,read_contract,359.72229100298136,True,
anvil,25795072,50,32,read_contract,563.3169580105459,True,
anvil,25795072,50,32,read_contract,331.656957991072,True,
anvil,25795072,50,32,read_contract,286.11516699311323,True,
anvil,25795072,50,32,read_contract,532.2356249962468,True,
anvil,25795072,50,32,read_contract,350.7135840045521,True,
anvil,25795072,50,32,discard,3.6846250004600734,True,
anvil,25795072,50,33,acquire,836.512624999159,True,
anvil,25795072,50,33,read_contract,1668.0106669955421,True,
anvil,25795072,50,33,read_contract,316.2316250090953,True,
anvil,25795072,50,33,read_contract,377.53895900095813,True,
anvil,25795072,50,33,read_contract,344.2426660039928,True,
anvil,25795072,50,33,read_contract,303.19637501088437,True,
anvil,25795072,50,33,read_contract,560.666500008665,True,
anvil,25795072,50,33,read_contract,346.3077920023352,True,
anvil,25795072,50,33,read_contract,558.1870830064872,True,
anvil,25795072,50,33,discard,3.9827919972594827,True,
anvil,25795072,50,34,acquire,849.7624160081614,True,
anvil,25795072,50,34,read_contract,1643.3325839898316,True,
anvil,25795072,50,34,read_contract,316.7468750034459,True,
anvil,25795072,50,34,read_contract,377.9121249972377,True,
anvil,25795072,50,34,read_contract,565.9247500007041,True,
anvil,25795072,50,34,read_contract,290.3083749988582,True,
anvil,25795072,50,34,read_contract,280.9705830004532,True,
anvil,25795072,50,34,read_contract,293.0084999970859,True,
anvil,25795072,50,34,read_contract,302.915624997695,True,
anvil,25795072,50,34,discard,4.649082999094389,True,
anvil,25795072,50,35,acquire,2290.8294160006335,True,
anvil,25795072,50,35,read_contract,708.149375001085,True,
anvil,25795072,50,35,read_contract,287.13504198822193,True,
anvil,25795072,50,35,read_contract,365.69916699954774,True,
anvil,25795072,50,35,read_contract,284.0700419910718,True,
anvil,25795072,50,35,read_contract,309.3324169894913,True,
anvil,25795072,50,35,read_contract,369.67395899409894,True,
anvil,25795072,50,35,read_contract,301.92404199624434,True,
anvil,25795072,50,35,read_contract,352.32254199218005,True,
anvil,25795072,50,35,discard,5.685208001523279,True,
anvil,25795072,50,36,acquire,3335.623457998736,True,
anvil,25795072,50,36,read_contract,492.36499999824446,True,
anvil,25795072,50,36,read_contract,556.8705829937244,True,
anvil,25795072,50,36,read_contract,344.1705420118524,True,
anvil,25795072,50,36,read_contract,555.9983749990351,True,
anvil,25795072,50,36,read_contract,345.974459007266,True,
anvil,25795072,50,36,read_contract,296.9156250037486,True,
anvil,25795072,50,36,read_contract,550.9701249975478,True,
anvil,25795072,50,36,read_contract,335.90095800173003,True,
anvil,25795072,50,36,discard,4.806584009202197,True,
anvil,25795072,50,37,acquire,3188.598082997487,True,
anvil,25795072,50,37,read_contract,537.8292919922387,True,
anvil,25795072,50,37,read_contract,346.44191699044313,True,
anvil,25795072,50,37,read_contract,285.53487500175834,True,
anvil,25795072,50,37,read_contract,563.0452079931274,True,
anvil,25795072,50,37,read_contract,350.6861670030048,True,
anvil,25795072,50,37,read_contract,345.86200000194367,True,
anvil,25795072,50,37,read_contract,298.4646670083748,True,
anvil,25795072,50,37,read_contract,536.46708400629,True,
anvil,25795072,50,37,discard,3.81616699451115,True,
anvil,25795072,50,38,acquire,2272.721957997419,True,
anvil,25795072,50,38,read_contract,938.9022499963176,True,
anvil,25795072,50,38,read_contract,296.577500004787,True,
anvil,25795072,50,38,read_contract,287.3152500105789,True,
anvil,25795072,50,38,read_contract,367.99162499664817,True,
anvil,25795072,50,38,read_contract,285.3240419935901,True,
anvil,25795072,50,38,read_contract,296.27433299901895,True,
anvil,25795072,50,38,read_contract,344.04291700047906,True,
anvil,25795072,50,38,read_contract,283.8486249966081,True,
anvil,25795072,50,38,discard,3.7064589996589348,True,
anvil,25795072,50,39,acquire,4300.407999995514,True,
anvil,25795072,50,39,read_contract,444.230167006026,True,
anvil,25795072,50,39,read_contract,351.5041659993585,True,
anvil,25795072,50,39,read_contract,302.3572500096634,True,
anvil,25795072,50,39,read_contract,540.9412079898175,True,
anvil,25795072,50,39,read_contract,356.14533300395124,True,
anvil,25795072,50,39,read_contract,547.7439999958733,True,
anvil,25795072,50,39,read_contract,535.7513330091024,True,
anvil,25795072,50,39,read_contract,319.7364160005236,True,
anvil,25795072,50,39,discard,8.834624997689389,True,
anvil,25795072,50,40,acquire,4222.871416000999,True,
anvil,25795072,50,40,read_contract,466.5236669970909,True,
anvil,25795072,50,40,read_contract,387.4947919975966,True,
anvil,25795072,50,40,read_contract,292.7384579961654,True,
anvil,25795072,50,40,read_contract,361.2786250014324,True,
anvil,25795072,50,40,read_contract,291.40624999126885,True,
anvil,25795072,50,40,read_contract,389.8263339942787,True,
anvil,25795072,50,40,read_contract,374.5304159965599,True,
anvil,25795072,50,40,read_contract,388.9346669893712,True,
anvil,25795072,50,40,discard,8.77116598712746,True,
anvil,25795072,50,41,acquire,4209.037000007811,True,
anvil,25795072,50,41,read_contract,514.5924579992425,True,
anvil,25795072,50,41,read_contract,552.4291250039823,True,
anvil,25795072,50,41,read_contract,340.98850000009406,True,
anvil,25795072,50,41,read_contract,294.6315839944873,True,
anvil,25795072,50,41,read_contract,556.3045409944607,True,
anvil,25795072,50,41,read_contract,332.3632919928059,True,
anvil,25795072,50,41,read_contract,548.3661670004949,True,
anvil,25795072,50,41,read_contract,337.44554199802224,True,
anvil,25795072,50,41,discard,8.867916010785848,True,
anvil,25795072,50,42,acquire,4207.306124997558,True,
anvil,25795072,50,42,read_contract,500.73991699900944,True,
anvil,25795072,50,42,read_contract,551.9879159983248,True,
anvil,25795072,50,42,read_contract,344.2263329925481,True,
anvil,25795072,50,42,read_contract,293.84620899509173,True,
anvil,25795072,50,42,read_contract,527.2538340068422,True,
anvil,25795072,50,42,read_contract,526.2335419974988,True,
anvil,25795072,50,42,read_contract,348.14116700727027,True,
anvil,25795072,50,42,read_contract,285.67145799752325,True,
anvil,25795072,50,42,discard,3.814583003986627,True,
anvil,25795072,50,43,acquire,4187.617667004815,True,
anvil,25795072,50,43,read_contract,509.0642499999376,True,
anvil,25795072,50,43,read_contract,560.6621670012828,True,
anvil,25795072,50,43,read_contract,347.7411670028232,True,
anvil,25795072,50,43,read_contract,307.19525000313297,True,
anvil,25795072,50,43,read_contract,341.1738340073498,True,
anvil,25795072,50,43,read_contract,375.2497499954188,True,
anvil,25795072,50,43,read_contract,298.80133300321177,True,
anvil,25795072,50,43,read_contract,355.41833299794234,True,
anvil,25795072,50,43,discard,4.2822920077014714,True,
anvil,25795072,50,44,acquire,2306.4089999970747,True,
anvil,25795072,50,44,read_contract,462.2646670031827,True,
anvil,25795072,50,44,read_contract,369.31091599399224,True,
anvil,25795072,50,44,read_contract,565.7150829938473,True,
anvil,25795072,50,44,read_contract,294.4292920001317,True,
anvil,25795072,50,44,read_contract,295.44641700340435,True,
anvil,25795072,50,44,read_contract,364.86149999836925,True,
anvil,25795072,50,44,read_contract,284.6375000081025,True,
anvil,25795072,50,44,read_contract,303.53779200231656,True,
anvil,25795072,50,44,discard,2.259000000776723,True,
anvil,25795072,50,45,acquire,4214.667416003067,True,
anvil,25795072,50,45,read_contract,456.92845901066903,True,
anvil,25795072,50,45,read_contract,368.09708300279453,True,
anvil,25795072,50,45,read_contract,316.36220900691114,True,
anvil,25795072,50,45,read_contract,538.7454169976991,True,
anvil,25795072,50,45,read_contract,588.4241250023479,True,
anvil,25795072,50,45,read_contract,289.79566699126735,True,
anvil,25795072,50,45,read_contract,366.07462500978727,True,
anvil,25795072,50,45,read_contract,303.6972920090193,True,
anvil,25795072,50,45,discard,8.982708008261397,True,
anvil,25795072,50,46,acquire,2285.9840000019176,True,
anvil,25795072,50,46,read_contract,463.2390420010779,True,
anvil,25795072,50,46,read_contract,397.20875000057276,True,
anvil,25795072,50,46,read_contract,317.7752500050701,True,
anvil,25795072,50,46,read_contract,300.6279999972321,True,
anvil,25795072,50,46,read_contract,570.8088329993188,True,
anvil,25795072,50,46,read_contract,355.28033299488015,True,
anvil,25795072,50,46,read_contract,376.39095800113864,True,
anvil,25795072,50,46,read_contract,301.7564579931786,True,
anvil,25795072,50,46,discard,3.7994580052327365,True,
anvil,25795072,50,47,acquire,2282.9491250013234,True,
anvil,25795072,50,47,read_contract,451.5312500006985,True,
anvil,25795072,50,47,read_contract,387.12699999450706,True,
anvil,25795072,50,47,read_contract,355.26166699128225,True,
anvil,25795072,50,47,read_contract,302.26875000516884,True,
anvil,25795072,50,47,read_contract,563.7668749986915,True,
anvil,25795072,50,47,read_contract,350.39099999994505,True,
anvil,25795072,50,47,read_contract,546.3149999995949,True,
anvil,25795072,50,47,read_contract,336.16041600180324,True,
anvil,25795072,50,47,discard,3.911791995051317,True,
anvil,25795072,50,48,acquire,2282.563583998126,True,
anvil,25795072,50,48,read_contract,461.3903749996098,True,
anvil,25795072,50,48,read_contract,355.79974998836406,True,
anvil,25795072,50,48,read_contract,359.14625000441447,True,
anvil,25795072,50,48,read_contract,307.9224160028389,True,
anvil,25795072,50,48,read_contract,560.7165830006124,True,
anvil,25795072,50,48,read_contract,354.0048750001006,True,
anvil,25795072,50,48,read_contract,549.2581250000512,True,
anvil,25795072,50,48,read_contract,338.87666699592955,True,
anvil,25795072,50,48,discard,4.063166998093948,True,
anvil,25795072,50,49,acquire,2274.4769169948995,True,
anvil,25795072,50,49,read_contract,454.5402079966152,True,
anvil,25795072,50,49,read_contract,357.0768329955172,True,
anvil,25795072,50,49,read_contract,374.55633300123736,True,
anvil,25795072,50,49,read_contract,291.4028329978464,True,
anvil,25795072,50,49,read_contract,561.3895830028923,True,
anvil,25795072,50,49,read_contract,341.86008300457615,True,
anvil,25795072,50,49,read_contract,553.4551669989014,True,
anvil,25795072,50,49,read_contract,530.5222079914529,True,
anvil,25795072,50,49,discard,3.9966670010471717,True,
anvil,25795072,50,-1,__total__,7936.458500000299,True,
