backend,block_height,num_agents,agent_id,action,elapsed_ms,ok,error
forkyard,25795072,1,0,acquire,3.446791000897065,True,
forkyard,25795072,1,0,read_contract,597.5881250051316,True,
forkyard,25795072,1,0,read_contract,326.92762500664685,True,
forkyard,25795072,1,0,read_contract,343.503916010377,True,
forkyard,25795072,1,0,read_contract,335.98295898991637,True,
forkyard,25795072,1,0,read_contract,317.2041670040926,True,
forkyard,25795072,1,0,read_contract,299.09883299842477,True,
forkyard,25795072,1,0,read_contract,294.241833005799,True,
forkyard,25795072,1,0,read_contract,328.9741249900544,True,
forkyard,25795072,1,0,discard,2.3476670030504465,True,
forkyard,25795072,1,-1,__total__,2850.0017909973394,True,
anvil,25795072,1,0,acquire,842.9957089974778,True,
anvil,25795072,1,0,read_contract,476.30720799497794,True,
anvil,25795072,1,0,read_contract,287.8065830009291,True,
anvil,25795072,1,0,read_contract,289.78141699917614,True,
anvil,25795072,1,0,read_contract,303.5600000002887,True,
anvil,25795072,1,0,read_contract,302.1602910012007,True,
anvil,25795072,1,0,read_contract,298.01841601147316,True,
anvil,25795072,1,0,read_contract,295.339457996306,True,
anvil,25795072,1,0,read_contract,300.001625000732,True,
anvil,25795072,1,0,discard,3.8640839920844883,True,
anvil,25795072,1,-1,__total__,3400.2892919961596,True,
forkyard,25795072,5,0,acquire,6.959207996260375,True,
forkyard,25795072,5,0,read_contract,616.4306249993388,True,
forkyard,25795072,5,0,read_contract,302.95637500239536,True,
forkyard,25795072,5,0,read_contract,296.7305829952238,True,
forkyard,25795072,5,0,read_contract,306.12337500497233,True,
forkyard,25795072,5,0,read_contract,298.92600000312086,True,
forkyard,25795072,5,0,read_contract,315.9821659937734,True,
forkyard,25795072,5,0,read_contract,326.3165419921279,True,
forkyard,25795072,5,0,read_contract,306.2254579999717,True,
forkyard,25795072,5,0,discard,1.0620840039337054,True,
forkyard,25795072,5,1,acquire,8.750624998356216,True,
forkyard,25795072,5,1,read_contract,915.5948339903262,True,
forkyard,25795072,5,1,read_contract,614.2275419988437,True,
forkyard,25795072,5,1,read_contract,593.9088339946466,True,
forkyard,25795072,5,1,read_contract,619.0574579959502,True,
forkyard,25795072,5,1,read_contract,624.8827500094194,True,
forkyard,25795072,5,1,read_contract,621.4570000011008,True,
forkyard,25795072,5,1,read_contract,612.2440409963019,True,
forkyard,25795072,5,1,read_contract,321.9617919967277,True,
forkyard,25795072,5,1,discard,313.79258300876245,True,
forkyard,25795072,5,2,acquire,8.83554200117942,True,
forkyard,25795072,5,2,read_contract,617.2284589993069,True,
forkyard,25795072,5,2,read_contract,306.19375000242144,True,
forkyard,25795072,5,2,read_contract,307.43141600396484,True,
forkyard,25795072,5,2,read_contract,318.3692920138128,True,
forkyard,25795072,5,2,read_contract,320.94820799829904,True,
forkyard,25795072,5,2,read_contract,317.0141659938963,True,
forkyard,25795072,5,2,read_contract,307.9979999893112,True,
forkyard,25795072,5,2,read_contract,305.29504199512303,True,
forkyard,25795072,5,2,discard,1.0604170092847198,True,
forkyard,25795072,5,3,acquire,9.665916004450992,True,
forkyard,25795072,5,3,read_contract,533.207583008334,True,
forkyard,25795072,5,3,read_contract,305.468207996455,True,
forkyard,25795072,5,3,read_contract,309.5353749959031,True,
forkyard,25795072,5,3,read_contract,301.80524999741465,True,
forkyard,25795072,5,3,read_contract,306.2471660086885,True,
forkyard,25795072,5,3,read_contract,317.7199589990778,True,
forkyard,25795072,5,3,read_contract,335.3825410013087,True,
forkyard,25795072,5,3,read_contract,299.2192499950761,True,
forkyard,25795072,5,3,discard,1.72358300187625,True,
forkyard,25795072,5,4,acquire,10.754541988717392,True,
forkyard,25795072,5,4,read_contract,919.0773750015069,True,
forkyard,25795072,5,4,read_contract,609.9566670018248,True,
forkyard,25795072,5,4,read_contract,593.2769580103923,True,
forkyard,25795072,5,4,read_contract,621.8105840089265,True,
forkyard,25795072,5,4,read_contract,626.5390409971587,True,
forkyard,25795072,5,4,read_contract,619.429875005153,True,
forkyard,25795072,5,4,read_contract,919.8084590025246,True,
forkyard,25795072,5,4,read_contract,329.0718750067754,True,
forkyard,25795072,5,4,discard,2.3250830126926303,True,
forkyard,25795072,5,-1,__total__,5256.5447079978185,True,
anvil,25795072,5,0,acquire,865.5413749947911,True,
anvil,25795072,5,0,read_contract,459.6752090001246,True,
anvil,25795072,5,0,read_contract,289.2613339936361,True,
anvil,25795072,5,0,read_contract,287.98766699037515,True,
anvil,25795072,5,0,read_contract,298.4857910050778,True,
anvil,25795072,5,0,read_contract,310.6400419928832,True,
anvil,25795072,5,0,read_contract,297.3979579983279,True,
anvil,25795072,5,0,read_contract,299.73033400892746,True,
anvil,25795072,5,0,read_contract,290.7526670023799,True,
anvil,25795072,5,0,discard,3.8179999974090606,True,
anvil,25795072,5,1,acquire,859.7737910022261,True,
anvil,25795072,5,1,read_contract,466.06066699314397,True,
anvil,25795072,5,1,read_contract,299.2893749906216,True,
anvil,25795072,5,1,read_contract,285.426375005045,True,
anvil,25795072,5,1,read_contract,297.49333299696445,True,
anvil,25795072,5,1,read_contract,296.0838329890976,True,
anvil,25795072,5,1,read_contract,298.5907499969471,True,
anvil,25795072,5,1,read_contract,299.2189579963451,True,
anvil,25795072,5,1,read_contract,288.62849999859463,True,
anvil,25795072,5,1,discard,3.834249990177341,True,
anvil,25795072,5,2,acquire,853.2884159940295,True,
anvil,25795072,5,2,read_contract,464.5356250111945,True,
anvil,25795072,5,2,read_contract,300.7652920059627,True,
anvil,25795072,5,2,read_contract,282.4666250089649,True,
anvil,25795072,5,2,read_contract,295.22249998990446,True,
anvil,25795072,5,2,read_contract,304.4533339998452,True,
anvil,25795072,5,2,read_contract,301.5361669968115,True,
anvil,25795072,5,2,read_contract,297.4212919943966,True,
anvil,25795072,5,2,read_contract,287.6710419950541,True,
anvil,25795072,5,2,discard,3.387874996406026,True,
anvil,25795072,5,3,acquire,849.9019590090029,True,
anvil,25795072,5,3,read_contract,451.4703750028275,True,
anvil,25795072,5,3,read_contract,291.4506670058472,True,
anvil,25795072,5,3,read_contract,292.4196250096429,True,
anvil,25795072,5,3,read_contract,300.9842079918599,True,
anvil,25795072,5,3,read_contract,306.204708002042,True,
anvil,25795072,5,3,read_contract,291.4501249906607,True,
anvil,25795072,5,3,read_contract,293.8150419940939,True,
anvil,25795072,5,3,read_contract,295.9051670040935,True,
anvil,25795072,5,3,discard,3.884959005517885,True,
anvil,25795072,5,4,acquire,851.8680830020458,True,
anvil,25795072,5,4,read_contract,453.49908400385175,True,
anvil,25795072,5,4,read_contract,287.8131250035949,True,
anvil,25795072,5,4,read_contract,286.62358300061896,True,
anvil,25795072,5,4,read_contract,302.91245800617617,True,
anvil,25795072,5,4,read_contract,304.1251250106143,True,
anvil,25795072,5,4,read_contract,295.56629100989085,True,
anvil,25795072,5,4,read_contract,298.4043750038836,True,
anvil,25795072,5,4,read_contract,288.4059579955647,True,
anvil,25795072,5,4,discard,3.757917002076283,True,
anvil,25795072,5,-1,__total__,3403.693333006231,True,
forkyard,25795072,10,0,acquire,8.822957999655046,True,
forkyard,25795072,10,0,read_contract,1148.3005000045523,True,
forkyard,25795072,10,0,read_contract,593.9566250017378,True,
forkyard,25795072,10,0,read_contract,887.7845829993021,True,
forkyard,25795072,10,0,read_contract,873.2852919929428,True,
forkyard,25795072,10,0,read_contract,892.673417009064,True,
forkyard,25795072,10,0,read_contract,881.1780419928255,True,
forkyard,25795072,10,0,read_contract,907.0759580063168,True,
forkyard,25795072,10,0,read_contract,901.2535000074422,True,
forkyard,25795072,10,0,discard,299.8864999972284,True,
forkyard,25795072,10,1,acquire,9.752958998433314,True,
forkyard,25795072,10,1,read_contract,939.0095410053618,True,
forkyard,25795072,10,1,read_contract,630.5841249995865,True,
forkyard,25795072,10,1,read_contract,564.2327919922536,True,
forkyard,25795072,10,1,read_contract,600.294458999997,True,
forkyard,25795072,10,1,read_contract,635.011417005444,True,
forkyard,25795072,10,1,read_contract,315.255708002951,True,
forkyard,25795072,10,1,read_contract,890.6407079921337,True,
forkyard,25795072,10,1,read_contract,614.1557499940973,True,
forkyard,25795072,10,1,discard,2.586000002338551,True,
forkyard,25795072,10,2,acquire,10.237167007289827,True,
forkyard,25795072,10,2,read_contract,1539.353417014354,True,
forkyard,25795072,10,2,read_contract,895.5483750032727,True,
forkyard,25795072,10,2,read_contract,901.3490409997758,True,
forkyard,25795072,10,2,read_contract,886.5835420001531,True,
forkyard,25795072,10,2,read_contract,890.0837499968475,True,
forkyard,25795072,10,2,read_contract,887.1966659935424,True,
forkyard,25795072,10,2,read_contract,1081.9632079947041,True,
forkyard,25795072,10,2,read_contract,634.7144169994863,True,
forkyard,25795072,10,2,discard,1.980791988899,True,
forkyard,25795072,10,3,acquire,13.752708007814363,True,
forkyard,25795072,10,3,read_contract,910.1352080033394,True,
forkyard,25795072,10,3,read_contract,640.1414169959025,True,
forkyard,25795072,10,3,read_contract,585.7552500092424,True,
forkyard,25795072,10,3,read_contract,619.1982500022277,True,
forkyard,25795072,10,3,read_contract,609.6842920087511,True,
forkyard,25795072,10,3,read_contract,331.6097499919124,True,
forkyard,25795072,10,3,read_contract,578.9249170047697,True,
forkyard,25795072,10,3,read_contract,618.2780829985859,True,
forkyard,25795072,10,3,discard,282.857750004041,True,
forkyard,25795072,10,4,acquire,13.710250001167879,True,
forkyard,25795072,10,4,read_contract,1142.4726249970263,True,
forkyard,25795072,10,4,read_contract,875.0067920045694,True,
forkyard,25795072,10,4,read_contract,907.4290419957833,True,
forkyard,25795072,10,4,read_contract,888.5319160035579,True,
forkyard,25795072,10,4,read_contract,857.9817919962807,True,
forkyard,25795072,10,4,read_contract,897.4657910002861,True,
forkyard,25795072,10,4,read_contract,899.0657909889705,True,
forkyard,25795072,10,4,read_contract,910.163124994142,True,
forkyard,25795072,10,4,discard,6.956165991141461,True,
forkyard,25795072,10,5,acquire,14.105124995694496,True,
forkyard,25795072,10,5,read_contract,1205.2557089918992,True,
forkyard,25795072,10,5,read_contract,926.4107079943642,True,
forkyard,25795072,10,5,read_contract,907.5760840059957,True,
forkyard,25795072,10,5,read_contract,867.2426660050405,True,
forkyard,25795072,10,5,read_contract,907.3610000050394,True,
forkyard,25795072,10,5,read_contract,899.1017499938607,True,
forkyard,25795072,10,5,read_contract,1057.982375001302,True,
forkyard,25795072,10,5,read_contract,931.5535000059754,True,
forkyard,25795072,10,5,discard,5.510625007445924,True,
forkyard,25795072,10,6,acquire,14.123334010946564,True,
forkyard,25795072,10,6,read_contract,933.6435000004712,True,
forkyard,25795072,10,6,read_contract,629.1790000104811,True,
forkyard,25795072,10,6,read_contract,577.421250010957,True,
forkyard,25795072,10,6,read_contract,590.0332500023069,True,
forkyard,25795072,10,6,read_contract,939.6754159970442,True,
forkyard,25795072,10,6,read_contract,577.7472079935251,True,
forkyard,25795072,10,6,read_contract,324.37966599536594,True,
forkyard,25795072,10,6,read_contract,611.8031670048367,True,
forkyard,25795072,10,6,discard,1.1515420046634972,True,
forkyard,25795072,10,7,acquire,17.69649999914691,True,
forkyard,25795072,10,7,read_contract,1443.9888750057435,True,
forkyard,25795072,10,7,read_contract,875.4770420055138,True,
forkyard,25795072,10,7,read_contract,884.703832998639,True,
forkyard,25795072,10,7,read_contract,898.2827919971896,True,
forkyard,25795072,10,7,read_contract,847.0116249955026,True,
forkyard,25795072,10,7,read_contract,905.7587499992223,True,
forkyard,25795072,10,7,read_contract,895.378957997309,True,
forkyard,25795072,10,7,read_contract,630.2217499905964,True,
forkyard,25795072,10,7,discard,1.3181249960325658,True,
forkyard,25795072,10,8,acquire,19.274000005680136,True,
forkyard,25795072,10,8,read_contract,1197.4474169983296,True,
forkyard,25795072,10,8,read_contract,610.4535420017783,True,
forkyard,25795072,10,8,read_contract,891.527583997231,True,
forkyard,25795072,10,8,read_contract,900.6108750036219,True,
forkyard,25795072,10,8,read_contract,893.1153339945013,True,
forkyard,25795072,10,8,read_contract,896.2547919945791,True,
forkyard,25795072,10,8,read_contract,1063.5331249941373,True,
forkyard,25795072,10,8,read_contract,916.4450000098441,True,
forkyard,25795072,10,8,discard,322.148917010054,True,
forkyard,25795072,10,9,acquire,14.731624993146397,True,
forkyard,25795072,10,9,read_contract,908.284500008449,True,
forkyard,25795072,10,9,read_contract,636.9936670089373,True,
forkyard,25795072,10,9,read_contract,595.9690419986146,True,
forkyard,25795072,10,9,read_contract,611.134332997608,True,
forkyard,25795072,10,9,read_contract,932.3659999936353,True,
forkyard,25795072,10,9,read_contract,578.8426670042099,True,
forkyard,25795072,10,9,read_contract,617.9771249881014,True,
forkyard,25795072,10,9,read_contract,291.4167080016341,True,
forkyard,25795072,10,9,discard,1.4681250031571835,True,
forkyard,25795072,10,-1,__total__,7730.958000000101,True,
anvil,25795072,10,0,acquire,875.5411249876488,True,
anvil,25795072,10,0,read_contract,445.46158400771674,True,
anvil,25795072,10,0,read_contract,305.25408299581613,True,
anvil,25795072,10,0,read_contract,305.0282500043977,True,
anvil,25795072,10,0,read_contract,295.5404170061229,True,
anvil,25795072,10,0,read_contract,300.4283330083126,True,
anvil,25795072,10,0,read_contract,312.4798750068294,True,
anvil,25795072,10,0,read_contract,298.9367080008378,True,
anvil,25795072,10,0,read_contract,285.90379099478014,True,
anvil,25795072,10,0,discard,3.890457999659702,True,
anvil,25795072,10,1,acquire,877.1939589933027,True,
anvil,25795072,10,1,read_contract,448.4162910084706,True,
anvil,25795072,10,1,read_contract,298.5448749968782,True,
anvil,25795072,10,1,read_contract,297.1632499975385,True,
anvil,25795072,10,1,read_contract,288.80099998787045,True,
anvil,25795072,10,1,read_contract,304.30779099697247,True,
anvil,25795072,10,1,read_contract,311.50370799878146,True,
anvil,25795072,10,1,read_contract,293.13283300143667,True,
anvil,25795072,10,1,read_contract,285.47120800067205,True,
anvil,25795072,10,1,discard,9.03683400247246,True,
anvil,25795072,10,2,acquire,886.0089160007192,True,
anvil,25795072,10,2,read_contract,445.8410419902066,True,
anvil,25795072,10,2,read_contract,304.1386249969946,True,
anvil,25795072,10,2,read_contract,297.9982499964535,True,
anvil,25795072,10,2,read_contract,300.5058329872554,True,
anvil,25795072,10,2,read_contract,299.10825000843033,True,
anvil,25795072,10,2,read_contract,314.03920899902005,True,
anvil,25795072,10,2,read_contract,298.3764170057839,True,
anvil,25795072,10,2,read_contract,295.6522909953492,True,
anvil,25795072,10,2,discard,3.8238749984884635,True,
anvil,25795072,10,3,acquire,859.88558299141,True,
anvil,25795072,10,3,read_contract,444.235832997947,True,
anvil,25795072,10,3,read_contract,299.0977919980651,True,
anvil,25795072,10,3,read_contract,299.35379201197065,True,
anvil,25795072,10,3,read_contract,304.1730420081876,True,
anvil,25795072,10,3,read_contract,300.7036659982987,True,
anvil,25795072,10,3,read_contract,324.6884160034824,True,
anvil,25795072,10,3,read_contract,292.2880000114674,True,
anvil,25795072,10,3,read_contract,288.8406669953838,True,
anvil,25795072,10,3,discard,3.6814170016441494,True,
anvil,25795072,10,4,acquire,871.9066249905154,True,
anvil,25795072,10,4,read_contract,451.3537919992814,True,
anvil,25795072,10,4,read_contract,306.5537499933271,True,
anvil,25795072,10,4,read_contract,295.57458400086034,True,
anvil,25795072,10,4,read_contract,303.69095900096,True,
anvil,25795072,10,4,read_contract,301.6298330039717,True,
anvil,25795072,10,4,read_contract,309.53133301227354,True,
anvil,25795072,10,4,read_contract,288.6716670036549,True,
anvil,25795072,10,4,read_contract,307.48908399255015,True,
anvil,25795072,10,4,discard,3.788542002439499,True,
anvil,25795072,10,5,acquire,866.5549169963924,True,
anvil,25795072,10,5,read_contract,449.6105419966625,True,
anvil,25795072,10,5,read_contract,311.4685000036843,True,
anvil,25795072,10,5,read_contract,303.53541699878406,True,
anvil,25795072,10,5,read_contract,289.17354199802503,True,
anvil,25795072,10,5,read_contract,304.9862500047311,True,
anvil,25795072,10,5,read_contract,308.51225000515115,True,
anvil,25795072,10,5,read_contract,294.89204099809285,True,
anvil,25795072,10,5,read_contract,293.2686249987455,True,
anvil,25795072,10,5,discard,3.7992919969838113,True,
anvil,25795072,10,6,acquire,868.4919590014033,True,
anvil,25795072,10,6,read_contract,429.421665990958,True,
anvil,25795072,10,6,read_contract,308.2051250094082,True,
anvil,25795072,10,6,read_contract,298.36387500108685,True,
anvil,25795072,10,6,read_contract,296.51916700822767,True,
anvil,25795072,10,6,read_contract,302.61733299994376,True,
anvil,25795072,10,6,read_contract,309.19500000891276,True,
anvil,25795072,10,6,read_contract,297.861290993751,True,
anvil,25795072,10,6,read_contract,283.23383400856983,True,
anvil,25795072,10,6,discard,3.3755839976947755,True,
anvil,25795072,10,7,acquire,858.9696669951081,True,
anvil,25795072,10,7,read_contract,436.07924999378156,True,
anvil,25795072,10,7,read_contract,304.5131250109989,True,
anvil,25795072,10,7,read_contract,301.8531670095399,True,
anvil,25795072,10,7,read_contract,291.5002500085393,True,
anvil,25795072,10,7,read_contract,299.5910419995198,True,
anvil,25795072,10,7,read_contract,311.21120900206733,True,
anvil,25795072,10,7,read_contract,296.46741700707935,True,
anvil,25795072,10,7,read_contract,287.4595839966787,True,
anvil,25795072,10,7,discard,3.8113329937914386,True,
anvil,25795072,10,8,acquire,857.4827500124229,True,
anvil,25795072,10,8,read_contract,446.8432499998016,True,
anvil,25795072,10,8,read_contract,306.3653749995865,True,
anvil,25795072,10,8,read_contract,301.8479999882402,True,
anvil,25795072,10,8,read_contract,288.6501660104841,True,
anvil,25795072,10,8,read_contract,308.9454579894664,True,
anvil,25795072,10,8,read_contract,313.3044160058489,True,
anvil,25795072,10,8,read_contract,296.8564589973539,True,
anvil,25795072,10,8,read_contract,290.6506669969531,True,
anvil,25795072,10,8,discard,4.546708005364053,True,
anvil,25795072,10,9,acquire,840.739332998055,True,
anvil,25795072,10,9,read_contract,451.98024999990594,True,
anvil,25795072,10,9,read_contract,302.4755000078585,True,
anvil,25795072,10,9,read_contract,311.95837500854395,True,
anvil,25795072,10,9,read_contract,291.012875008164,True,
anvil,25795072,10,9,read_contract,301.7323749954812,True,
anvil,25795072,10,9,read_contract,315.6689159950474,True,
anvil,25795072,10,9,read_contract,297.42979200091213,True,
anvil,25795072,10,9,read_contract,300.37020800227765,True,
anvil,25795072,10,9,discard,3.6792920000152662,True,
anvil,25795072,10,-1,__total__,3455.168540996965,True,
forkyard,25795072,25,0,acquire,10.885041003348306,True,
forkyard,25795072,25,0,read_contract,1559.3026249989634,True,
forkyard,25795072,25,0,read_contract,1518.1774169905111,True,
forkyard,25795072,25,0,read_contract,1474.0283749997616,True,
forkyard,25795072,25,0,read_contract,1465.994749989477,True,
forkyard,25795072,25,0,read_contract,2066.680666001048,True,
forkyard,25795072,25,0,read_contract,2422.084666992305,True,
forkyard,25795072,25,0,read_contract,1473.7432920082938,True,
forkyard,25795072,25,0,read_contract,2041.0799169912934,True,
forkyard,25795072,25,0,discard,582.9117499961285,True,
forkyard,25795072,25,1,acquire,6.997000004048459,True,
forkyard,25795072,25,1,read_contract,1876.542124999105,True,
forkyard,25795072,25,1,read_contract,1457.1174590091687,True,
forkyard,25795072,25,1,read_contract,1519.55620800436,True,
forkyard,25795072,25,1,read_contract,1523.6929160018917,True,
forkyard,25795072,25,1,read_contract,1451.8424999987474,True,
forkyard,25795072,25,1,read_contract,1467.2123750060564,True,
forkyard,25795072,25,1,read_contract,1456.1963750020368,True,
forkyard,25795072,25,1,read_contract,1458.352791989455,True,
forkyard,25795072,25,1,discard,292.95954199915286,True,
forkyard,25795072,25,2,acquire,6.427667001844384,True,
forkyard,25795072,25,2,read_contract,1855.4085829964606,True,
forkyard,25795072,25,2,read_contract,1822.9609580012038,True,
forkyard,25795072,25,2,read_contract,2350.7550840004114,True,
forkyard,25795072,25,2,read_contract,3000.723332996131,True,
forkyard,25795072,25,2,read_contract,2364.063291999628,True,
forkyard,25795072,25,2,read_contract,2943.727709003724,True,
forkyard,25795072,25,2,read_contract,1491.3401660014642,True,
forkyard,25795072,25,2,read_contract,1177.3140000004787,True,
forkyard,25795072,25,2,discard,7.608500003698282,True,
forkyard,25795072,25,3,acquire,7.324917009100318,True,
forkyard,25795072,25,3,read_contract,1465.590334002627,True,
forkyard,25795072,25,3,read_contract,1450.068874997669,True,
forkyard,25795072,25,3,read_contract,2106.697750001331,True,
forkyard,25795072,25,3,read_contract,1556.5153329953318,True,
forkyard,25795072,25,3,read_contract,2401.300249999622,True,
forkyard,25795072,25,3,read_contract,1487.5484999938635,True,
forkyard,25795072,25,3,read_contract,2098.283082988928,True,
forkyard,25795072,25,3,read_contract,1177.1827079937793,True,
forkyard,25795072,25,3,discard,590.4623750102473,True,
forkyard,25795072,25,4,acquire,4.125166989979334,True,
forkyard,25795072,25,4,read_contract,1567.6148329948774,True,
forkyard,25795072,25,4,read_contract,1516.3834999984829,True,
forkyard,25795072,25,4,read_contract,2048.7948329973733,True,
forkyard,25795072,25,4,read_contract,1508.8297500042245,True,
forkyard,25795072,25,4,read_contract,2363.1805420009186,True,
forkyard,25795072,25,4,read_contract,2070.2461670007324,True,
forkyard,25795072,25,4,read_contract,2370.938958993065,True,
forkyard,25795072,25,4,read_contract,1168.7702079943847,True,
forkyard,25795072,25,4,discard,1.1613329988904297,True,
forkyard,25795072,25,5,acquire,7.421166999847628,True,
forkyard,25795072,25,5,read_contract,2427.802333011641,True,
forkyard,25795072,25,5,read_contract,1824.9819589982508,True,
forkyard,25795072,25,5,read_contract,1775.1039169961587,True,
forkyard,25795072,25,5,read_contract,1800.2476250112522,True,
forkyard,25795072,25,5,read_contract,1769.3739169917535,True,
forkyard,25795072,25,5,read_contract,1793.7478329986334,True,
forkyard,25795072,25,5,read_contract,1777.276458000415,True,
forkyard,25795072,25,5,read_contract,2656.8790419987636,True,
forkyard,25795072,25,5,discard,582.6342499931343,True,
forkyard,25795072,25,6,acquire,12.971124990144745,True,
forkyard,25795072,25,6,read_contract,1868.862999996054,True,
forkyard,25795072,25,6,read_contract,1459.317667002324,True,
forkyard,25795072,25,6,read_contract,1519.4132500037085,True,
forkyard,25795072,25,6,read_contract,1521.7349160084268,True,
forkyard,25795072,25,6,read_contract,1454.7285830049077,True,
forkyard,25795072,25,6,read_contract,1466.380375000881,True,
forkyard,25795072,25,6,read_contract,1457.1096250001574,True,
forkyard,25795072,25,6,read_contract,1457.198749994859,True,
forkyard,25795072,25,6,discard,291.5872499870602,True,
forkyard,25795072,25,7,acquire,13.095750007778406,True,
forkyard,25795072,25,7,read_contract,1844.9445830046898,True,
forkyard,25795072,25,7,read_contract,1822.4428749963408,True,
forkyard,25795072,25,7,read_contract,1753.732040990144,True,
forkyard,25795072,25,7,read_contract,1790.91850000259,True,
forkyard,25795072,25,7,read_contract,2377.0541249978123,True,
forkyard,25795072,25,7,read_contract,2962.7500000060536,True,
forkyard,25795072,25,7,read_contract,1778.097832997446,True,
forkyard,25795072,25,7,read_contract,1491.5357919962844,True,
forkyard,25795072,25,7,discard,579.1824999905657,True,
forkyard,25795072,25,8,acquire,6.48029099102132,True,
forkyard,25795072,25,8,read_contract,1460.4193749983096,True,
forkyard,25795072,25,8,read_contract,2030.278707999969,True,
forkyard,25795072,25,8,read_contract,1529.1217079939088,True,
forkyard,25795072,25,8,read_contract,2449.991208006395,True,
forkyard,25795072,25,8,read_contract,1507.323500001803,True,
forkyard,25795072,25,8,read_contract,2104.8230830056127,True,
forkyard,25795072,25,8,read_contract,2067.956040991703,True,
forkyard,25795072,25,8,read_contract,1182.3280829994474,True,
forkyard,25795072,25,8,discard,301.14224999852013,True,
forkyard,25795072,25,9,acquire,13.927541993325576,True,
forkyard,25795072,25,9,read_contract,1454.3755420017987,True,
forkyard,25795072,25,9,read_contract,1450.6160419987282,True,
forkyard,25795072,25,9,read_contract,1528.050291002728,True,
forkyard,25795072,25,9,read_contract,1505.157416992006,True,
forkyard,25795072,25,9,read_contract,1522.8144170105224,True,
forkyard,25795072,25,9,read_contract,1511.238749997574,True,
forkyard,25795072,25,9,read_contract,1486.68054099835,True,
forkyard,25795072,25,9,read_contract,1526.0656669997843,True,
forkyard,25795072,25,9,discard,570.8682500116993,True,
forkyard,25795072,25,10,acquire,13.485624993336387,True,
forkyard,25795072,25,10,read_contract,1551.9822500064038,True,
forkyard,25795072,25,10,read_contract,2114.9130830017384,True,
forkyard,25795072,25,10,read_contract,1452.6832080009626,True,
forkyard,25795072,25,10,read_contract,2384.220042004017,True,
forkyard,25795072,25,10,read_contract,1485.9519580058986,True,
forkyard,25795072,25,10,read_contract,1509.780458000023,True,
forkyard,25795072,25,10,read_contract,1474.3972500000382,True,
forkyard,25795072,25,10,read_contract,1460.0355419970583,True,
forkyard,25795072,25,10,discard,578.69754100102,True,
forkyard,25795072,25,11,acquire,14.833749999525025,True,
forkyard,25795072,25,11,read_contract,1864.3680000095628,True,
forkyard,25795072,25,11,read_contract,1767.5188340072054,True,
forkyard,25795072,25,11,read_contract,2730.048584009637,True,
forkyard,25795072,25,11,read_contract,1451.0405829933006,True,
forkyard,25795072,25,11,read_contract,1774.02254199842,True,
forkyard,25795072,25,11,read_contract,2608.4954160032794,True,
forkyard,25795072,25,11,read_contract,1187.4994170066202,True,
forkyard,25795072,25,11,read_contract,916.0377079970203,True,
forkyard,25795072,25,11,discard,280.85554200515617,True,
forkyard,25795072,25,12,acquire,20.991749988752417,True,
forkyard,25795072,25,12,read_contract,2171.150875001331,True,
forkyard,25795072,25,12,read_contract,2662.760833001812,True,
forkyard,25795072,25,12,read_contract,1827.6007079984993,True,
forkyard,25795072,25,12,read_contract,2615.276583994273,True,
forkyard,25795072,25,12,read_contract,1450.8289999939734,True,
forkyard,25795072,25,12,read_contract,1754.4895409955643,True,
forkyard,25795072,25,12,read_contract,1189.757333995658,True,
forkyard,25795072,25,12,read_contract,900.647458009189,True,
forkyard,25795072,25,12,discard,3.5644590097945184,True,
forkyard,25795072,25,13,acquire,41.0219580080593,True,
forkyard,25795072,25,13,read_contract,2131.800959003158,True,
forkyard,25795072,25,13,read_contract,2378.7981669884175,True,
forkyard,25795072,25,13,read_contract,1465.8899999922141,True,
forkyard,25795072,25,13,read_contract,1496.2047080043703,True,
forkyard,25795072,25,13,read_contract,2089.7972079983447,True,
forkyard,25795072,25,13,read_contract,1467.0101249939762,True,
forkyard,25795072,25,13,read_contract,1481.3822919968516,True,
forkyard,25795072,25,13,read_contract,1469.7898340091342,True,
forkyard,25795072,25,13,discard,582.3617910064058,True,
forkyard,25795072,25,14,acquire,16.15775001118891,True,
forkyard,25795072,25,14,read_contract,2050.6055419973563,True,
forkyard,25795072,25,14,read_contract,2373.2188750000205,True,
forkyard,25795072,25,14,read_contract,1503.8198749971343,True,
forkyard,25795072,25,14,read_contract,1524.393500003498,True,
forkyard,25795072,25,14,read_contract,2106.9156250014203,True,
forkyard,25795072,25,14,read_contract,2419.0416659985203,True,
forkyard,25795072,25,14,read_contract,1156.5710410068277,True,
forkyard,25795072,25,14,read_contract,1482.2742090036627,True,
forkyard,25795072,25,14,discard,3.3432909986004233,True,
forkyard,25795072,25,15,acquire,11.912457994185388,True,
forkyard,25795072,25,15,read_contract,1839.4912090006983,True,
forkyard,25795072,25,15,read_contract,1823.3307500049705,True,
forkyard,25795072,25,15,read_contract,1750.418499999796,True,
forkyard,25795072,25,15,read_contract,1791.0102080059005,True,
forkyard,25795072,25,15,read_contract,1807.592500001192,True,
forkyard,25795072,25,15,read_contract,1756.5422500047134,True,
forkyard,25795072,25,15,read_contract,1777.3369159986032,True,
forkyard,25795072,25,15,read_contract,1777.1527910081204,True,
forkyard,25795072,25,15,discard,607.4762920034118,True,
forkyard,25795072,25,16,acquire,261.7699999973411,True,
forkyard,25795072,25,16,read_contract,1797.9136659996584,True,
forkyard,25795072,25,16,read_contract,1425.9150419966318,True,
forkyard,25795072,25,16,read_contract,2450.758457998745,True,
forkyard,25795072,25,16,read_contract,2131.080416002078,True,
forkyard,25795072,25,16,read_contract,2390.611833005096,True,
forkyard,25795072,25,16,read_contract,1531.4576669916278,True,
forkyard,25795072,25,16,read_contract,1742.3425830056658,True,
forkyard,25795072,25,16,read_contract,900.0024999986636,True,
forkyard,25795072,25,16,discard,1.062416995409876,True,
forkyard,25795072,25,17,acquire,32.67000000050757,True,
forkyard,25795072,25,17,read_contract,1813.6165830073878,True,
forkyard,25795072,25,17,read_contract,2396.5806249907473,True,
forkyard,25795072,25,17,read_contract,2966.0208749992307,True,
forkyard,25795072,25,17,read_contract,1808.512375006103,True,
forkyard,25795072,25,17,read_contract,1754.4960000086576,True,
forkyard,25795072,25,17,read_contract,1778.9476659963839,True,
forkyard,25795072,25,17,read_contract,2386.1706250027055,True,
forkyard,25795072,25,17,read_contract,1463.55491700524,True,
forkyard,25795072,25,17,discard,315.36100000084843,True,
forkyard,25795072,25,18,acquire,34.89541698945686,True,
forkyard,25795072,25,18,read_contract,1829.6265000099083,True,
forkyard,25795072,25,18,read_contract,1460.7172919932054,True,
forkyard,25795072,25,18,read_contract,1517.5702090054983,True,
forkyard,25795072,25,18,read_contract,1523.7322920002043,True,
forkyard,25795072,25,18,read_contract,1737.9800409980817,True,
forkyard,25795072,25,18,read_contract,2635.609832999762,True,
forkyard,25795072,25,18,read_contract,1461.0985420004,True,
forkyard,25795072,25,18,read_contract,896.0147089965176,True,
forkyard,25795072,25,18,discard,287.79920800297987,True,
forkyard,25795072,25,19,acquire,254.25266700040083,True,
forkyard,25795072,25,19,read_contract,2815.717332996428,True,
forkyard,25795072,25,19,read_contract,1471.332708009868,True,
forkyard,25795072,25,19,read_contract,2084.5106660126476,True,
forkyard,25795072,25,19,read_contract,1448.5732920002192,True,
forkyard,25795072,25,19,read_contract,1517.3727920046076,True,
forkyard,25795072,25,19,read_contract,2377.503750001779,True,
forkyard,25795072,25,19,read_contract,1462.7909999981057,True,
forkyard,25795072,25,19,read_contract,1163.6720419919584,True,
forkyard,25795072,25,19,discard,3.350874991156161,True,
forkyard,25795072,25,20,acquire,254.1169999894919,True,
forkyard,25795072,25,20,read_contract,2646.590999996988,True,
forkyard,25795072,25,20,read_contract,1529.130915994756,True,
forkyard,25795072,25,20,read_contract,2136.778375002905,True,
forkyard,25795072,25,20,read_contract,1498.4308750135824,True,
forkyard,25795072,25,20,read_contract,1497.5360829994315,True,
forkyard,25795072,25,20,read_contract,1507.0287920098053,True,
forkyard,25795072,25,20,read_contract,1483.8610000006156,True,
forkyard,25795072,25,20,read_contract,1765.8362079964718,True,
forkyard,25795072,25,20,discard,302.83179199614096,True,
forkyard,25795072,25,21,acquire,253.13870899844915,True,
forkyard,25795072,25,21,read_contract,1905.7841659960104,True,
forkyard,25795072,25,21,read_contract,1503.3102910092566,True,
forkyard,25795072,25,21,read_contract,2338.2752089964924,True,
forkyard,25795072,25,21,read_contract,1497.6529580017086,True,
forkyard,25795072,25,21,read_contract,1484.8740000015823,True,
forkyard,25795072,25,21,read_contract,1509.7367089911131,True,
forkyard,25795072,25,21,read_contract,2045.1884170033736,True,
forkyard,25795072,25,21,read_contract,2050.8784169942373,True,
forkyard,25795072,25,21,discard,3.3917919936357066,True,
forkyard,25795072,25,22,acquire,253.17833299050108,True,
forkyard,25795072,25,22,read_contract,2158.0271669954527,True,
forkyard,25795072,25,22,read_contract,2998.180208989652,True,
forkyard,25795072,25,22,read_contract,2399.908167004469,True,
forkyard,25795072,25,22,read_contract,2956.0023749945685,True,
forkyard,25795072,25,22,read_contract,1776.1755410028854,True,
forkyard,25795072,25,22,read_contract,1778.0813749996014,True,
forkyard,25795072,25,22,read_contract,2072.021667001536,True,
forkyard,25795072,25,22,read_contract,606.1980420054169,True,
forkyard,25795072,25,22,discard,2.49929100391455,True,
forkyard,25795072,25,23,acquire,253.53166699642316,True,
forkyard,25795072,25,23,read_contract,3402.075917008915,True,
forkyard,25795072,25,23,read_contract,1753.3214580034837,True,
forkyard,25795072,25,23,read_contract,1790.8293750078883,True,
forkyard,25795072,25,23,read_contract,1808.764000001247,True,
forkyard,25795072,25,23,read_contract,1754.9603330116952,True,
forkyard,25795072,25,23,read_contract,2386.875958996825,True,
forkyard,25795072,25,23,read_contract,1776.4817080023931,True,
forkyard,25795072,25,23,read_contract,1778.1185420026304,True,
forkyard,25795072,25,23,discard,281.8777499924181,True,
forkyard,25795072,25,24,acquire,228.31579200283159,True,
forkyard,25795072,25,24,read_contract,3064.084958998137,True,
forkyard,25795072,25,24,read_contract,1831.5894580009626,True,
forkyard,25795072,25,24,read_contract,2665.76962498948,True,
forkyard,25795072,25,24,read_contract,1464.9652500083903,True,
forkyard,25795072,25,24,read_contract,1734.5569169992814,True,
forkyard,25795072,25,24,read_contract,2074.7783749975497,True,
forkyard,25795072,25,24,read_contract,890.4806670034304,True,
forkyard,25795072,25,24,read_contract,602.4658329988597,True,
forkyard,25795072,25,24,discard,1.2906249903608114,True,
forkyard,25795072,25,-1,__total__,17027.721374994144,True,
anvil,25795072,25,0,acquire,888.5727500019129,True,
anvil,25795072,25,0,read_contract,434.0202919993317,True,
anvil,25795072,25,0,read_contract,1421.0659579985077,True,
anvil,25795072,25,0,read_contract,283.251457993174,True,
anvil,25795072,25,0,read_contract,278.30079100385774,True,
anvil,25795072,25,0,read_contract,280.2165830071317,True,
anvil,25795072,25,0,read_contract,285.103332993458,True,
anvil,25795072,25,0,read_contract,280.73491700342856,True,
anvil,25795072,25,0,read_contract,287.8134170023259,True,
anvil,25795072,25,0,discard,8.793458007858135,True,
anvil,25795072,25,1,acquire,907.4634580028942,True,
anvil,25795072,25,1,read_contract,442.76308300322853,True,
anvil,25795072,25,1,read_contract,1426.312958006747,True,
anvil,25795072,25,1,read_contract,291.67595799663104,True,
anvil,25795072,25,1,read_contract,291.05170899129007,True,
anvil,25795072,25,1,read_contract,288.0554160074098,True,
anvil,25795072,25,1,read_contract,297.557208003127,True,
anvil,25795072,25,1,read_contract,290.9119579999242,True,
anvil,25795072,25,1,read_contract,296.1622080038069,True,
anvil,25795072,25,1,discard,3.667625001980923,True,
anvil,25795072,25,2,acquire,701.0884580085985,True,
anvil,25795072,25,2,read_contract,434.83916600234807,True,
anvil,25795072,25,2,read_contract,1418.0007079994539,True,
anvil,25795072,25,2,read_contract,288.03454199805856,True,
anvil,25795072,25,2,read_contract,278.77954200084787,True,
anvil,25795072,25,2,read_contract,286.46933399431873,True,
anvil,25795072,25,2,read_contract,290.35354100051336,True,
anvil,25795072,25,2,read_contract,280.69912501086947,True,
anvil,25795072,25,2,read_contract,278.30645799986087,True,
anvil,25795072,25,2,discard,3.804416992352344,True,
anvil,25795072,25,3,acquire,885.3263749915641,True,
anvil,25795072,25,3,read_contract,1581.535833000089,True,
anvil,25795072,25,3,read_contract,286.36412498599384,True,
anvil,25795072,25,3,read_contract,282.0297500002198,True,
anvil,25795072,25,3,read_contract,283.116250007879,True,
anvil,25795072,25,3,read_contract,286.8825829937123,True,
anvil,25795072,25,3,read_contract,292.28412501106504,True,
anvil,25795072,25,3,read_contract,291.5240839938633,True,
anvil,25795072,25,3,read_contract,286.407292005606,True,
anvil,25795072,25,3,discard,3.7278749950928614,True,
anvil,25795072,25,4,acquire,678.770041995449,True,
anvil,25795072,25,4,read_contract,417.35800000606105,True,
anvil,25795072,25,4,read_contract,1425.2348330046516,True,
anvil,25795072,25,4,read_contract,290.2209580061026,True,
anvil,25795072,25,4,read_contract,277.809207997052,True,
anvil,25795072,25,4,read_contract,278.4564580069855,True,
anvil,25795072,25,4,read_contract,278.1202089972794,True,
anvil,25795072,25,4,read_contract,280.17916600219905,True,
anvil,25795072,25,4,read_contract,286.4507920021424,True,
anvil,25795072,25,4,discard,8.5525000031339,True,
anvil,25795072,25,5,acquire,874.0844580024714,True,
anvil,25795072,25,5,read_contract,439.52020799042657,True,
anvil,25795072,25,5,read_contract,1420.0711250014137,True,
anvil,25795072,25,5,read_contract,285.4914580093464,True,
anvil,25795072,25,5,read_contract,297.58874999242835,True,
anvil,25795072,25,5,read_contract,285.14750000613276,True,
anvil,25795072,25,5,read_contract,290.3177090047393,True,
anvil,25795072,25,5,read_contract,294.38025000854395,True,
anvil,25795072,25,5,read_contract,288.8999999995576,True,
anvil,25795072,25,5,discard,3.7002919998485595,True,
anvil,25795072,25,6,acquire,887.5447079917649,True,
anvil,25795072,25,6,read_contract,437.4908339959802,True,
anvil,25795072,25,6,read_contract,1424.4882500061067,True,
anvil,25795072,25,6,read_contract,297.0700829901034,True,
anvil,25795072,25,6,read_contract,302.92862499482,True,
anvil,25795072,25,6,read_contract,283.37183300754987,True,
anvil,25795072,25,6,read_contract,293.08500001206994,True,
anvil,25795072,25,6,read_contract,300.81145800068043,True,
anvil,25795072,25,6,read_contract,288.58987499552313,True,
anvil,25795072,25,6,discard,3.813500006799586,True,
anvil,25795072,25,7,acquire,867.3396250087535,True,
anvil,25795072,25,7,read_contract,435.8990409964463,True,
anvil,25795072,25,7,read_contract,1413.746791993617,True,
anvil,25795072,25,7,read_contract,287.40004100836813,True,
anvil,25795072,25,7,read_contract,279.1820000129519,True,
anvil,25795072,25,7,read_contract,283.92979099589866,True,
anvil,25795072,25,7,read_contract,284.0734999917913,True,
anvil,25795072,25,7,read_contract,279.3152500089491,True,
anvil,25795072,25,7,read_contract,287.4022500036517,True,
anvil,25795072,25,7,discard,3.7911249964963645,True,
anvil,25795072,25,8,acquire,865.9478749905247,True,
anvil,25795072,25,8,read_contract,428.43870898650493,True,
anvil,25795072,25,8,read_contract,1432.2097919939552,True,
anvil,25795072,25,8,read_contract,284.11154200148303,True,
anvil,25795072,25,8,read_contract,284.0951660036808,True,
anvil,25795072,25,8,read_contract,286.69866699783597,True,
anvil,25795072,25,8,read_contract,286.8849579972448,True,
anvil,25795072,25,8,read_contract,294.0467080043163,True,
anvil,25795072,25,8,read_contract,286.89066699007526,True,
anvil,25795072,25,8,discard,4.699124998296611,True,
anvil,25795072,25,9,acquire,859.4722080015345,True,
anvil,25795072,25,9,read_contract,441.71845899836626,True,
anvil,25795072,25,9,read_contract,1425.8169590029866,True,
anvil,25795072,25,9,read_contract,289.2753750056727,True,
anvil,25795072,25,9,read_contract,286.03204200044274,True,
anvil,25795072,25,9,read_contract,289.28087500389665,True,
anvil,25795072,25,9,read_contract,283.829166990472,True,
anvil,25795072,25,9,read_contract,291.8465419934364,True,
anvil,25795072,25,9,read_contract,285.4709160019411,True,
anvil,25795072,25,9,discard,3.820416997768916,True,
anvil,25795072,25,10,acquire,860.0929170061136,True,
anvil,25795072,25,10,read_contract,1576.5222500049276,True,
anvil,25795072,25,10,read_contract,294.7050840011798,True,
anvil,25795072,25,10,read_contract,289.627083009691,True,
anvil,25795072,25,10,read_contract,285.0177910004277,True,
anvil,25795072,25,10,read_contract,288.1387499946868,True,
anvil,25795072,25,10,read_contract,302.38829100562725,True,
anvil,25795072,25,10,read_contract,294.2526670085499,True,
anvil,25795072,25,10,read_contract,287.4076669977512,True,
anvil,25795072,25,10,discard,3.786291999858804,True,
anvil,25795072,25,11,acquire,884.9713750096271,True,
anvil,25795072,25,11,read_contract,1570.8196660125395,True,
anvil,25795072,25,11,read_contract,293.5618329938734,True,
anvil,25795072,25,11,read_contract,287.44066700164694,True,
anvil,25795072,25,11,read_contract,289.19066600792576,True,
anvil,25795072,25,11,read_contract,284.5070420007687,True,
anvil,25795072,25,11,read_contract,287.4761249986477,True,
anvil,25795072,25,11,read_contract,286.00520800682716,True,
anvil,25795072,25,11,read_contract,288.92670798813924,True,
anvil,25795072,25,11,discard,3.605791993322782,True,
anvil,25795072,25,12,acquire,883.235125002102,True,
anvil,25795072,25,12,read_contract,1566.3321250031004,True,
anvil,25795072,25,12,read_contract,291.14091700466815,True,
anvil,25795072,25,12,read_contract,279.70191699569114,True,
anvil,25795072,25,12,read_contract,282.98137499950826,True,
anvil,25795072,25,12,read_contract,295.1453749992652,True,
anvil,25795072,25,12,read_contract,290.2002080081729,True,
anvil,25795072,25,12,read_contract,286.69991600327194,True,
anvil,25795072,25,12,read_contract,279.85304201138206,True,
anvil,25795072,25,12,discard,3.8259170105447993,True,
anvil,25795072,25,13,acquire,873.0998340033693,True,
anvil,25795072,25,13,read_contract,435.1966249960242,True,
anvil,25795072,25,13,read_contract,299.8852079908829,True,
anvil,25795072,25,13,read_contract,326.8449999886798,True,
anvil,25795072,25,13,read_contract,285.7999580010073,True,
anvil,25795072,25,13,read_contract,302.4361669959035,True,
anvil,25795072,25,13,read_contract,285.1139590056846,True,
anvil,25795072,25,13,read_contract,286.1592919944087,True,
anvil,25795072,25,13,read_contract,283.04054199543316,True,
anvil,25795072,25,13,discard,3.8286250055534765,True,
anvil,25795072,25,14,acquire,866.5312499942956,True,
anvil,25795072,25,14,read_contract,1590.0726249965373,True,
anvil,25795072,25,14,read_contract,292.5038749963278,True,
anvil,25795072,25,14,read_contract,294.8812920076307,True,
anvil,25795072,25,14,read_contract,292.3839169961866,True,
anvil,25795072,25,14,read_contract,287.78912499547005,True,
anvil,25795072,25,14,read_contract,299.93241700867657,True,
anvil,25795072,25,14,read_contract,285.11979200993665,True,
anvil,25795072,25,14,read_contract,288.2197500002803,True,
anvil,25795072,25,14,discard,3.8178329996299,True,
anvil,25795072,25,15,acquire,847.0260409958428,True,
anvil,25795072,25,15,read_contract,1555.0831669970648,True,
anvil,25795072,25,15,read_contract,286.3046249985928,True,
anvil,25795072,25,15,read_contract,280.25270900980104,True,
anvil,25795072,25,15,read_contract,280.81850000307895,True,
anvil,25795072,25,15,read_contract,282.2252079931786,True,
anvil,25795072,25,15,read_contract,286.58316600194667,True,
anvil,25795072,25,15,read_contract,287.5422910001362,True,
anvil,25795072,25,15,read_contract,293.25850000896025,True,
anvil,25795072,25,15,discard,3.6571660020854324,True,
anvil,25795072,25,16,acquire,676.559208004619,True,
anvil,25795072,25,16,read_contract,422.71320799773093,True,
anvil,25795072,25,16,read_contract,1415.1568329980364,True,
anvil,25795072,25,16,read_contract,282.6681250007823,True,
anvil,25795072,25,16,read_contract,283.2713749958202,True,
anvil,25795072,25,16,read_contract,278.6936250049621,True,
anvil,25795072,25,16,read_contract,283.19683400331996,True,
anvil,25795072,25,16,read_contract,285.76337499544024,True,
anvil,25795072,25,16,read_contract,281.13950000260957,True,
anvil,25795072,25,16,discard,3.814333991613239,True,
anvil,25795072,25,17,acquire,861.2533340055961,True,
anvil,25795072,25,17,read_contract,415.4952919925563,True,
anvil,25795072,25,17,read_contract,1405.0096669961931,True,
anvil,25795072,25,17,read_contract,286.53862500505056,True,
anvil,25795072,25,17,read_contract,283.07354100979865,True,
anvil,25795072,25,17,read_contract,279.0506669989554,True,
anvil,25795072,25,17,read_contract,283.2633329962846,True,
anvil,25795072,25,17,read_contract,286.7020410049008,True,
anvil,25795072,25,17,read_contract,280.4759999999078,True,
anvil,25795072,25,17,discard,4.329165996750817,True,
anvil,25795072,25,18,acquire,850.4578749998473,True,
anvil,25795072,25,18,read_contract,1576.0034999984782,True,
anvil,25795072,25,18,read_contract,308.61583301157225,True,
anvil,25795072,25,18,read_contract,291.7757499963045,True,
anvil,25795072,25,18,read_contract,294.26979200798087,True,
anvil,25795072,25,18,read_contract,283.0080419953447,True,
anvil,25795072,25,18,read_contract,288.8344170060009,True,
anvil,25795072,25,18,read_contract,288.33258400845807,True,
anvil,25795072,25,18,read_contract,277.1624160086503,True,
anvil,25795072,25,18,discard,3.803583007538691,True,
anvil,25795072,25,19,acquire,859.937874993193,True,
anvil,25795072,25,19,read_contract,1578.9138750114944,True,
anvil,25795072,25,19,read_contract,291.56062500260305,True,
anvil,25795072,25,19,read_contract,287.7951250120532,True,
anvil,25795072,25,19,read_contract,299.9608329992043,True,
anvil,25795072,25,19,read_contract,300.55745800200384,True,
anvil,25795072,25,19,read_contract,287.452917007613,True,
anvil,25795072,25,19,read_contract,300.0047499954235,True,
anvil,25795072,25,19,read_contract,284.9060839944286,True,
anvil,25795072,25,19,discard,3.8111250032670796,True,
anvil,25795072,25,20,acquire,851.0062499990454,True,
anvil,25795072,25,20,read_contract,1577.2694589977618,True,
anvil,25795072,25,20,read_contract,292.20495899789967,True,
anvil,25795072,25,20,read_contract,296.01416700461414,True,
anvil,25795072,25,20,read_contract,287.2847499966156,True,
anvil,25795072,25,20,read_contract,298.93920800532214,True,
anvil,25795072,25,20,read_contract,282.1055420063203,True,
anvil,25795072,25,20,read_contract,294.22058298951015,True,
anvil,25795072,25,20,read_contract,283.68429199326783,True,
anvil,25795072,25,20,discard,3.781291001359932,True,
anvil,25795072,25,21,acquire,843.0977910029469,True,
anvil,25795072,25,21,read_contract,1563.549458005582,True,
anvil,25795072,25,21,read_contract,293.2494999986375,True,
anvil,25795072,25,21,read_contract,280.30075000424404,True,
anvil,25795072,25,21,read_contract,286.756208006409,True,
anvil,25795072,25,21,read_contract,281.12054099619854,True,
anvil,25795072,25,21,read_contract,283.5312920069555,True,
anvil,25795072,25,21,read_contract,282.7948330086656,True,
anvil,25795072,25,21,read_contract,282.5240840029437,True,
anvil,25795072,25,21,discard,3.8205410091904923,True,
anvil,25795072,25,22,acquire,837.399041003664,True,
anvil,25795072,25,22,read_contract,1570.7708330010064,True,
anvil,25795072,25,22,read_contract,296.88741599966306,True,
anvil,25795072,25,22,read_contract,281.7217499978142,True,
anvil,25795072,25,22,read_contract,282.6849170087371,True,
anvil,25795072,25,22,read_contract,280.61404199979734,True,
anvil,25795072,25,22,read_contract,281.0453749989392,True,
anvil,25795072,25,22,read_contract,286.00266700959764,True,
anvil,25795072,25,22,read_contract,289.82354199979454,True,
anvil,25795072,25,22,discard,3.731999997398816,True,
anvil,25795072,25,23,acquire,840.3942909935722,True,
anvil,25795072,25,23,read_contract,1566.85762500274,True,
anvil,25795072,25,23,read_contract,288.85720900143497,True,
anvil,25795072,25,23,read_contract,280.0520000018878,True,
anvil,25795072,25,23,read_contract,276.57341700978577,True,
anvil,25795072,25,23,read_contract,277.9988330003107,True,
anvil,25795072,25,23,read_contract,284.0622079966124,True,
anvil,25795072,25,23,read_contract,283.066708012484,True,
anvil,25795072,25,23,read_contract,283.0012079939479,True,
anvil,25795072,25,23,discard,3.809542002272792,True,
anvil,25795072,25,24,acquire,828.6000000080094,True,
anvil,25795072,25,24,read_contract,1576.7864160006866,True,
anvil,25795072,25,24,read_contract,292.1540839888621,True,
anvil,25795072,25,24,read_contract,289.28062500199303,True,
anvil,25795072,25,24,read_contract,290.0137079996057,True,
anvil,25795072,25,24,read_contract,284.78449999238364,True,
anvil,25795072,25,24,read_contract,285.74325000226963,True,
anvil,25795072,25,24,read_contract,286.1999159940751,True,
anvil,25795072,25,24,read_contract,283.4924159978982,True,
anvil,25795072,25,24,discard,3.822833998128772,True,
anvil,25795072,25,-1,__total__,4612.126541993348,True,
forkyard,25795072,50,0,acquire,17.81154199852608,True,
forkyard,25795072,50,0,read_contract,1818.0832080106484,True,
forkyard,25795072,50,0,read_contract,3242.4006249930244,True,
forkyard,25795072,50,0,read_contract,3317.7652089943876,True,
forkyard,25795072,50,0,read_contract,5410.2872499934165,True,
forkyard,25795072,50,0,read_contract,3301.328375004232,True,
forkyard,25795072,50,0,read_contract,3218.155125010526,True,
forkyard,25795072,50,0,read_contract,3274.154124999768,True,
forkyard,25795072,50,0,read_contract,4508.381834006286,True,
forkyard,25795072,50,0,discard,882.8769170067972,True,
forkyard,25795072,50,1,acquire,20.57270798832178,True,
forkyard,25795072,50,1,read_contract,1476.7520000023069,True,
forkyard,25795072,50,1,read_contract,3348.9833339990582,True,
forkyard,25795072,50,1,read_contract,5726.1203749949345,True,
forkyard,25795072,50,1,read_contract,3255.4343749943655,True,
forkyard,25795072,50,1,read_contract,3285.105957998894,True,
forkyard,25795072,50,1,read_contract,4141.250124986982,True,
forkyard,25795072,50,1,read_contract,3281.5339999942807,True,
forkyard,25795072,50,1,read_contract,3247.310082995682,True,
forkyard,25795072,50,1,discard,594.2883339885157,True,
forkyard,25795072,50,2,acquire,15.46987499750685,True,
forkyard,25795072,50,2,read_contract,1266.5631249983562,True,
forkyard,25795072,50,2,read_contract,6702.7302920032525,True,
forkyard,25795072,50,2,read_contract,3579.677540998091,True,
forkyard,25795072,50,2,read_contract,3689.8389999987558,True,
forkyard,25795072,50,2,read_contract,4164.607750004507,True,
forkyard,25795072,50,2,read_contract,3592.547582986299,True,
forkyard,25795072,50,2,read_contract,6589.9267089989735,True,
forkyard,25795072,50,2,read_contract,2085.683166005765,True,
forkyard,25795072,50,2,discard,10.772167006507516,True,
forkyard,25795072,50,3,acquire,9.847291992628016,True,
forkyard,25795072,50,3,read_contract,1498.4247919928748,True,
forkyard,25795072,50,3,read_contract,6248.103332996834,True,
forkyard,25795072,50,3,read_contract,3653.3537080103997,True,
forkyard,25795072,50,3,read_contract,3467.044334000093,True,
forkyard,25795072,50,3,read_contract,3719.538375007687,True,
forkyard,25795072,50,3,read_contract,3690.1469160075067,True,
forkyard,25795072,50,3,read_contract,4447.490625010687,True,
forkyard,25795072,50,3,read_contract,3245.956541999476,True,
forkyard,25795072,50,3,discard,1566.1022499989485,True,
forkyard,25795072,50,4,acquire,26.22295799665153,True,
forkyard,25795072,50,4,read_contract,4343.196957997861,True,
forkyard,25795072,50,4,read_contract,3603.970833995845,True,
forkyard,25795072,50,4,read_contract,3577.321500008111,True,
forkyard,25795072,50,4,read_contract,3689.824666987988,True,
forkyard,25795072,50,4,read_contract,3594.3928329943446,True,
forkyard,25795072,50,4,read_contract,3583.706457997323,True,
forkyard,25795072,50,4,read_contract,3587.1334169933107,True,
forkyard,25795072,50,4,read_contract,3585.508459000266,True,
forkyard,25795072,50,4,discard,591.0225419938797,True,
forkyard,25795072,50,5,acquire,18.760833001579158,True,
forkyard,25795072,50,5,read_contract,1482.8084170003422,True,
forkyard,25795072,50,5,read_contract,3537.4277920054737,True,
forkyard,25795072,50,5,read_contract,6364.600041008089,True,
forkyard,25795072,50,5,read_contract,3474.7527500003343,True,
forkyard,25795072,50,5,read_contract,4658.948041993426,True,
forkyard,25795072,50,5,read_contract,3612.9120419936953,True,
forkyard,25795072,50,5,read_contract,3579.1521670034854,True,
forkyard,25795072,50,5,read_contract,4812.432417005766,True,
forkyard,25795072,50,5,discard,9.178708991385065,True,
forkyard,25795072,50,6,acquire,26.705833995947614,True,
forkyard,25795072,50,6,read_contract,1799.1931670112535,True,
forkyard,25795072,50,6,read_contract,3241.0417089995462,True,
forkyard,25795072,50,6,read_contract,3314.2606249894015,True,
forkyard,25795072,50,6,read_contract,3257.8348749957513,True,
forkyard,25795072,50,6,read_contract,3332.812374996138,True,
forkyard,25795072,50,6,read_contract,3257.9741249937797,True,
forkyard,25795072,50,6,read_contract,3253.8390409899876,True,
forkyard,25795072,50,6,read_contract,5451.831874990603,True,
forkyard,25795072,50,6,discard,1162.7962909988128,True,
forkyard,25795072,50,7,acquire,38.15562500676606,True,
forkyard,25795072,50,7,read_contract,1784.244459006004,True,
forkyard,25795072,50,7,read_contract,5335.126667006989,True,
forkyard,25795072,50,7,read_contract,3251.551290988573,True,
forkyard,25795072,50,7,read_contract,3390.515917009907,True,
forkyard,25795072,50,7,read_contract,4425.450499998988,True,
forkyard,25795072,50,7,read_contract,3256.9444170076167,True,
forkyard,25795072,50,7,read_contract,3299.7578749927925,True,
forkyard,25795072,50,7,read_contract,4196.222124999622,True,
forkyard,25795072,50,7,discard,4.931292001856491,True,
forkyard,25795072,50,8,acquire,24.283958991873078,True,
forkyard,25795072,50,8,read_contract,1242.0338749943767,True,
forkyard,25795072,50,8,read_contract,3694.081624998944,True,
forkyard,25795072,50,8,read_contract,3612.4010419880506,True,
forkyard,25795072,50,8,read_contract,3584.5444169972325,True,
forkyard,25795072,50,8,read_contract,6658.434875003877,True,
forkyard,25795072,50,8,read_contract,3592.816625008709,True,
forkyard,25795072,50,8,read_contract,3595.3440830053296,True,
forkyard,25795072,50,8,read_contract,3580.6613330059918,True,
forkyard,25795072,50,8,discard,591.4224590087542,True,
forkyard,25795072,50,9,acquire,19.06220799719449,True,
forkyard,25795072,50,9,read_contract,1461.7222079978092,True,
forkyard,25795072,50,9,read_contract,5734.45633299707,True,
forkyard,25795072,50,9,read_contract,3340.722624998307,True,
forkyard,25795072,50,9,read_contract,3252.116916992236,True,
forkyard,25795072,50,9,read_contract,3290.218125010142,True,
forkyard,25795072,50,9,read_contract,3214.609875009046,True,
forkyard,25795072,50,9,read_contract,3344.6672079880955,True,
forkyard,25795072,50,9,read_contract,3240.7422910036985,True,
forkyard,25795072,50,9,discard,866.0223339975346,True,
forkyard,25795072,50,10,acquire,9.942749995389022,True,
forkyard,25795072,50,10,read_contract,1802.951709003537,True,
forkyard,25795072,50,10,read_contract,3244.672582994099,True,
forkyard,25795072,50,10,read_contract,5342.438957988634,True,
forkyard,25795072,50,10,read_contract,3387.1284589986317,True,
forkyard,25795072,50,10,read_contract,3294.4866250036284,True,
forkyard,25795072,50,10,read_contract,3224.8042919964064,True,
forkyard,25795072,50,10,read_contract,3269.0148330002557,True,
forkyard,25795072,50,10,read_contract,3350.8557090099202,True,
forkyard,25795072,50,10,discard,1162.3310420109192,True,
forkyard,25795072,50,11,acquire,11.993249994702637,True,
forkyard,25795072,50,11,read_contract,1477.451458995347,True,
forkyard,25795072,50,11,read_contract,3538.485834011226,True,
forkyard,25795072,50,11,read_contract,3606.126500002574,True,
forkyard,25795072,50,11,read_contract,3602.896291995421,True,
forkyard,25795072,50,11,read_contract,3636.8113749922486,True,
forkyard,25795072,50,11,read_contract,3650.3131670033326,True,
forkyard,25795072,50,11,read_contract,3612.657791993115,True,
forkyard,25795072,50,11,read_contract,3581.4797920029378,True,
forkyard,25795072,50,11,discard,2641.5492499945685,True,
forkyard,25795072,50,12,acquire,28.5321660048794,True,
forkyard,25795072,50,12,read_contract,3867.482542002108,True,
forkyard,25795072,50,12,read_contract,3312.655291010742,True,
forkyard,25795072,50,12,read_contract,3342.8619999904186,True,
forkyard,25795072,50,12,read_contract,3246.6839580010856,True,
forkyard,25795072,50,12,read_contract,3291.2747919908725,True,
forkyard,25795072,50,12,read_contract,3213.2091659877915,True,
forkyard,25795072,50,12,read_contract,3346.0313329997007,True,
forkyard,25795072,50,12,read_contract,3239.01770899829,True,
forkyard,25795072,50,12,discard,864.4643750012619,True,
forkyard,25795072,50,13,acquire,21.345707995351404,True,
forkyard,25795072,50,13,read_contract,1451.9900409941329,True,
forkyard,25795072,50,13,read_contract,3346.6103749960894,True,
forkyard,25795072,50,13,read_contract,3296.6543749935227,True,
forkyard,25795072,50,13,read_contract,3313.4049579966813,True,
forkyard,25795072,50,13,read_contract,5659.863458000473,True,
forkyard,25795072,50,13,read_contract,3212.0485420018667,True,
forkyard,25795072,50,13,read_contract,3347.622750006849,True,
forkyard,25795072,50,13,read_contract,3240.728292003041,True,
forkyard,25795072,50,13,discard,863.2592079957249,True,
forkyard,25795072,50,14,acquire,236.8110829993384,True,
forkyard,25795072,50,14,read_contract,3895.4982919967733,True,
forkyard,25795072,50,14,read_contract,3606.2788749986794,True,
forkyard,25795072,50,14,read_contract,3653.265000000829,True,
forkyard,25795072,50,14,read_contract,4475.929249994806,True,
forkyard,25795072,50,14,read_contract,6391.791750007542,True,
forkyard,25795072,50,14,read_contract,3579.16770799784,True,
forkyard,25795072,50,14,read_contract,3516.563583005336,True,
forkyard,25795072,50,14,read_contract,2169.420167003409,True,
forkyard,25795072,50,14,discard,7.222166997962631,True,
forkyard,25795072,50,15,acquire,17.318124999292195,True,
forkyard,25795072,50,15,read_contract,4114.418583994848,True,
forkyard,25795072,50,15,read_contract,3597.8525829996215,True,
forkyard,25795072,50,15,read_contract,4498.515750005026,True,
forkyard,25795072,50,15,read_contract,3636.7432920087595,True,
forkyard,25795072,50,15,read_contract,3648.3317079982953,True,
forkyard,25795072,50,15,read_contract,6315.12762499915,True,
forkyard,25795072,50,15,read_contract,3527.0963329967344,True,
forkyard,25795072,50,15,read_contract,2175.850583007559,True,
forkyard,25795072,50,15,discard,1.2105829955544323,True,
forkyard,25795072,50,16,acquire,264.3602079915581,True,
forkyard,25795072,50,16,read_contract,4547.6288339996245,True,
forkyard,25795072,50,16,read_contract,3296.748624998145,True,
forkyard,25795072,50,16,read_contract,5679.303166994941,True,
forkyard,25795072,50,16,read_contract,3292.6177909976104,True,
forkyard,25795072,50,16,read_contract,3212.4229589971947,True,
forkyard,25795072,50,16,read_contract,3350.721875001909,True,
forkyard,25795072,50,16,read_contract,4104.138333001174,True,
forkyard,25795072,50,16,read_contract,1185.5062910035485,True,
forkyard,25795072,50,16,discard,1.445000001695007,True,
forkyard,25795072,50,17,acquire,256.23487499251496,True,
forkyard,25795072,50,17,read_contract,4089.6722500037868,True,
forkyard,25795072,50,17,read_contract,3600.5871249944903,True,
forkyard,25795072,50,17,read_contract,4188.880624991725,True,
forkyard,25795072,50,17,read_contract,3698.5938330035424,True,
forkyard,25795072,50,17,read_contract,3549.3655420141295,True,
forkyard,25795072,50,17,read_contract,6599.617208004929,True,
forkyard,25795072,50,17,read_contract,3584.6709579927847,True,
forkyard,25795072,50,17,read_contract,2095.1071250019595,True,
forkyard,25795072,50,17,discard,1.3395840069279075,True,
forkyard,25795072,50,18,acquire,232.79566600103863,True,
forkyard,25795072,50,18,read_contract,4701.012958990759,True,
forkyard,25795072,50,18,read_contract,6581.532124997466,True,
forkyard,25795072,50,18,read_contract,3693.4379169979366,True,
forkyard,25795072,50,18,read_contract,3585.646834006184,True,
forkyard,25795072,50,18,read_contract,3593.374332995154,True,
forkyard,25795072,50,18,read_contract,3585.0585419975687,True,
forkyard,25795072,50,18,read_contract,3591.2002920085797,True,
forkyard,25795072,50,18,read_contract,2079.491833006614,True,
forkyard,25795072,50,18,discard,10.87274999008514,True,
forkyard,25795072,50,19,acquire,15.13508400239516,True,
forkyard,25795072,50,19,read_contract,3811.1256249976577,True,
forkyard,25795072,50,19,read_contract,3300.337374996161,True,
forkyard,25795072,50,19,read_contract,3252.59816700418,True,
forkyard,25795072,50,19,read_contract,3390.5923340062145,True,
forkyard,25795072,50,19,read_contract,3293.37441700045,True,
forkyard,25795072,50,19,read_contract,3220.508915997925,True,
forkyard,25795072,50,19,read_contract,3272.6989579969086,True,
forkyard,25795072,50,19,read_contract,3353.2972910034005,True,
forkyard,25795072,50,19,discard,1156.8758340144996,True,
forkyard,25795072,50,20,acquire,228.5523330065189,True,
forkyard,25795072,50,20,read_contract,3591.708749998361,True,
forkyard,25795072,50,20,read_contract,3297.656000009738,True,
forkyard,25795072,50,20,read_contract,3252.6648749917513,True,
forkyard,25795072,50,20,read_contract,3388.0770840041805,True,
forkyard,25795072,50,20,read_contract,3296.9258329976583,True,
forkyard,25795072,50,20,read_contract,3218.495334003819,True,
forkyard,25795072,50,20,read_contract,4472.66829200089,True,
forkyard,25795072,50,20,read_contract,3311.04050000431,True,
forkyard,25795072,50,20,discard,882.24762500613,True,
forkyard,25795072,50,21,acquire,226.72425000928342,True,
forkyard,25795072,50,21,read_contract,3881.6124590084655,True,
forkyard,25795072,50,21,read_contract,3599.721040998702,True,
forkyard,25795072,50,21,read_contract,3653.0029580026167,True,
forkyard,25795072,50,21,read_contract,3467.4490409961436,True,
forkyard,25795072,50,21,read_contract,3726.338542008307,True,
forkyard,25795072,50,21,read_contract,3685.73137500789,True,
forkyard,25795072,50,21,read_contract,3571.4247080031782,True,
forkyard,25795072,50,21,read_contract,3522.938374997466,True,
forkyard,25795072,50,21,discard,598.8875840121182,True,
forkyard,25795072,50,22,acquire,236.28412499965634,True,
forkyard,25795072,50,22,read_contract,3634.1711249988293,True,
forkyard,25795072,50,22,read_contract,3315.9490410034778,True,
forkyard,25795072,50,22,read_contract,4216.37241600547,True,
forkyard,25795072,50,22,read_contract,3242.9746669949964,True,
forkyard,25795072,50,22,read_contract,5632.880499993917,True,
forkyard,25795072,50,22,read_contract,4205.002832997707,True,
forkyard,25795072,50,22,read_contract,3243.226250007865,True,
forkyard,25795072,50,22,read_contract,1178.9796670054784,True,
forkyard,25795072,50,22,discard,5.078374990262091,True,
forkyard,25795072,50,23,acquire,235.45774999365676,True,
forkyard,25795072,50,23,read_contract,4096.084000004339,True,
forkyard,25795072,50,23,read_contract,3598.6768339935225,True,
forkyard,25795072,50,23,read_contract,3578.7600000039674,True,
forkyard,25795072,50,23,read_contract,3694.3808750074822,True,
forkyard,25795072,50,23,read_contract,3583.763041999191,True,
forkyard,25795072,50,23,read_contract,3589.3107919982867,True,
forkyard,25795072,50,23,read_contract,3585.5467920046067,True,
forkyard,25795072,50,23,read_contract,3587.9432920046384,True,
forkyard,25795072,50,23,discard,590.6602079921868,True,
forkyard,25795072,50,24,acquire,240.628999992623,True,
forkyard,25795072,50,24,read_contract,4092.738042003475,True,
forkyard,25795072,50,24,read_contract,3595.5193330009934,True,
forkyard,25795072,50,24,read_contract,3575.1334999949904,True,
forkyard,25795072,50,24,read_contract,3693.4891249984503,True,
forkyard,25795072,50,24,read_contract,3586.682124994695,True,
forkyard,25795072,50,24,read_contract,3587.010792005458,True,
forkyard,25795072,50,24,read_contract,3592.0854169962695,True,
forkyard,25795072,50,24,read_contract,3584.228499996243,True,
forkyard,25795072,50,24,discard,591.6775410005357,True,
forkyard,25795072,50,25,acquire,239.27754200121854,True,
forkyard,25795072,50,25,read_contract,3869.898082994041,True,
forkyard,25795072,50,25,read_contract,3592.9224159917794,True,
forkyard,25795072,50,25,read_contract,3659.1076250042534,True,
forkyard,25795072,50,25,read_contract,3468.4698749915697,True,
forkyard,25795072,50,25,read_contract,3719.8908330028644,True,
forkyard,25795072,50,25,read_contract,4556.492709001759,True,
forkyard,25795072,50,25,read_contract,6225.279999998747,True,
forkyard,25795072,50,25,read_contract,2166.4996249892283,True,
forkyard,25795072,50,25,discard,8.973167001386173,True,
forkyard,25795072,50,26,acquire,218.1373750063358,True,
forkyard,25795072,50,26,read_contract,3652.956375008216,True,
forkyard,25795072,50,26,read_contract,4214.356709009735,True,
forkyard,25795072,50,26,read_contract,3313.5115829936694,True,
forkyard,25795072,50,26,read_contract,3240.9495830070227,True,
forkyard,25795072,50,26,read_contract,3271.5871249965858,True,
forkyard,25795072,50,26,read_contract,3287.3220420005964,True,
forkyard,25795072,50,26,read_contract,5653.7336249894,True,
forkyard,25795072,50,26,read_contract,1467.9474589938764,True,
forkyard,25795072,50,26,discard,579.6710419963347,True,
forkyard,25795072,50,27,acquire,209.84070799022447,True,
forkyard,25795072,50,27,read_contract,3605.8790829993086,True,
forkyard,25795072,50,27,read_contract,3297.3939170042286,True,
forkyard,25795072,50,27,read_contract,3248.7753750028787,True,
forkyard,25795072,50,27,read_contract,3386.3630830019247,True,
forkyard,25795072,50,27,read_contract,3297.744999988936,True,
forkyard,25795072,50,27,read_contract,3220.2677080058493,True,
forkyard,25795072,50,27,read_contract,3275.5177910003113,True,
forkyard,25795072,50,27,read_contract,3346.9070000137435,True,
forkyard,25795072,50,27,discard,1159.342209008173,True,
forkyard,25795072,50,28,acquire,221.35529200022575,True,
forkyard,25795072,50,28,read_contract,3884.0695840044646,True,
forkyard,25795072,50,28,read_contract,3597.0648750080727,True,
forkyard,25795072,50,28,read_contract,3652.055290993303,True,
forkyard,25795072,50,28,read_contract,3470.352959004231,True,
forkyard,25795072,50,28,read_contract,3717.384959003539,True,
forkyard,25795072,50,28,read_contract,3689.985417004209,True,
forkyard,25795072,50,28,read_contract,3573.165333000361,True,
forkyard,25795072,50,28,read_contract,4120.009582999046,True,
forkyard,25795072,50,28,discard,1564.9643749929965,True,
forkyard,25795072,50,29,acquire,213.28133399947546,True,
forkyard,25795072,50,29,read_contract,4108.923874999164,True,
forkyard,25795072,50,29,read_contract,3597.2917920007603,True,
forkyard,25795072,50,29,read_contract,3580.2965839975514,True,
forkyard,25795072,50,29,read_contract,4307.9376249952475,True,
forkyard,25795072,50,29,read_contract,6554.213832991081,True,
forkyard,25795072,50,29,read_contract,3594.4986250106012,True,
forkyard,25795072,50,29,read_contract,3585.0663329911185,True,
forkyard,25795072,50,29,read_contract,2084.6958749898477,True,
forkyard,25795072,50,29,discard,8.668000009492971,True,
forkyard,25795072,50,30,acquire,208.85925000766292,True,
forkyard,25795072,50,30,read_contract,3599.1267500066897,True,
forkyard,25795072,50,30,read_contract,3295.2500829997007,True,
forkyard,25795072,50,30,read_contract,3255.7653749972815,True,
forkyard,25795072,50,30,read_contract,4560.395749998861,True,
forkyard,25795072,50,30,read_contract,3256.469374988228,True,
forkyard,25795072,50,30,read_contract,5354.484791998402,True,
forkyard,25795072,50,30,read_contract,3355.6193330005044,True,
forkyard,25795072,50,30,read_contract,2040.678833000129,True,
forkyard,25795072,50,30,discard,5.876625000382774,True,
forkyard,25795072,50,31,acquire,226.6448330046842,True,
forkyard,25795072,50,31,read_contract,3630.522583000129,True,
forkyard,25795072,50,31,read_contract,3314.585290994728,True,
forkyard,25795072,50,31,read_contract,3339.0970829932485,True,
forkyard,25795072,50,31,read_contract,3246.640417011804,True,
forkyard,25795072,50,31,read_contract,3292.7420409978367,True,
forkyard,25795072,50,31,read_contract,3214.3830839922884,True,
forkyard,25795072,50,31,read_contract,3345.77045799233,True,
forkyard,25795072,50,31,read_contract,3233.159457988222,True,
forkyard,25795072,50,31,discard,868.2974580005975,True,
forkyard,25795072,50,32,acquire,235.72779199457727,True,
forkyard,25795072,50,32,read_contract,4745.940708002308,True,
forkyard,25795072,50,32,read_contract,3609.1549580014544,True,
forkyard,25795072,50,32,read_contract,3601.571499995771,True,
forkyard,25795072,50,32,read_contract,6344.584582999232,True,
forkyard,25795072,50,32,read_contract,3686.7156670050463,True,
forkyard,25795072,50,32,read_contract,3574.7908749908675,True,
forkyard,25795072,50,32,read_contract,3516.849749998073,True,
forkyard,25795072,50,32,read_contract,2171.6070830007084,True,
forkyard,25795072,50,32,discard,9.290791000239551,True,
forkyard,25795072,50,33,acquire,205.3847500064876,True,
forkyard,25795072,50,33,read_contract,4107.750916999066,True,
forkyard,25795072,50,33,read_contract,3600.983875003294,True,
forkyard,25795072,50,33,read_contract,3579.7042079939274,True,
forkyard,25795072,50,33,read_contract,3695.2564590028487,True,
forkyard,25795072,50,33,read_contract,3577.5156669988064,True,
forkyard,25795072,50,33,read_contract,4177.299625007436,True,
forkyard,25795072,50,33,read_contract,3614.769499996328,True,
forkyard,25795072,50,33,read_contract,3568.8293749990407,True,
forkyard,25795072,50,33,discard,1490.0411249982426,True,
forkyard,25795072,50,34,acquire,223.91591699852142,True,
forkyard,25795072,50,34,read_contract,4090.580082993256,True,
forkyard,25795072,50,34,read_contract,3599.784042002284,True,
forkyard,25795072,50,34,read_contract,3576.228624995565,True,
forkyard,25795072,50,34,read_contract,3693.0354999931296,True,
forkyard,25795072,50,34,read_contract,3579.164041002514,True,
forkyard,25795072,50,34,read_contract,3595.4116659995634,True,
forkyard,25795072,50,34,read_contract,4199.141499993857,True,
forkyard,25795072,50,34,read_contract,5061.406290988089,True,
forkyard,25795072,50,34,discard,9.501583001110703,True,
forkyard,25795072,50,35,acquire,206.1660000035772,True,
forkyard,25795072,50,35,read_contract,3651.1776670085965,True,
forkyard,25795072,50,35,read_contract,3310.4152500018245,True,
forkyard,25795072,50,35,read_contract,3340.1212919998216,True,
forkyard,25795072,50,35,read_contract,3250.421374992584,True,
forkyard,25795072,50,35,read_contract,3293.124292002176,True,
forkyard,25795072,50,35,read_contract,3208.2210829976248,True,
forkyard,25795072,50,35,read_contract,3350.4302500077756,True,
forkyard,25795072,50,35,read_contract,3240.5371249915333,True,
forkyard,25795072,50,35,discard,859.9285410018638,True,
forkyard,25795072,50,36,acquire,228.53516699979082,True,
forkyard,25795072,50,36,read_contract,4780.1977089984575,True,
forkyard,25795072,50,36,read_contract,3317.3602080059936,True,
forkyard,25795072,50,36,read_contract,3256.5419590100646,True,
forkyard,25795072,50,36,read_contract,5451.226792007219,True,
forkyard,25795072,50,36,read_contract,3221.8124579958385,True,
forkyard,25795072,50,36,read_contract,3277.126125001814,True,
forkyard,25795072,50,36,read_contract,3346.8013329984387,True,
forkyard,25795072,50,36,read_contract,2050.200750003569,True,
forkyard,25795072,50,36,discard,1.06729099934455,True,
forkyard,25795072,50,37,acquire,228.41383299964946,True,
forkyard,25795072,50,37,read_contract,3575.5840839992743,True,
forkyard,25795072,50,37,read_contract,3296.883542003343,True,
forkyard,25795072,50,37,read_contract,3252.415499999188,True,
forkyard,25795072,50,37,read_contract,3388.1245420052437,True,
forkyard,25795072,50,37,read_contract,3293.2953749987064,True,
forkyard,25795072,50,37,read_contract,4390.8377080078935,True,
forkyard,25795072,50,37,read_contract,3303.5358329943847,True,
forkyard,25795072,50,37,read_contract,3309.4118750013877,True,
forkyard,25795072,50,37,discard,884.0533750044415,True,
forkyard,25795072,50,38,acquire,215.96158300235402,True,
forkyard,25795072,50,38,read_contract,3637.8757920028875,True,
forkyard,25795072,50,38,read_contract,3311.5540830040118,True,
forkyard,25795072,50,38,read_contract,3339.9284170009196,True,
forkyard,25795072,50,38,read_contract,4121.479291992728,True,
forkyard,25795072,50,38,read_contract,3271.9616669928655,True,
forkyard,25795072,50,38,read_contract,3284.258667001268,True,
forkyard,25795072,50,38,read_contract,3284.634708004887,True,
forkyard,25795072,50,38,read_contract,3840.8261660079006,True,
forkyard,25795072,50,38,discard,581.2417080014711,True,
forkyard,25795072,50,39,acquire,201.1050000000978,True,
forkyard,25795072,50,39,read_contract,3887.991374998819,True,
forkyard,25795072,50,39,read_contract,4497.147041998687,True,
forkyard,25795072,50,39,read_contract,6226.100874991971,True,
forkyard,25795072,50,39,read_contract,3722.116917007952,True,
forkyard,25795072,50,39,read_contract,3689.8383340012515,True,
forkyard,25795072,50,39,read_contract,3572.8922090056585,True,
forkyard,25795072,50,39,read_contract,3516.540124997846,True,
forkyard,25795072,50,39,read_contract,2167.968624999048,True,
forkyard,25795072,50,39,discard,10.324625007342547,True,
forkyard,25795072,50,40,acquire,228.45529099868145,True,
forkyard,25795072,50,40,read_contract,3625.6500000017695,True,
forkyard,25795072,50,40,read_contract,3309.236041997792,True,
forkyard,25795072,50,40,read_contract,3340.8039169880794,True,
forkyard,25795072,50,40,read_contract,3247.500665995176,True,
forkyard,25795072,50,40,read_contract,4147.394375002477,True,
forkyard,25795072,50,40,read_contract,5704.610667002271,True,
forkyard,25795072,50,40,read_contract,3238.257707998855,True,
forkyard,25795072,50,40,read_contract,2045.8965419966262,True,
forkyard,25795072,50,40,discard,6.028374991728924,True,
forkyard,25795072,50,41,acquire,210.0102499971399,True,
forkyard,25795072,50,41,read_contract,3882.9624580102973,True,
forkyard,25795072,50,41,read_contract,3599.2479169945,True,
forkyard,25795072,50,41,read_contract,3648.63324999169,True,
forkyard,25795072,50,41,read_contract,3466.8016670038924,True,
forkyard,25795072,50,41,read_contract,3723.4391249949113,True,
forkyard,25795072,50,41,read_contract,3692.062459012959,True,
forkyard,25795072,50,41,read_contract,3568.5099580005044,True,
forkyard,25795072,50,41,read_contract,3526.5957079973305,True,
forkyard,25795072,50,41,discard,596.9550000008894,True,
forkyard,25795072,50,42,acquire,212.48833400022704,True,
forkyard,25795072,50,42,read_contract,3585.8244170085527,True,
forkyard,25795072,50,42,read_contract,4522.559667006135,True,
forkyard,25795072,50,42,read_contract,3257.032292007352,True,
forkyard,25795072,50,42,read_contract,3335.8046250068583,True,
forkyard,25795072,50,42,read_contract,3257.911166991107,True,
forkyard,25795072,50,42,read_contract,3250.6294999911916,True,
forkyard,25795072,50,42,read_contract,3304.1556250100257,True,
forkyard,25795072,50,42,read_contract,3313.289583005826,True,
forkyard,25795072,50,42,discard,881.21133299137,True,
forkyard,25795072,50,43,acquire,227.5136670068605,True,
forkyard,25795072,50,43,read_contract,4084.8005000007106,True,
forkyard,25795072,50,43,read_contract,3600.422499992419,True,
forkyard,25795072,50,43,read_contract,3577.1703330101445,True,
forkyard,25795072,50,43,read_contract,3690.247249993263,True,
forkyard,25795072,50,43,read_contract,3585.452208004426,True,
forkyard,25795072,50,43,read_contract,3589.183749994845,True,
forkyard,25795072,50,43,read_contract,3591.1718340066727,True,
forkyard,25795072,50,43,read_contract,3587.365667000995,True,
forkyard,25795072,50,43,discard,586.9642920006299,True,
forkyard,25795072,50,44,acquire,196.59029200556688,True,
forkyard,25795072,50,44,read_contract,4111.721957990085,True,
forkyard,25795072,50,44,read_contract,4207.000499998685,True,
forkyard,25795072,50,44,read_contract,6660.987417009892,True,
forkyard,25795072,50,44,read_contract,3582.6652919931803,True,
forkyard,25795072,50,44,read_contract,3596.097916000872,True,
forkyard,25795072,50,44,read_contract,3588.7442079983884,True,
forkyard,25795072,50,44,read_contract,3586.3971249928,True,
forkyard,25795072,50,44,read_contract,2085.3321670001606,True,
forkyard,25795072,50,44,discard,7.170333003159612,True,
forkyard,25795072,50,45,acquire,203.49354200880043,True,
forkyard,25795072,50,45,read_contract,3884.396207999089,True,
forkyard,25795072,50,45,read_contract,3596.9418330059852,True,
forkyard,25795072,50,45,read_contract,3651.234624994686,True,
forkyard,25795072,50,45,read_contract,3471.377791996929,True,
forkyard,25795072,50,45,read_contract,3718.492542000604,True,
forkyard,25795072,50,45,read_contract,3697.7074589958647,True,
forkyard,25795072,50,45,read_contract,3567.224124999484,True,
forkyard,25795072,50,45,read_contract,3519.0213750029216,True,
forkyard,25795072,50,45,discard,602.4953750020359,True,
forkyard,25795072,50,46,acquire,207.20245799748227,True,
forkyard,25795072,50,46,read_contract,3590.5819999898085,True,
forkyard,25795072,50,46,read_contract,3301.172833002056,True,
forkyard,25795072,50,46,read_contract,4475.505791997421,True,
forkyard,25795072,50,46,read_contract,3333.926083010738,True,
forkyard,25795072,50,46,read_contract,5340.802834005444,True,
forkyard,25795072,50,46,read_contract,3281.3935830054106,True,
forkyard,25795072,50,46,read_contract,3344.1414590051863,True,
forkyard,25795072,50,46,read_contract,2044.1019159916323,True,
forkyard,25795072,50,46,discard,4.409207991557196,True,
forkyard,25795072,50,47,acquire,218.46558300603647,True,
forkyard,25795072,50,47,read_contract,3630.2202910010237,True,
forkyard,25795072,50,47,read_contract,3310.9983329923125,True,
forkyard,25795072,50,47,read_contract,3340.086791999056,True,
forkyard,25795072,50,47,read_contract,3250.562291999813,True,
forkyard,25795072,50,47,read_contract,3296.330957993632,True,
forkyard,25795072,50,47,read_contract,3206.274124997435,True,
forkyard,25795072,50,47,read_contract,3351.1872090020915,True,
forkyard,25795072,50,47,read_contract,3235.7018339971546,True,
forkyard,25795072,50,47,discard,866.8937089969404,True,
forkyard,25795072,50,48,acquire,210.4087080078898,True,
forkyard,25795072,50,48,read_contract,4096.567999993567,True,
forkyard,25795072,50,48,read_contract,3598.9733330061426,True,
forkyard,25795072,50,48,read_contract,3578.983583007357,True,
forkyard,25795072,50,48,read_contract,3696.016125002643,True,
forkyard,25795072,50,48,read_contract,3579.0928329952294,True,
forkyard,25795072,50,48,read_contract,3594.573832990136,True,
forkyard,25795072,50,48,read_contract,3589.539041000535,True,
forkyard,25795072,50,48,read_contract,4174.972999986494,True,
forkyard,25795072,50,48,discard,1494.1926669998793,True,
forkyard,25795072,50,49,acquire,224.16641699965112,True,
forkyard,25795072,50,49,read_contract,3864.032416997361,True,
forkyard,25795072,50,49,read_contract,3593.25337500195,True,
forkyard,25795072,50,49,read_contract,3656.839458999457,True,
forkyard,25795072,50,49,read_contract,3469.877458002884,True,
forkyard,25795072,50,49,read_contract,3725.2356249955483,True,
forkyard,25795072,50,49,read_contract,3684.430583001813,True,
forkyard,25795072,50,49,read_contract,3576.957458004472,True,
forkyard,25795072,50,49,read_contract,3519.8077500099316,True,
forkyard,25795072,50,49,discard,593.8243749988033,True,
forkyard,25795072,50,-1,__total__,31703.555291998782,True,
anvil,25795072,50,0,acquire,909.2243329941994,True,
anvil,25795072,50,0,read_contract,1659.457540998119,True,
anvil,25795072,50,0,read_contract,297.86362500453833,True,
anvil,25795072,50,0,read_contract,302.5335830025142,True,
anvil,25795072,50,0,read_contract,291.60425000009127,True,
anvil,25795072,50,0,read_contract,288.68879200308584,True,
anvil,25795072,50,0,read_contract,295.269416004885,True,
anvil,25795072,50,0,read_contract,290.0077090016566,True,
anvil,25795072,50,0,read_contract,288.56833299505524,True,
anvil,25795072,50,0,discard,3.7940410111332312,True,
anvil,25795072,50,1,acquire,914.7868750005728,True,
anvil,25795072,50,1,read_contract,1602.440332993865,True,
anvil,25795072,50,1,read_contract,282.01091699884273,True,
anvil,25795072,50,1,read_contract,295.21483299322426,True,
anvil,25795072,50,1,read_contract,283.7041659950046,True,
anvil,25795072,50,1,read_contract,285.62424999836367,True,
anvil,25795072,50,1,read_contract,290.60229199239984,True,
anvil,25795072,50,1,read_contract,295.99558300105855,True,
anvil,25795072,50,1,read_contract,284.3542909977259,True,
anvil,25795072,50,1,discard,3.68641599197872,True,
anvil,25795072,50,2,acquire,696.1026249919087,True,
anvil,25795072,50,2,read_contract,1743.351957993582,True,
anvil,25795072,50,2,read_contract,294.25095800252166,True,
anvil,25795072,50,2,read_contract,289.6252079954138,True,
anvil,25795072,50,2,read_contract,296.51308299798984,True,
anvil,25795072,50,2,read_contract,289.1378329950385,True,
anvil,25795072,50,2,read_contract,288.9984999928856,True,
anvil,25795072,50,2,read_contract,298.5955420008395,True,
anvil,25795072,50,2,read_contract,295.98587499640416,True,
anvil,25795072,50,2,discard,3.7783750012749806,True,
anvil,25795072,50,3,acquire,899.3578749941662,True,
anvil,25795072,50,3,read_contract,1597.9297909943853,True,
anvil,25795072,50,3,read_contract,290.35245899285655,True,
anvil,25795072,50,3,read_contract,286.53670800849795,True,
anvil,25795072,50,3,read_contract,285.0010420079343,True,
anvil,25795072,50,3,read_contract,303.1638750107959,True,
anvil,25795072,50,3,read_contract,291.8703750037821,True,
anvil,25795072,50,3,read_contract,291.6624580102507,True,
anvil,25795072,50,3,read_contract,283.7993749999441,True,
anvil,25795072,50,3,discard,3.7809999921591952,True,
anvil,25795072,50,4,acquire,691.8494999990799,True,
anvil,25795072,50,4,read_contract,1766.103124988149,True,
anvil,25795072,50,4,read_contract,278.45966699533165,True,
anvil,25795072,50,4,read_contract,283.98170799482614,True,
anvil,25795072,50,4,read_contract,286.3814159936737,True,
anvil,25795072,50,4,read_contract,275.4798749956535,True,
anvil,25795072,50,4,read_contract,281.32504200038966,True,
anvil,25795072,50,4,read_contract,280.8447910065297,True,
anvil,25795072,50,4,read_contract,277.50866700080223,True,
anvil,25795072,50,4,discard,8.383791006053798,True,
anvil,25795072,50,5,acquire,881.5347499912605,True,
anvil,25795072,50,5,read_contract,1596.7731659911806,True,
anvil,25795072,50,5,read_contract,282.15745800116565,True,
anvil,25795072,50,5,read_contract,290.1459580025403,True,
anvil,25795072,50,5,read_contract,284.51866601244546,True,
anvil,25795072,50,5,read_contract,285.82912500132807,True,
anvil,25795072,50,5,read_contract,280.5741250049323,True,
anvil,25795072,50,5,read_contract,285.14341700065415,True,
anvil,25795072,50,5,read_contract,287.4026670033345,True,
anvil,25795072,50,5,discard,3.613334003603086,True,
anvil,25795072,50,6,acquire,894.4626250013243,True,
anvil,25795072,50,6,read_contract,1597.9282920015976,True,
anvil,25795072,50,6,read_contract,287.7488330123015,True,
anvil,25795072,50,6,read_contract,290.51358299329877,True,
anvil,25795072,50,6,read_contract,301.1074170062784,True,
anvil,25795072,50,6,read_contract,286.54333400481846,True,
anvil,25795072,50,6,read_contract,289.34345800371375,True,
anvil,25795072,50,6,read_contract,291.0677920008311,True,
anvil,25795072,50,6,read_contract,297.770709003089,True,
anvil,25795072,50,6,discard,4.3668750004144385,True,
anvil,25795072,50,7,acquire,891.6505420056637,True,
anvil,25795072,50,7,read_contract,1697.5912080088165,True,
anvil,25795072,50,7,read_contract,293.9769590011565,True,
anvil,25795072,50,7,read_contract,294.31395800202154,True,
anvil,25795072,50,7,read_contract,291.8953749904176,True,
anvil,25795072,50,7,read_contract,291.1754169908818,True,
anvil,25795072,50,7,read_contract,288.57741701358464,True,
anvil,25795072,50,7,read_contract,292.68600000068545,True,
anvil,25795072,50,7,read_contract,291.93854199547786,True,
anvil,25795072,50,7,discard,3.8020000065444037,True,
anvil,25795072,50,8,acquire,904.0774169989163,True,
anvil,25795072,50,8,read_contract,1632.7689169993391,True,
anvil,25795072,50,8,read_contract,301.98291699343827,True,
anvil,25795072,50,8,read_contract,302.3288750118809,True,
anvil,25795072,50,8,read_contract,288.3149170083925,True,
anvil,25795072,50,8,read_contract,298.49916700914036,True,
anvil,25795072,50,8,read_contract,290.513459010981,True,
anvil,25795072,50,8,read_contract,295.9499999997206,True,
anvil,25795072,50,8,read_contract,300.3980829962529,True,
anvil,25795072,50,8,discard,3.828917004284449,True,
anvil,25795072,50,9,acquire,901.3891250069719,True,
anvil,25795072,50,9,read_contract,1620.1445420010714,True,
anvil,25795072,50,9,read_contract,295.8389170089504,True,
anvil,25795072,50,9,read_contract,299.7015000000829,True,
anvil,25795072,50,9,read_contract,282.30254200752825,True,
anvil,25795072,50,9,read_contract,284.2437500075903,True,
anvil,25795072,50,9,read_contract,285.1146670000162,True,
anvil,25795072,50,9,read_contract,292.5293750013225,True,
anvil,25795072,50,9,read_contract,289.7767909889808,True,
anvil,25795072,50,9,discard,3.700583998579532,True,
anvil,25795072,50,10,acquire,891.3602920074482,True,
anvil,25795072,50,10,read_contract,1611.991792000481,True,
anvil,25795072,50,10,read_contract,308.8069999939762,True,
anvil,25795072,50,10,read_contract,292.4527089926414,True,
anvil,25795072,50,10,read_contract,285.282750002807,True,
anvil,25795072,50,10,read_contract,292.94699999445584,True,
anvil,25795072,50,10,read_contract,283.0130829970585,True,
anvil,25795072,50,10,read_contract,288.7372499972116,True,
anvil,25795072,50,10,read_contract,283.3026250009425,True,
anvil,25795072,50,10,discard,3.7973750004312024,True,
anvil,25795072,50,11,acquire,857.0000420004362,True,
anvil,25795072,50,11,read_contract,1699.7962919995189,True,
anvil,25795072,50,11,read_contract,283.95787499903236,True,
anvil,25795072,50,11,read_contract,283.0608329968527,True,
anvil,25795072,50,11,read_contract,289.1254999994999,True,
anvil,25795072,50,11,read_contract,287.5639580015559,True,
anvil,25795072,50,11,read_contract,292.32274999958463,True,
anvil,25795072,50,11,read_contract,291.2169159972109,True,
anvil,25795072,50,11,read_contract,285.86841699143406,True,
anvil,25795072,50,11,discard,3.802040999289602,True,
anvil,25795072,50,12,acquire,886.8108340102481,True,
anvil,25795072,50,12,read_contract,1616.7387080058688,True,
anvil,25795072,50,12,read_contract,292.59712500788737,True,
anvil,25795072,50,12,read_contract,316.82320800609887,True,
anvil,25795072,50,12,read_contract,291.4950830017915,True,
anvil,25795072,50,12,read_contract,287.6592079992406,True,
anvil,25795072,50,12,read_contract,300.2876670070691,True,
anvil,25795072,50,12,read_contract,295.945459001814,True,
anvil,25795072,50,12,read_contract,290.3470409946749,True,
anvil,25795072,50,12,discard,3.7718749954365194,True,
anvil,25795072,50,13,acquire,880.8052910026163,True,
anvil,25795072,50,13,read_contract,1584.2856250092154,True,
anvil,25795072,50,13,read_contract,284.3241670052521,True,
anvil,25795072,50,13,read_contract,284.0127920062514,True,
anvil,25795072,50,13,read_contract,284.7461250057677,True,
anvil,25795072,50,13,read_contract,286.3918749935692,True,
anvil,25795072,50,13,read_contract,292.7065000112634,True,
anvil,25795072,50,13,read_contract,285.2932500099996,True,
anvil,25795072,50,13,read_contract,287.1140839997679,True,
anvil,25795072,50,13,discard,3.9080420101527125,True,
anvil,25795072,50,14,acquire,883.3340410055825,True,
anvil,25795072,50,14,read_contract,1595.3455839917297,True,
anvil,25795072,50,14,read_contract,311.7121249961201,True,
anvil,25795072,50,14,read_contract,301.1792499892181,True,
anvil,25795072,50,14,read_contract,288.48170800483786,True,
anvil,25795072,50,14,read_contract,300.24100000446197,True,
anvil,25795072,50,14,read_contract,297.80987500271294,True,
anvil,25795072,50,14,read_contract,295.1555420004297,True,
anvil,25795072,50,14,read_contract,298.39583300054073,True,
anvil,25795072,50,14,discard,3.850207998766564,True,
anvil,25795072,50,15,acquire,874.1361249994952,True,
anvil,25795072,50,15,read_contract,1595.4802079941146,True,
anvil,25795072,50,15,read_contract,285.37550001055934,True,
anvil,25795072,50,15,read_contract,283.21195900207385,True,
anvil,25795072,50,15,read_contract,277.883834001841,True,
anvil,25795072,50,15,read_contract,284.55804199620616,True,
anvil,25795072,50,15,read_contract,281.3543749944074,True,
anvil,25795072,50,15,read_contract,292.9846660117619,True,
anvil,25795072,50,15,read_contract,282.6865000097314,True,
anvil,25795072,50,15,discard,3.872332992614247,True,
anvil,25795072,50,16,acquire,857.0147499995073,True,
anvil,25795072,50,16,read_contract,1595.3414999967208,True,
anvil,25795072,50,16,read_contract,280.15629200672265,True,
anvil,25795072,50,16,read_contract,288.45762500714045,True,
anvil,25795072,50,16,read_contract,281.56858299917076,True,
anvil,25795072,50,16,read_contract,290.29541699856054,True,
anvil,25795072,50,16,read_contract,285.1841669908026,True,
anvil,25795072,50,16,read_contract,290.8885829965584,True,
anvil,25795072,50,16,read_contract,286.3903340039542,True,
anvil,25795072,50,16,discard,3.8064589898567647,True,
anvil,25795072,50,17,acquire,876.1341249919496,True,
anvil,25795072,50,17,read_contract,1612.1265420078998,True,
anvil,25795072,50,17,read_contract,298.177124990616,True,
anvil,25795072,50,17,read_contract,290.74900000705384,True,
anvil,25795072,50,17,read_contract,302.80612500791904,True,
anvil,25795072,50,17,read_contract,1991.0116249957355,True,
anvil,25795072,50,17,read_contract,289.92462500173133,True,
anvil,25795072,50,17,read_contract,298.65041600714903,True,
anvil,25795072,50,17,read_contract,299.1879999899538,True,
anvil,25795072,50,17,discard,3.693499995279126,True,
anvil,25795072,50,18,acquire,866.2432499986608,True,
anvil,25795072,50,18,read_contract,1605.6758330087177,True,
anvil,25795072,50,18,read_contract,294.1231659933692,True,
anvil,25795072,50,18,read_contract,293.15029201097786,True,
anvil,25795072,50,18,read_contract,282.82287500042,True,
anvil,25795072,50,18,read_contract,287.3474580119364,True,
anvil,25795072,50,18,read_contract,285.03312500834,True,
anvil,25795072,50,18,read_contract,298.17891599668656,True,
anvil,25795072,50,18,read_contract,288.5300409980118,True,
anvil,25795072,50,18,discard,3.7949580000713468,True,
anvil,25795072,50,19,acquire,894.7949589928612,True,
anvil,25795072,50,19,read_contract,1569.487125001615,True,
anvil,25795072,50,19,read_contract,294.8635409993585,True,
anvil,25795072,50,19,read_contract,293.86483400594443,True,
anvil,25795072,50,19,read_contract,284.5035420032218,True,
anvil,25795072,50,19,read_contract,286.57804100657813,True,
anvil,25795072,50,19,read_contract,281.9724590081023,True,
anvil,25795072,50,19,read_contract,290.0327079987619,True,
anvil,25795072,50,19,read_contract,281.490458000917,True,
anvil,25795072,50,19,discard,3.386124997632578,True,
anvil,25795072,50,20,acquire,877.8008340013912,True,
anvil,25795072,50,20,read_contract,1622.0317499974044,True,
anvil,25795072,50,20,read_contract,303.65133300074376,True,
anvil,25795072,50,20,read_contract,290.3309999965131,True,
anvil,25795072,50,20,read_contract,288.17020800488535,True,
anvil,25795072,50,20,read_contract,293.0084999970859,True,
anvil,25795072,50,20,read_contract,294.203416997334,True,
anvil,25795072,50,20,read_contract,307.094457995845,True,
anvil,25795072,50,20,read_contract,298.30899999069516,True,
anvil,25795072,50,20,discard,3.878250005072914,True,
anvil,25795072,50,21,acquire,2103.344000002835,True,
anvil,25795072,50,21,read_contract,445.56791700597387,True,
anvil,25795072,50,21,read_contract,295.736540996586,True,
anvil,25795072,50,21,read_contract,291.6934999957448,True,
anvil,25795072,50,21,read_contract,291.02212500583846,True,
anvil,25795072,50,21,read_contract,292.9275409987895,True,
anvil,25795072,50,21,read_contract,295.5328340030974,True,
anvil,25795072,50,21,read_contract,303.6063330073375,True,
anvil,25795072,50,21,read_contract,300.92308300663717,True,
anvil,25795072,50,21,discard,3.821332997176796,True,
anvil,25795072,50,22,acquire,884.5167500112439,True,
anvil,25795072,50,22,read_contract,1619.3890830036253,True,
anvil,25795072,50,22,read_contract,293.01162499177735,True,
anvil,25795072,50,22,read_contract,290.8009169914294,True,
anvil,25795072,50,22,read_contract,295.1430000102846,True,
anvil,25795072,50,22,read_contract,287.0641670015175,True,
anvil,25795072,50,22,read_contract,290.41787500318605,True,
anvil,25795072,50,22,read_contract,303.5427080030786,True,
anvil,25795072,50,22,read_contract,302.75558300490957,True,
anvil,25795072,50,22,discard,3.7978330074111,True,
anvil,25795072,50,23,acquire,876.4911250036675,True,
anvil,25795072,50,23,read_contract,1577.8995830041822,True,
anvil,25795072,50,23,read_contract,300.9039159951499,True,
anvil,25795072,50,23,read_contract,290.66670799511485,True,
anvil,25795072,50,23,read_contract,287.90804200980347,True,
anvil,25795072,50,23,read_contract,281.65429100045003,True,
anvil,25795072,50,23,read_contract,290.46124999877065,True,
anvil,25795072,50,23,read_contract,297.4034170038067,True,
anvil,25795072,50,23,read_contract,284.69504199165385,True,
anvil,25795072,50,23,discard,3.7912910047452897,True,
anvil,25795072,50,24,acquire,3149.774083009106,True,
anvil,25795072,50,24,read_contract,433.69712500134483,True,
anvil,25795072,50,24,read_contract,286.06504200433847,True,
anvil,25795072,50,24,read_contract,296.6642910032533,True,
anvil,25795072,50,24,read_contract,289.2875000106869,True,
anvil,25795072,50,24,read_contract,286.96841599594336,True,
anvil,25795072,50,24,read_contract,292.8799999936018,True,
anvil,25795072,50,24,read_contract,298.0585420009447,True,
anvil,25795072,50,24,read_contract,292.1734999981709,True,
anvil,25795072,50,24,discard,3.5574579960666597,True,
anvil,25795072,50,25,acquire,2942.4244169931626,True,
anvil,25795072,50,25,read_contract,420.4292499925941,True,
anvil,25795072,50,25,read_contract,348.20054200827144,True,
anvil,25795072,50,25,read_contract,285.58312500535976,True,
anvil,25795072,50,25,read_contract,299.5015000051353,True,
anvil,25795072,50,25,read_contract,286.72058299707714,True,
anvil,25795072,50,25,read_contract,294.4164579967037,True,
anvil,25795072,50,25,read_contract,304.7476670035394,True,
anvil,25795072,50,25,read_contract,295.414833992254,True,
anvil,25795072,50,25,discard,8.870000005117618,True,
anvil,25795072,50,26,acquire,4162.839083001018,True,
anvil,25795072,50,26,read_contract,442.5056249892805,True,
anvil,25795072,50,26,read_contract,297.1004170103697,True,
anvil,25795072,50,26,read_contract,287.3384580016136,True,
anvil,25795072,50,26,read_contract,298.0930000048829,True,
anvil,25795072,50,26,read_contract,288.32266699464526,True,
anvil,25795072,50,26,read_contract,298.5584580019349,True,
anvil,25795072,50,26,read_contract,298.4665839903755,True,
anvil,25795072,50,26,read_contract,298.34554200351704,True,
anvil,25795072,50,26,discard,3.8183750002644956,True,
anvil,25795072,50,27,acquire,2938.7890829966636,True,
anvil,25795072,50,27,read_contract,419.208624996827,True,
anvil,25795072,50,27,read_contract,298.30062499968335,True,
anvil,25795072,50,27,read_contract,276.26937499735504,True,
anvil,25795072,50,27,read_contract,287.7348750043893,True,
anvil,25795072,50,27,read_contract,291.8742920010118,True,
anvil,25795072,50,27,read_contract,282.2490420076065,True,
anvil,25795072,50,27,read_contract,294.5637090015225,True,
anvil,25795072,50,27,read_contract,284.00112500821706,True,
anvil,25795072,50,27,discard,8.832167004584335,True,
anvil,25795072,50,28,acquire,3136.47170799959,True,
anvil,25795072,50,28,read_contract,428.3190420101164,True,
anvil,25795072,50,28,read_contract,280.09458299493417,True,
anvil,25795072,50,28,read_contract,283.33066700724885,True,
anvil,25795072,50,28,read_contract,287.92920800333377,True,
anvil,25795072,50,28,read_contract,289.284750004299,True,
anvil,25795072,50,28,read_contract,299.74041700188536,True,
anvil,25795072,50,28,read_contract,293.70416699384805,True,
anvil,25795072,50,28,read_contract,288.62274999846704,True,
anvil,25795072,50,28,discard,3.455832993495278,True,
anvil,25795072,50,29,acquire,1909.2356250039302,True,
anvil,25795072,50,29,read_contract,426.6114589991048,True,
anvil,25795072,50,29,read_contract,282.0340420003049,True,
anvil,25795072,50,29,read_contract,294.8754589888267,True,
anvil,25795072,50,29,read_contract,279.45729199564084,True,
anvil,25795072,50,29,read_contract,289.11687500658445,True,
anvil,25795072,50,29,read_contract,278.8222079980187,True,
anvil,25795072,50,29,read_contract,282.5628749997122,True,
anvil,25795072,50,29,read_contract,289.0035830059787,True,
anvil,25795072,50,29,discard,3.827583001111634,True,
anvil,25795072,50,30,acquire,2095.8520419953857,True,
anvil,25795072,50,30,read_contract,439.62687499879394,True,
anvil,25795072,50,30,read_contract,289.2523750051623,True,
anvil,25795072,50,30,read_contract,281.04474999418017,True,
anvil,25795072,50,30,read_contract,289.99649999605026,True,
anvil,25795072,50,30,read_contract,295.20325000339653,True,
anvil,25795072,50,30,read_contract,301.981333992444,True,
anvil,25795072,50,30,read_contract,291.5521249960875,True,
anvil,25795072,50,30,read_contract,292.83099999884143,True,
anvil,25795072,50,30,discard,3.7996659957570955,True,
anvil,25795072,50,31,acquire,3128.1669169984525,True,
anvil,25795072,50,31,read_contract,421.27237499516923,True,
anvil,25795072,50,31,read_contract,281.950250006048,True,
anvil,25795072,50,31,read_contract,286.75312499399297,True,
anvil,25795072,50,31,read_contract,277.84133299428504,True,
anvil,25795072,50,31,read_contract,285.7390840072185,True,
anvil,25795072,50,31,read_contract,280.95970800495706,True,
anvil,25795072,50,31,read_contract,282.83812500012573,True,
anvil,25795072,50,31,read_contract,286.2315829988802,True,
anvil,25795072,50,31,discard,3.810124995652586,True,
anvil,25795072,50,32,acquire,3110.7217079988914,True,
anvil,25795072,50,32,read_contract,428.5387910058489,True,
anvil,25795072,50,32,read_contract,287.70466599962674,True,
anvil,25795072,50,32,read_contract,282.7174580015708,True,
anvil,25795072,50,32,read_contract,278.21354199841153,True,
anvil,25795072,50,32,read_contract,291.07612499501556,True,
anvil,25795072,50,32,read_contract,291.90949999610893,True,
anvil,25795072,50,32,read_contract,285.6631250033388,True,
anvil,25795072,50,32,read_contract,288.68441699887626,True,
anvil,25795072,50,32,discard,3.504374995827675,True,
anvil,25795072,50,33,acquire,4125.780499991379,True,
anvil,25795072,50,33,read_contract,452.61791699158493,True,
anvil,25795072,50,33,read_contract,302.14758300280664,True,
anvil,25795072,50,33,read_contract,300.616833003005,True,
anvil,25795072,50,33,read_contract,309.99508300737944,True,
anvil,25795072,50,33,read_contract,298.51308299112134,True,
anvil,25795072,50,33,read_contract,301.36441699869465,True,
anvil,25795072,50,33,read_contract,291.61791599472053,True,
anvil,25795072,50,33,read_contract,293.8987499946961,True,
anvil,25795072,50,33,discard,3.6272089928388596,True,
anvil,25795072,50,34,acquire,4131.8962079967605,True,
anvil,25795072,50,34,read_contract,430.6486249988666,True,
anvil,25795072,50,34,read_contract,285.6786249903962,True,
anvil,25795072,50,34,read_contract,287.7169999992475,True,
anvil,25795072,50,34,read_contract,286.2971669965191,True,
anvil,25795072,50,34,read_contract,284.5617920102086,True,
anvil,25795072,50,34,read_contract,290.40816699853167,True,
anvil,25795072,50,34,read_contract,285.4152499930933,True,
anvil,25795072,50,34,read_contract,285.75512500538025,True,
anvil,25795072,50,34,discard,8.906584000214934,True,
anvil,25795072,50,35,acquire,4176.097541989293,True,
anvil,25795072,50,35,read_contract,428.2223750051344,True,
anvil,25795072,50,35,read_contract,282.5099999899976,True,
anvil,25795072,50,35,read_contract,282.71799998765346,True,
anvil,25795072,50,35,read_contract,283.8253329973668,True,
anvil,25795072,50,35,read_contract,280.5676249990938,True,
anvil,25795072,50,35,read_contract,280.47616699768696,True,
anvil,25795072,50,35,read_contract,277.33804199669976,True,
anvil,25795072,50,35,read_contract,276.4210000023013,True,
anvil,25795072,50,35,discard,3.797541998210363,True,
anvil,25795072,50,36,acquire,4166.399875000934,True,
anvil,25795072,50,36,read_contract,435.44866700540297,True,
anvil,25795072,50,36,read_contract,287.94770801323466,True,
anvil,25795072,50,36,read_contract,282.88595798949245,True,
anvil,25795072,50,36,read_contract,284.7554170002695,True,
anvil,25795072,50,36,read_contract,281.38008300447837,True,
anvil,25795072,50,36,read_contract,277.0477919984842,True,
anvil,25795072,50,36,read_contract,289.69708300428465,True,
anvil,25795072,50,36,read_contract,284.33529200265184,True,
anvil,25795072,50,36,discard,3.3601250033825636,True,
anvil,25795072,50,37,acquire,4116.767625004286,True,
anvil,25795072,50,37,read_contract,430.8680420072051,True,
anvil,25795072,50,37,read_contract,293.9282079896657,True,
anvil,25795072,50,37,read_contract,294.09641699749045,True,
anvil,25795072,50,37,read_contract,295.1312499935739,True,
anvil,25795072,50,37,read_contract,301.1552079988178,True,
anvil,25795072,50,37,read_contract,292.4483329989016,True,
anvil,25795072,50,37,read_contract,292.52575000282377,True,
anvil,25795072,50,37,read_contract,290.2794159890618,True,
anvil,25795072,50,37,discard,3.842457997961901,True,
anvil,25795072,50,38,acquire,4172.877999997581,True,
anvil,25795072,50,38,read_contract,480.4904170014197,True,
anvil,25795072,50,38,read_contract,293.7744999944698,True,
anvil,25795072,50,38,read_contract,295.8961660042405,True,
anvil,25795072,50,38,read_contract,294.4990839896491,True,
anvil,25795072,50,38,read_contract,300.3355839900905,True,
anvil,25795072,50,38,read_contract,298.50033299589995,True,
anvil,25795072,50,38,read_contract,299.7900830087019,True,
anvil,25795072,50,38,read_contract,290.5987499980256,True,
anvil,25795072,50,38,discard,3.813833012827672,True,
anvil,25795072,50,39,acquire,5178.8473749911645,True,
anvil,25795072,50,39,read_contract,445.2863329934189,True,
anvil,25795072,50,39,read_contract,284.1055419994518,True,
anvil,25795072,50,39,read_contract,297.430542006623,True,
anvil,25795072,50,39,read_contract,285.28745799849275,True,
anvil,25795072,50,39,read_contract,298.6670829996001,True,
anvil,25795072,50,39,read_contract,299.25545799778774,True,
anvil,25795072,50,39,read_contract,300.44158299278934,True,
anvil,25795072,50,39,read_contract,292.9406250041211,True,
anvil,25795072,50,39,discard,8.633833000203595,True,
anvil,25795072,50,40,acquire,4144.017458995222,True,
anvil,25795072,50,40,read_contract,432.1870410058182,True,
anvil,25795072,50,40,read_contract,287.2609170008218,True,
anvil,25795072,50,40,read_contract,282.4539159919368,True,
anvil,25795072,50,40,read_contract,284.0687499992782,True,
anvil,25795072,50,40,read_contract,291.45641600189265,True,
anvil,25795072,50,40,read_contract,281.930333992932,True,
anvil,25795072,50,40,read_contract,286.3122499984456,True,
anvil,25795072,50,40,read_contract,283.7438749993453,True,
anvil,25795072,50,40,discard,3.8128330052131787,True,
anvil,25795072,50,41,acquire,4143.192083996837,True,
anvil,25795072,50,41,read_contract,427.1017499995651,True,
anvil,25795072,50,41,read_contract,278.6527499993099,True,
anvil,25795072,50,41,read_contract,287.1236250066431,True,
anvil,25795072,50,41,read_contract,288.02212500886526,True,
anvil,25795072,50,41,read_contract,284.5795419998467,True,
anvil,25795072,50,41,read_contract,280.54787499422673,True,
anvil,25795072,50,41,read_contract,281.16287500597537,True,
anvil,25795072,50,41,read_contract,284.7330829972634,True,
anvil,25795072,50,41,discard,3.827249995083548,True,
anvil,25795072,50,42,acquire,4183.445167000173,True,
anvil,25795072,50,42,read_contract,443.3094589912798,True,
anvil,25795072,50,42,read_contract,295.2889169973787,True,
anvil,25795072,50,42,read_contract,284.19329099415336,True,
anvil,25795072,50,42,read_contract,288.48283299885225,True,
anvil,25795072,50,42,read_contract,285.0247080059489,True,
anvil,25795072,50,42,read_contract,283.23887499573175,True,
anvil,25795072,50,42,read_contract,274.57237501221243,True,
anvil,25795072,50,42,read_contract,286.003166998853,True,
anvil,25795072,50,42,discard,3.8018329942133278,True,
anvil,25795072,50,43,acquire,4144.330541996169,True,
anvil,25795072,50,43,read_contract,435.7610839942936,True,
anvil,25795072,50,43,read_contract,284.91045799455605,True,
anvil,25795072,50,43,read_contract,287.5087089923909,True,
anvil,25795072,50,43,read_contract,285.78912500233855,True,
anvil,25795072,50,43,read_contract,283.5263750021113,True,
anvil,25795072,50,43,read_contract,286.13608299929183,True,
anvil,25795072,50,43,read_contract,280.9305830014637,True,
anvil,25795072,50,43,read_contract,286.4989579975372,True,
anvil,25795072,50,43,discard,3.789749986026436,True,
anvil,25795072,50,44,acquire,4177.153040989651,True,
anvil,25795072,50,44,read_contract,431.81295799149666,True,
anvil,25795072,50,44,read_contract,298.354417012888,True,
anvil,25795072,50,44,read_contract,288.4469580021687,True,
anvil,25795072,50,44,read_contract,282.3036659974605,True,
anvil,25795072,50,44,read_contract,277.2407500015106,True,
anvil,25795072,50,44,read_contract,279.87816600943916,True,
anvil,25795072,50,44,read_contract,278.9663750008913,True,
anvil,25795072,50,44,read_contract,280.4510419955477,True,
anvil,25795072,50,44,discard,3.796916003921069,True,
anvil,25795072,50,45,acquire,4164.014666996081,True,
anvil,25795072,50,45,read_contract,452.80374999856576,True,
anvil,25795072,50,45,read_contract,303.5600000002887,True,
anvil,25795072,50,45,read_contract,289.2506250063889,True,
anvil,25795072,50,45,read_contract,283.4833329980029,True,
anvil,25795072,50,45,read_contract,294.02425000444055,True,
anvil,25795072,50,45,read_contract,294.96325000945944,True,
anvil,25795072,50,45,read_contract,289.0115829941351,True,
anvil,25795072,50,45,read_contract,285.0615000061225,True,
anvil,25795072,50,45,discard,3.816374999587424,True,
anvil,25795072,50,46,acquire,4120.234415997402,True,
anvil,25795072,50,46,read_contract,432.69795800733846,True,
anvil,25795072,50,46,read_contract,293.19116700207815,True,
anvil,25795072,50,46,read_contract,281.24129099887796,True,
anvil,25795072,50,46,read_contract,296.9713749916991,True,
anvil,25795072,50,46,read_contract,295.61770799045917,True,
anvil,25795072,50,46,read_contract,285.0217910017818,True,
anvil,25795072,50,46,read_contract,288.2006250001723,True,
anvil,25795072,50,46,read_contract,282.77854100451805,True,
anvil,25795072,50,46,discard,3.8423329970100895,True,
anvil,25795072,50,47,acquire,4122.84825000097,True,
anvil,25795072,50,47,read_contract,481.90462500497233,True,
anvil,25795072,50,47,read_contract,289.801124992664,True,
anvil,25795072,50,47,read_contract,294.7653330047615,True,
anvil,25795072,50,47,read_contract,299.5726249937434,True,
anvil,25795072,50,47,read_contract,288.65562500141095,True,
anvil,25795072,50,47,read_contract,292.44375000416767,True,
anvil,25795072,50,47,read_contract,285.6765420001466,True,
anvil,25795072,50,47,read_contract,294.94395799702033,True,
anvil,25795072,50,47,discard,3.8074580079410225,True,
anvil,25795072,50,48,acquire,4154.701874998864,True,
anvil,25795072,50,48,read_contract,441.7953329975717,True,
anvil,25795072,50,48,read_contract,300.37224999978207,True,
anvil,25795072,50,48,read_contract,286.0716249997495,True,
anvil,25795072,50,48,read_contract,295.7717499957653,True,
anvil,25795072,50,48,read_contract,287.21400001086295,True,
anvil,25795072,50,48,read_contract,287.61800000211224,True,
anvil,25795072,50,48,read_contract,283.15520800242666,True,
anvil,25795072,50,48,read_contract,285.16579199640546,True,
anvil,25795072,50,48,discard,3.816333002760075,True,
anvil,25795072,50,49,acquire,4140.0539169990225,True,
anvil,25795072,50,49,read_contract,428.7114170001587,True,
anvil,25795072,50,49,read_contract,281.38050000416115,True,
anvil,25795072,50,49,read_contract,279.7740829992108,True,
anvil,25795072,50,49,read_contract,279.21158299432136,True,
anvil,25795072,50,49,read_contract,280.63170801033266,True,
anvil,25795072,50,49,read_contract,276.14129199355375,True,
anvil,25795072,50,49,read_contract,280.6669999990845,True,
anvil,25795072,50,49,read_contract,290.03691699472256,True,
anvil,25795072,50,49,discard,3.6724590027006343,True,
anvil,25795072,50,-1,__total__,7906.668666997575,True,
