backend,block_height,num_agents,agent_id,action,elapsed_ms,ok,error
forkyard,25795072,1,0,acquire,4.2471659835428,True,
forkyard,25795072,1,0,set_balance,227.19487501308322,True,
forkyard,25795072,1,0,fund_token,4.487083002459258,True,
forkyard,25795072,1,0,transfer,304.9374579859432,True,
forkyard,25795072,1,0,discard,1.7605000175535679,True,
forkyard,25795072,1,0,acquire,2.2737079998478293,True,
forkyard,25795072,1,0,set_balance,141.66470800410025,True,
forkyard,25795072,1,0,fund_token,4.779875016538426,True,
forkyard,25795072,1,0,swap_eth_for_token,1942.7280829986557,True,
forkyard,25795072,1,0,discard,2.3722079931758344,True,
forkyard,25795072,1,0,acquire,3.5685419861692935,True,
forkyard,25795072,1,0,set_balance,143.783290986903,True,
forkyard,25795072,1,0,swap_eth_for_token,202.88354202057235,True,
forkyard,25795072,1,0,get_balance,5.309917003614828,True,
forkyard,25795072,1,0,discard,1.5250419965013862,True,
forkyard,25795072,1,0,acquire,2.1589160023722798,True,
forkyard,25795072,1,0,set_balance,144.00400000158697,True,
forkyard,25795072,1,0,get_balance,7.89641699520871,True,
forkyard,25795072,1,0,swap_eth_for_token,161.23829100979492,True,
forkyard,25795072,1,0,discard,2.33854100224562,True,
forkyard,25795072,1,0,acquire,3.00062500173226,True,
forkyard,25795072,1,0,set_balance,141.95366701460443,True,
forkyard,25795072,1,0,swap_eth_for_token,167.00533300172538,True,
forkyard,25795072,1,0,transfer,160.1344580121804,True,
forkyard,25795072,1,0,discard,2.26341700181365,True,
forkyard,25795072,1,0,acquire,3.3650000113993883,True,
forkyard,25795072,1,0,set_balance,143.84787497692741,True,
forkyard,25795072,1,0,fund_token,4.659250000258908,True,
forkyard,25795072,1,0,swap_eth_for_token,20.810166985029355,True,
forkyard,25795072,1,0,discard,1.0462919890414923,True,
forkyard,25795072,1,0,acquire,1.67012499878183,True,
forkyard,25795072,1,0,set_balance,140.90474997647107,True,
forkyard,25795072,1,0,swap_eth_for_token,178.4890829876531,True,
forkyard,25795072,1,0,fund_token,2.844834001734853,True,
forkyard,25795072,1,0,discard,2.8657499933615327,True,
forkyard,25795072,1,0,acquire,4.537458007689565,True,
forkyard,25795072,1,0,set_balance,141.55191701138392,True,
forkyard,25795072,1,0,swap_eth_for_token,169.79725001147017,True,
forkyard,25795072,1,0,transfer,155.50450002774596,True,
forkyard,25795072,1,0,discard,1.2980409956071526,True,
forkyard,25795072,1,0,acquire,1.8599170143716037,True,
forkyard,25795072,1,0,set_balance,143.97829200606793,True,
forkyard,25795072,1,0,fund_token,1.5621659986209124,True,
forkyard,25795072,1,0,approve,156.8695000023581,True,
forkyard,25795072,1,0,discard,3.046166995773092,True,
forkyard,25795072,1,0,acquire,3.670709003927186,True,
forkyard,25795072,1,0,set_balance,143.05433401023038,True,
forkyard,25795072,1,0,get_balance,7.800916995620355,True,
forkyard,25795072,1,0,transfer,152.67995797330514,True,
forkyard,25795072,1,0,discard,1.8320000090170652,True,
forkyard,25795072,1,-1,__total__,5430.7074999960605,True,
anvil,25795072,1,0,acquire,861.0131249879487,True,
anvil,25795072,1,0,set_balance,140.2075419900939,True,
anvil,25795072,1,0,fund_token,141.80629199836403,True,
anvil,25795072,1,0,transfer,758.5987909988035,True,
anvil,25795072,1,0,discard,1.5327080036513507,True,
anvil,25795072,1,0,acquire,849.9258749943692,True,
anvil,25795072,1,0,set_balance,140.20075000007637,True,
anvil,25795072,1,0,fund_token,144.56712501123548,True,
anvil,25795072,1,0,swap_eth_for_token,18600.716624991037,False,"Web3RPCError('{\'code\': -32603, \'message\': \'Fork Error: Transport(Custom(reqwest::Error { kind: Request, url: ""https://mainnet.gateway.tenderly.co/YXEc9o0PFpWDR90xw86PQ"", source: hyper_util::clien"
anvil,25795072,1,0,discard,10.845332988537848,True,
anvil,25795072,1,0,acquire,873.1208330136724,True,
anvil,25795072,1,0,set_balance,145.7503749988973,True,
anvil,25795072,1,0,swap_eth_for_token,2999.5770000095945,True,
anvil,25795072,1,0,get_balance,2.0330839906819165,True,
anvil,25795072,1,0,discard,4.571792000206187,True,
anvil,25795072,1,0,acquire,862.3853750177659,True,
anvil,25795072,1,0,set_balance,156.48491599131376,True,
anvil,25795072,1,0,get_balance,6.719625002006069,True,
anvil,25795072,1,0,swap_eth_for_token,3440.993999975035,True,
anvil,25795072,1,0,discard,4.624833993148059,True,
anvil,25795072,1,0,acquire,854.8404999892227,True,
anvil,25795072,1,0,set_balance,140.88254197849892,True,
anvil,25795072,1,0,swap_eth_for_token,2518.215207994217,True,
anvil,25795072,1,0,transfer,503.98608300019987,True,
anvil,25795072,1,0,discard,4.610709002008662,True,
anvil,25795072,1,0,acquire,859.7341249987949,True,
anvil,25795072,1,0,set_balance,145.682583010057,True,
anvil,25795072,1,0,fund_token,149.30058299796656,True,
anvil,25795072,1,0,swap_eth_for_token,2298.718292004196,True,
anvil,25795072,1,0,discard,4.594917001668364,True,
anvil,25795072,1,0,acquire,857.0826249779202,True,
anvil,25795072,1,0,set_balance,140.55429201107472,True,
anvil,25795072,1,0,swap_eth_for_token,2512.45370900142,True,
anvil,25795072,1,0,fund_token,2.0810000132769346,True,
anvil,25795072,1,0,discard,4.669582995120436,True,
anvil,25795072,1,0,acquire,859.2513749899808,True,
anvil,25795072,1,0,set_balance,147.25529201678,True,
anvil,25795072,1,0,swap_eth_for_token,2531.4531659823842,True,
anvil,25795072,1,0,transfer,511.6085000045132,True,
anvil,25795072,1,0,discard,10.763666999991983,True,
anvil,25795072,1,0,acquire,859.0805410058238,True,
anvil,25795072,1,0,set_balance,143.21883401134983,True,
anvil,25795072,1,0,fund_token,146.31662500323728,True,
anvil,25795072,1,0,approve,770.8579160098452,True,
anvil,25795072,1,0,discard,10.313249978935346,True,
anvil,25795072,1,0,acquire,869.8287080042064,True,
anvil,25795072,1,0,set_balance,143.04716599872336,True,
anvil,25795072,1,0,get_balance,2.4389169993810356,True,
anvil,25795072,1,0,transfer,775.2755410037935,True,
anvil,25795072,1,0,discard,9.981541021261364,True,
anvil,25795072,1,-1,__total__,49712.42345898645,False,
forkyard,25795072,10,0,acquire,9.620083001209423,True,
forkyard,25795072,10,0,set_balance,30031.56591701554,False,"ReadTimeout(ReadTimeoutError(""HTTPConnectionPool(host='127.0.0.1', port=18555): Read timed out. (read timeout=30.0)""))"
forkyard,25795072,10,0,fund_token,30021.174875000725,False,"ReadTimeout(ReadTimeoutError(""HTTPConnectionPool(host='127.0.0.1', port=18555): Read timed out. (read timeout=30.0)""))"
forkyard,25795072,10,0,transfer,8580.087916983757,True,
forkyard,25795072,10,0,discard,2.28604199946858,True,
forkyard,25795072,10,0,acquire,2360.0190409924835,True,
forkyard,25795072,10,0,set_balance,620.5612500198185,True,
forkyard,25795072,10,0,fund_token,25.8169999870006,True,
forkyard,25795072,10,0,swap_eth_for_token,1038.1340410094708,True,
forkyard,25795072,10,0,discard,2842.878583003767,True,
forkyard,25795072,10,0,acquire,16.499541990924627,True,
forkyard,25795072,10,0,set_balance,142.82041598926298,True,
forkyard,25795072,10,0,swap_eth_for_token,317.80499999877065,True,
forkyard,25795072,10,0,get_balance,8.154790994012728,True,
forkyard,25795072,10,0,discard,0.9505829948466271,True,
forkyard,25795072,10,0,acquire,260.09199998225085,True,
forkyard,25795072,10,0,set_balance,147.7732079802081,True,
forkyard,25795072,10,0,get_balance,295.8999580005184,True,
forkyard,25795072,10,0,swap_eth_for_token,1076.409875007812,True,
forkyard,25795072,10,0,discard,133.0601669906173,True,
forkyard,25795072,10,0,acquire,69.26820799708366,True,
forkyard,25795072,10,0,set_balance,147.53608300816268,True,
forkyard,25795072,10,0,swap_eth_for_token,161.11304200603627,True,
forkyard,25795072,10,0,transfer,157.3777500016149,True,
forkyard,25795072,10,0,discard,142.21604200429283,True,
forkyard,25795072,10,0,acquire,67.782583006192,True,
forkyard,25795072,10,0,set_balance,164.3590830208268,True,
forkyard,25795072,10,0,fund_token,1.4848329883534461,True,
forkyard,25795072,10,0,swap_eth_for_token,21.512084000278264,True,
forkyard,25795072,10,0,discard,1.161583000794053,True,
forkyard,25795072,10,0,acquire,44.043750007404014,True,
forkyard,25795072,10,0,set_balance,157.39062501234002,True,
forkyard,25795072,10,0,swap_eth_for_token,312.27912500617094,True,
forkyard,25795072,10,0,fund_token,137.65908300410956,True,
forkyard,25795072,10,0,discard,5.476624995935708,True,
forkyard,25795072,10,0,acquire,152.95787501963787,True,
forkyard,25795072,10,0,set_balance,145.50375001272187,True,
forkyard,25795072,10,0,swap_eth_for_token,154.7354579961393,True,
forkyard,25795072,10,0,transfer,471.15041699726135,True,
forkyard,25795072,10,0,discard,2.934916003141552,True,
forkyard,25795072,10,0,acquire,2.6773329882416874,True,
forkyard,25795072,10,0,set_balance,142.94374999008141,True,
forkyard,25795072,10,0,fund_token,3.2617090037092566,True,
forkyard,25795072,10,0,approve,175.6525409873575,True,
forkyard,25795072,10,0,discard,6.614249985432252,True,
forkyard,25795072,10,0,acquire,6.167332991026342,True,
forkyard,25795072,10,0,set_balance,151.7348749912344,True,
forkyard,25795072,10,0,get_balance,4.118000011658296,True,
forkyard,25795072,10,0,transfer,161.07633299543522,True,
forkyard,25795072,10,0,discard,1.6004589851945639,True,
forkyard,25795072,10,1,acquire,15.494500024942681,True,
forkyard,25795072,10,1,set_balance,30023.492707987316,False,"ReadTimeout(ReadTimeoutError(""HTTPConnectionPool(host='127.0.0.1', port=18555): Read timed out. (read timeout=30.0)""))"
forkyard,25795072,10,1,get_balance,36534.44341698196,True,
forkyard,25795072,10,1,swap_eth_for_token,4465.508207998937,True,
forkyard,25795072,10,1,discard,602.0635000022594,True,
forkyard,25795072,10,1,acquire,30.818291998002678,True,
forkyard,25795072,10,1,set_balance,198.9705839951057,True,
forkyard,25795072,10,1,fund_token,7.325583981582895,True,
forkyard,25795072,10,1,fund_token,1.9259999971836805,True,
forkyard,25795072,10,1,discard,7.780500018270686,True,
forkyard,25795072,10,1,acquire,1.9280830165371299,True,
forkyard,25795072,10,1,set_balance,183.7115829985123,True,
forkyard,25795072,10,1,get_balance,25.400625017937273,True,
forkyard,25795072,10,1,fund_token,8.806833007838577,True,
forkyard,25795072,10,1,discard,2.6258750003762543,True,
forkyard,25795072,10,1,acquire,581.2683330150321,True,
forkyard,25795072,10,1,set_balance,2984.94125000434,True,
forkyard,25795072,10,1,fund_token,287.3228329990525,True,
forkyard,25795072,10,1,approve,627.2032090055291,True,
forkyard,25795072,10,1,discard,150.63929199823178,True,
forkyard,25795072,10,1,acquire,26.585582992993295,True,
forkyard,25795072,10,1,set_balance,769.8180000006687,True,
forkyard,25795072,10,1,swap_eth_for_token,765.7752920058556,True,
forkyard,25795072,10,1,transfer,427.9415839991998,True,
forkyard,25795072,10,1,discard,142.8894169803243,True,
forkyard,25795072,10,1,acquire,3.648041019914672,True,
forkyard,25795072,10,1,set_balance,147.96062500681728,True,
forkyard,25795072,10,1,transfer,295.30745901865885,True,
forkyard,25795072,10,1,transfer,156.40300000086427,True,
forkyard,25795072,10,1,discard,0.8350000134669244,True,
forkyard,25795072,10,1,acquire,1.2271250016056001,True,
forkyard,25795072,10,1,set_balance,143.59408401651308,True,
forkyard,25795072,10,1,fund_token,1.4045830175746232,True,
forkyard,25795072,10,1,fund_token,1.3719580019824207,True,
forkyard,25795072,10,1,discard,1.2497499992605299,True,
forkyard,25795072,10,1,acquire,1.6653339844197035,True,
forkyard,25795072,10,1,set_balance,139.5851249981206,True,
forkyard,25795072,10,1,get_balance,3.279084019595757,True,
forkyard,25795072,10,1,fund_token,1.1517909879330546,True,
forkyard,25795072,10,1,discard,1.1311670241411775,True,
forkyard,25795072,10,1,acquire,30.300082988105714,True,
forkyard,25795072,10,1,set_balance,143.63025000784546,True,
forkyard,25795072,10,1,swap_eth_for_token,161.3072089967318,True,
forkyard,25795072,10,1,get_balance,4.7778750013094395,True,
forkyard,25795072,10,1,discard,5.72200000169687,True,
forkyard,25795072,10,1,acquire,11.31483301287517,True,
forkyard,25795072,10,1,set_balance,140.4580830130726,True,
forkyard,25795072,10,1,swap_eth_for_token,169.54366699792445,True,
forkyard,25795072,10,1,fund_token,1.3083330122753978,True,
forkyard,25795072,10,1,discard,1.1497920204419643,True,
forkyard,25795072,10,2,acquire,12.356042017927393,True,
forkyard,25795072,10,2,set_balance,30020.90433301055,False,"ReadTimeout(ReadTimeoutError(""HTTPConnectionPool(host='127.0.0.1', port=18555): Read timed out. (read timeout=30.0)""))"
forkyard,25795072,10,2,transfer,38545.67329099518,True,
forkyard,25795072,10,2,transfer,500.42916598613374,True,
forkyard,25795072,10,2,discard,164.60049999295734,True,
forkyard,25795072,10,2,acquire,20.176040998194367,True,
forkyard,25795072,10,2,set_balance,187.6461250067223,True,
forkyard,25795072,10,2,get_balance,14.350999990710989,True,
forkyard,25795072,10,2,swap_eth_for_token,1768.4212920139544,True,
forkyard,25795072,10,2,discard,186.17904197890311,True,
forkyard,25795072,10,2,acquire,16.136040998389944,True,
forkyard,25795072,10,2,set_balance,196.76945899846032,True,
forkyard,25795072,10,2,transfer,435.7288329920266,True,
forkyard,25795072,10,2,fund_token,22.730958997271955,True,
forkyard,25795072,10,2,discard,5.233249976299703,True,
forkyard,25795072,10,2,acquire,4.773041000589728,True,
forkyard,25795072,10,2,set_balance,171.96741598309018,True,
forkyard,25795072,10,2,swap_eth_for_token,292.7790419780649,True,
forkyard,25795072,10,2,swap_eth_for_token,28.77537501626648,True,
forkyard,25795072,10,2,discard,0.6756660004612058,True,
forkyard,25795072,10,2,acquire,0.9810000192373991,True,
forkyard,25795072,10,2,set_balance,2784.7142499813344,True,
forkyard,25795072,10,2,transfer,171.13629201776348,True,
forkyard,25795072,10,2,fund_token,143.58983299462125,True,
forkyard,25795072,10,2,discard,2.761457988526672,True,
forkyard,25795072,10,2,acquire,8.50912497844547,True,
forkyard,25795072,10,2,set_balance,286.68891699635424,True,
forkyard,25795072,10,2,fund_token,1.9545829854905605,True,
forkyard,25795072,10,2,approve,151.5797920001205,True,
forkyard,25795072,10,2,discard,139.08354099839926,True,
forkyard,25795072,10,2,acquire,265.44399998965673,True,
forkyard,25795072,10,2,set_balance,155.75870798784308,True,
forkyard,25795072,10,2,get_balance,179.2379590042401,True,
forkyard,25795072,10,2,transfer,932.8290840203408,True,
forkyard,25795072,10,2,discard,8.840958995278925,True,
forkyard,25795072,10,2,acquire,12.858958973083645,True,
forkyard,25795072,10,2,set_balance,414.4439999945462,True,
forkyard,25795072,10,2,swap_eth_for_token,450.60966699384153,True,
forkyard,25795072,10,2,get_balance,276.50720899691805,True,
forkyard,25795072,10,2,discard,3.6982910241931677,True,
forkyard,25795072,10,2,acquire,13.589708018116653,True,
forkyard,25795072,10,2,set_balance,141.94783300627023,True,
forkyard,25795072,10,2,get_balance,9.99045799835585,True,
forkyard,25795072,10,2,fund_token,141.73283299896866,True,
forkyard,25795072,10,2,discard,4.365416010841727,True,
forkyard,25795072,10,2,acquire,63.647333008702844,True,
forkyard,25795072,10,2,set_balance,141.48058302816935,True,
forkyard,25795072,10,2,swap_eth_for_token,292.36545800813474,True,
forkyard,25795072,10,2,fund_token,143.54566700058058,True,
forkyard,25795072,10,2,discard,3.529542009346187,True,
forkyard,25795072,10,3,acquire,23.299666994716972,True,
forkyard,25795072,10,3,set_balance,30012.293375009904,False,"ReadTimeout(ReadTimeoutError(""HTTPConnectionPool(host='127.0.0.1', port=18555): Read timed out. (read timeout=30.0)""))"
forkyard,25795072,10,3,get_balance,37862.91495800833,True,
forkyard,25795072,10,3,swap_eth_for_token,29.568583995569497,False,"Web3RPCError(""{'code': -32000, 'message': 'execution error: Transaction(LackOfFundForMaxFee { fee: 10430781633250000, balance: 0 })'}"")"
forkyard,25795072,10,3,discard,0.5915419897064567,True,
forkyard,25795072,10,3,acquire,0.9632080036681145,True,
forkyard,25795072,10,3,set_balance,373.6168329778593,True,
forkyard,25795072,10,3,transfer,232.5657090113964,True,
forkyard,25795072,10,3,fund_token,2.260707988170907,True,
forkyard,25795072,10,3,discard,2.0976669911760837,True,
forkyard,25795072,10,3,acquire,84.56499999738298,True,
forkyard,25795072,10,3,set_balance,243.17795800743625,True,
forkyard,25795072,10,3,get_balance,23.052957985782996,True,
forkyard,25795072,10,3,fund_token,2.2942920040804893,True,
forkyard,25795072,10,3,discard,1.665416988544166,True,
forkyard,25795072,10,3,acquire,163.33408301579766,True,
forkyard,25795072,10,3,set_balance,169.84158300329,True,
forkyard,25795072,10,3,fund_token,14.014084008522332,True,
forkyard,25795072,10,3,get_balance,21.217667002929375,True,
forkyard,25795072,10,3,discard,1717.2897499985993,True,
forkyard,25795072,10,3,acquire,37.77499997522682,True,
forkyard,25795072,10,3,set_balance,190.7947910076473,True,
forkyard,25795072,10,3,fund_token,10.14916700660251,True,
forkyard,25795072,10,3,transfer,205.88258397765458,True,
forkyard,25795072,10,3,discard,187.93091701809317,True,
forkyard,25795072,10,3,acquire,39.237459015566856,True,
forkyard,25795072,10,3,set_balance,188.256374996854,True,
forkyard,25795072,10,3,transfer,224.8347080021631,True,
forkyard,25795072,10,3,transfer,482.8497089911252,True,
forkyard,25795072,10,3,discard,3.3602920011617243,True,
forkyard,25795072,10,3,acquire,5.995749990688637,True,
forkyard,25795072,10,3,set_balance,2931.4345410093665,True,
forkyard,25795072,10,3,fund_token,4.878917010501027,True,
forkyard,25795072,10,3,fund_token,3.7286670121829957,True,
forkyard,25795072,10,3,discard,11.227959010284394,True,
forkyard,25795072,10,3,acquire,128.4869160153903,True,
forkyard,25795072,10,3,set_balance,432.34454200137407,True,
forkyard,25795072,10,3,fund_token,14.617292006732896,True,
forkyard,25795072,10,3,swap_eth_for_token,465.75083400239237,True,
forkyard,25795072,10,3,discard,144.205749995308,True,
forkyard,25795072,10,3,acquire,23.48420800990425,True,
forkyard,25795072,10,3,set_balance,907.5439579901285,True,
forkyard,25795072,10,3,transfer,423.28995798015967,True,
forkyard,25795072,10,3,fund_token,136.86266701552086,True,
forkyard,25795072,10,3,discard,142.40004200837575,True,
forkyard,25795072,10,3,acquire,97.29062500991859,True,
forkyard,25795072,10,3,set_balance,145.70220801397227,True,
forkyard,25795072,10,3,swap_eth_for_token,162.75254101492465,True,
forkyard,25795072,10,3,swap_eth_for_token,311.75937500665896,True,
forkyard,25795072,10,3,discard,6.929750001290813,True,
forkyard,25795072,10,4,acquire,22.6727910048794,True,
forkyard,25795072,10,4,set_balance,30004.30004100781,False,"ReadTimeout(ReadTimeoutError(""HTTPConnectionPool(host='127.0.0.1', port=18555): Read timed out. (read timeout=30.0)""))"
forkyard,25795072,10,4,get_balance,36546.44979099976,True,
forkyard,25795072,10,4,transfer,4413.712833018508,False,"Web3RPCError(""{'code': -32000, 'message': 'execution error: Transaction(LackOfFundForMaxFee { fee: 10036185657193000, balance: 0 })'}"")"
forkyard,25795072,10,4,discard,403.74516701558605,True,
forkyard,25795072,10,4,acquire,216.46258400869556,True,
forkyard,25795072,10,4,set_balance,404.7527920047287,True,
forkyard,25795072,10,4,fund_token,19.423000019742176,True,
forkyard,25795072,10,4,transfer,3479.2971659917384,True,
forkyard,25795072,10,4,discard,119.28037498728372,True,
forkyard,25795072,10,4,acquire,33.839084004284814,True,
forkyard,25795072,10,4,set_balance,277.4582919955719,True,
forkyard,25795072,10,4,transfer,300.0719159899745,True,
forkyard,25795072,10,4,swap_eth_for_token,463.1282500049565,True,
forkyard,25795072,10,4,discard,17.142958007752895,True,
forkyard,25795072,10,4,acquire,9.272583003621548,True,
forkyard,25795072,10,4,set_balance,148.91462499508634,True,
forkyard,25795072,10,4,get_balance,6.90408400259912,True,
forkyard,25795072,10,4,swap_eth_for_token,157.75300000677817,True,
forkyard,25795072,10,4,discard,2.3250420053955168,True,
forkyard,25795072,10,4,acquire,566.6247500048485,True,
forkyard,25795072,10,4,set_balance,413.3679579827003,True,
forkyard,25795072,10,4,transfer,292.351291020168,True,
forkyard,25795072,10,4,get_balance,155.60854200157337,True,
forkyard,25795072,10,4,discard,1.5944999759085476,True,
forkyard,25795072,10,4,acquire,186.51383399264887,True,
forkyard,25795072,10,4,set_balance,280.1859579922166,True,
forkyard,25795072,10,4,swap_eth_for_token,460.0610420166049,True,
forkyard,25795072,10,4,get_balance,11.463249975349754,True,
forkyard,25795072,10,4,discard,135.80266700591892,True,
forkyard,25795072,10,4,acquire,144.89974998286925,True,
forkyard,25795072,10,4,set_balance,145.5378329847008,True,
forkyard,25795072,10,4,swap_eth_for_token,297.2906249924563,True,
forkyard,25795072,10,4,swap_eth_for_token,156.62254102062434,True,
forkyard,25795072,10,4,discard,135.0165830226615,True,
forkyard,25795072,10,4,acquire,3.7106249947100878,True,
forkyard,25795072,10,4,set_balance,144.4466250250116,True,
forkyard,25795072,10,4,swap_eth_for_token,167.08470802404918,True,
forkyard,25795072,10,4,get_balance,15.785957977641374,True,
forkyard,25795072,10,4,discard,1.131875003920868,True,
forkyard,25795072,10,4,acquire,135.52770801470615,True,
forkyard,25795072,10,4,set_balance,151.3415839872323,True,
forkyard,25795072,10,4,get_balance,12.303374998737127,True,
forkyard,25795072,10,4,swap_eth_for_token,157.10616699652746,True,
forkyard,25795072,10,4,discard,10.138582991203293,True,
forkyard,25795072,10,4,acquire,2.527917007682845,True,
forkyard,25795072,10,4,set_balance,186.06149998959154,True,
forkyard,25795072,10,4,swap_eth_for_token,183.27800001134165,True,
forkyard,25795072,10,4,swap_eth_for_token,21.780208975542337,True,
forkyard,25795072,10,4,discard,1.8052080122288316,True,
forkyard,25795072,10,5,acquire,16.422457993030548,True,
forkyard,25795072,10,5,set_balance,30019.754583016038,False,"ReadTimeout(ReadTimeoutError(""HTTPConnectionPool(host='127.0.0.1', port=18555): Read timed out. (read timeout=30.0)""))"
forkyard,25795072,10,5,swap_eth_for_token,38146.358917001635,False,"Web3RPCError(""{'code': -32000, 'message': 'execution error: Transaction(LackOfFundForMaxFee { fee: 10430781633250000, balance: 0 })'}"")"
forkyard,25795072,10,5,transfer,29.27870801067911,False,"Web3RPCError(""{'code': -32000, 'message': 'execution error: Transaction(LackOfFundForMaxFee { fee: 10036185657193000, balance: 0 })'}"")"
forkyard,25795072,10,5,discard,281.2807499722112,True,
forkyard,25795072,10,5,acquire,1937.906707986258,True,
forkyard,25795072,10,5,set_balance,618.2954999967478,True,
forkyard,25795072,10,5,get_balance,39.135915983933955,True,
forkyard,25795072,10,5,get_balance,409.266792004928,True,
forkyard,25795072,10,5,discard,183.51204099599272,True,
forkyard,25795072,10,5,acquire,8.359916013432667,True,
forkyard,25795072,10,5,set_balance,230.79462500754744,True,
forkyard,25795072,10,5,swap_eth_for_token,197.73920899024233,True,
forkyard,25795072,10,5,get_balance,1.7535410006530583,True,
forkyard,25795072,10,5,discard,0.6530410028062761,True,
forkyard,25795072,10,5,acquire,2833.447291981429,True,
forkyard,25795072,10,5,set_balance,562.0729159854818,True,
forkyard,25795072,10,5,transfer,471.08637500787154,True,
forkyard,25795072,10,5,transfer,983.3838339836802,True,
forkyard,25795072,10,5,discard,267.5716670055408,True,
forkyard,25795072,10,5,acquire,8.488500025123358,True,
forkyard,25795072,10,5,set_balance,153.74700000393204,True,
forkyard,25795072,10,5,fund_token,8.016582985874265,True,
forkyard,25795072,10,5,get_balance,151.0380000108853,True,
forkyard,25795072,10,5,discard,2.1931670198682696,True,
forkyard,25795072,10,5,acquire,206.33887499570847,True,
forkyard,25795072,10,5,set_balance,149.5497910073027,True,
forkyard,25795072,10,5,get_balance,11.056542018195614,True,
forkyard,25795072,10,5,get_balance,149.7032500046771,True,
forkyard,25795072,10,5,discard,23.21170797222294,True,
forkyard,25795072,10,5,acquire,68.05941602215171,True,
forkyard,25795072,10,5,set_balance,142.90737500414252,True,
forkyard,25795072,10,5,get_balance,162.32004098128527,True,
forkyard,25795072,10,5,transfer,306.4952910062857,True,
forkyard,25795072,10,5,discard,136.4904590009246,True,
forkyard,25795072,10,5,acquire,6.018124986439943,True,
forkyard,25795072,10,5,set_balance,273.9177089824807,True,
forkyard,25795072,10,5,get_balance,150.36900000995956,True,
forkyard,25795072,10,5,get_balance,8.232166001107544,True,
forkyard,25795072,10,5,discard,6.52891700156033,True,
forkyard,25795072,10,5,acquire,217.83958401647396,True,
forkyard,25795072,10,5,set_balance,141.51883299928159,True,
forkyard,25795072,10,5,swap_eth_for_token,155.54516701376997,True,
forkyard,25795072,10,5,get_balance,147.80929198605008,True,
forkyard,25795072,10,5,discard,12.954250007169321,True,
forkyard,25795072,10,5,acquire,6.8587089772336185,True,
forkyard,25795072,10,5,set_balance,142.84516699262895,True,
forkyard,25795072,10,5,get_balance,17.795833002310246,True,
forkyard,25795072,10,5,fund_token,1.4761659840587527,True,
forkyard,25795072,10,5,discard,1.3390829844865948,True,
forkyard,25795072,10,6,acquire,13.055499992333353,True,
forkyard,25795072,10,6,set_balance,30004.343584005255,False,"ReadTimeout(ReadTimeoutError(""HTTPConnectionPool(host='127.0.0.1', port=18555): Read timed out. (read timeout=30.0)""))"
forkyard,25795072,10,6,transfer,38580.618374980986,False,"Web3RPCError(""{'code': -32000, 'message': 'execution error: Transaction(LackOfFundForMaxFee { fee: 10036185657193000, balance: 0 })'}"")"
forkyard,25795072,10,6,swap_eth_for_token,262.8660000045784,False,"Web3RPCError(""{'code': -32000, 'message': 'execution error: Transaction(LackOfFundForMaxFee { fee: 10430781633250000, balance: 0 })'}"")"
forkyard,25795072,10,6,discard,1.3983749959152192,True,
forkyard,25795072,10,6,acquire,2.3789170081727207,True,
forkyard,25795072,10,6,set_balance,184.8558750061784,True,
forkyard,25795072,10,6,transfer,361.44599999533966,True,
forkyard,25795072,10,6,fund_token,6.547208002302796,True,
forkyard,25795072,10,6,discard,4.647084017051384,True,
forkyard,25795072,10,6,acquire,3.6158750008326024,True,
forkyard,25795072,10,6,set_balance,153.84204097790644,True,
forkyard,25795072,10,6,swap_eth_for_token,1399.6262500004377,True,
forkyard,25795072,10,6,swap_eth_for_token,18.518208002205938,True,
forkyard,25795072,10,6,discard,0.7240000122692436,True,
forkyard,25795072,10,6,acquire,173.72383299516514,True,
forkyard,25795072,10,6,set_balance,194.4735829893034,True,
forkyard,25795072,10,6,get_balance,11.195874976692721,True,
forkyard,25795072,10,6,transfer,239.3981660134159,True,
forkyard,25795072,10,6,discard,193.87683301465586,True,
forkyard,25795072,10,6,acquire,191.64466700749472,True,
forkyard,25795072,10,6,set_balance,624.9197089928202,True,
forkyard,25795072,10,6,swap_eth_for_token,3281.4577920071315,True,
forkyard,25795072,10,6,fund_token,143.41579101164825,True,
forkyard,25795072,10,6,discard,17.276458005653694,True,
forkyard,25795072,10,6,acquire,38.734416011720896,True,
forkyard,25795072,10,6,set_balance,141.49724997696467,True,
forkyard,25795072,10,6,transfer,153.448083990952,True,
forkyard,25795072,10,6,fund_token,136.6874589875806,True,
forkyard,25795072,10,6,discard,5.206875008298084,True,
forkyard,25795072,10,6,acquire,5.42629198753275,True,
forkyard,25795072,10,6,set_balance,148.5289999982342,True,
forkyard,25795072,10,6,fund_token,8.671499992487952,True,
forkyard,25795072,10,6,get_balance,161.0970830079168,True,
forkyard,25795072,10,6,discard,3.8297499995678663,True,
forkyard,25795072,10,6,acquire,596.2718750233762,True,
forkyard,25795072,10,6,set_balance,300.59562498354353,True,
forkyard,25795072,10,6,transfer,460.3681669977959,True,
forkyard,25795072,10,6,get_balance,284.18812502059154,True,
forkyard,25795072,10,6,discard,137.57912500295788,True,
forkyard,25795072,10,6,acquire,7.276167016243562,True,
forkyard,25795072,10,6,set_balance,277.3659590166062,True,
forkyard,25795072,10,6,fund_token,4.300291009712964,True,
forkyard,25795072,10,6,approve,451.20883401250467,True,
forkyard,25795072,10,6,discard,3.8509590085595846,True,
forkyard,25795072,10,6,acquire,9.304125007474795,True,
forkyard,25795072,10,6,set_balance,275.22216699435376,True,
forkyard,25795072,10,6,get_balance,146.940040984191,True,
forkyard,25795072,10,6,swap_eth_for_token,305.4145829810295,True,
forkyard,25795072,10,6,discard,135.6566250033211,True,
forkyard,25795072,10,7,acquire,22.71437502349727,True,
forkyard,25795072,10,7,set_balance,30008.80320899887,False,"ReadTimeout(ReadTimeoutError(""HTTPConnectionPool(host='127.0.0.1', port=18555): Read timed out. (read timeout=30.0)""))"
forkyard,25795072,10,7,swap_eth_for_token,38598.79783401266,False,"Web3RPCError(""{'code': -32000, 'message': 'execution error: Transaction(LackOfFundForMaxFee { fee: 10430781633250000, balance: 0 })'}"")"
forkyard,25795072,10,7,fund_token,2.266625000629574,True,
forkyard,25795072,10,7,discard,237.85733300610445,True,
forkyard,25795072,10,7,acquire,13.517458020942286,True,
forkyard,25795072,10,7,set_balance,182.80141698778607,True,
forkyard,25795072,10,7,transfer,173.8058339979034,True,
forkyard,25795072,10,7,swap_eth_for_token,1769.507666991558,True,
forkyard,25795072,10,7,discard,192.64708401169628,True,
forkyard,25795072,10,7,acquire,11.876667005708441,True,
forkyard,25795072,10,7,set_balance,195.4202500055544,True,
forkyard,25795072,10,7,get_balance,17.751709005096927,True,
forkyard,25795072,10,7,transfer,218.8889169774484,True,
forkyard,25795072,10,7,discard,9.35287500033155,True,
forkyard,25795072,10,7,acquire,4.2348749993834645,True,
forkyard,25795072,10,7,set_balance,368.99983399780467,True,
forkyard,25795072,10,7,fund_token,22.328708990244195,True,
forkyard,25795072,10,7,get_balance,26.278208009898663,True,
forkyard,25795072,10,7,discard,1.454707991797477,True,
forkyard,25795072,10,7,acquire,2.849750017048791,True,
forkyard,25795072,10,7,set_balance,461.45783399697393,True,
forkyard,25795072,10,7,fund_token,11.826667003333569,True,
forkyard,25795072,10,7,approve,2951.800875016488,True,
forkyard,25795072,10,7,discard,3.0308330024126917,True,
forkyard,25795072,10,7,acquire,12.27487501455471,True,
forkyard,25795072,10,7,set_balance,154.22925000893883,True,
forkyard,25795072,10,7,transfer,284.3117500015069,True,
forkyard,25795072,10,7,transfer,294.3875419732649,True,
forkyard,25795072,10,7,discard,143.11637499486096,True,
forkyard,25795072,10,7,acquire,23.480875010136515,True,
forkyard,25795072,10,7,set_balance,139.25587499397807,True,
forkyard,25795072,10,7,transfer,169.338500010781,True,
forkyard,25795072,10,7,swap_eth_for_token,1081.958750000922,True,
forkyard,25795072,10,7,discard,10.585791984340176,True,
forkyard,25795072,10,7,acquire,219.69795899349265,True,
forkyard,25795072,10,7,set_balance,285.54708301089704,True,
forkyard,25795072,10,7,get_balance,152.85362501163036,True,
forkyard,25795072,10,7,swap_eth_for_token,180.8293749927543,True,
forkyard,25795072,10,7,discard,1.653374987654388,True,
forkyard,25795072,10,7,acquire,77.32350000878796,True,
forkyard,25795072,10,7,set_balance,137.43600001907907,True,
forkyard,25795072,10,7,transfer,283.8927909906488,True,
forkyard,25795072,10,7,swap_eth_for_token,153.04499998455867,True,
forkyard,25795072,10,7,discard,1.3695409870706499,True,
forkyard,25795072,10,7,acquire,2.100500016240403,True,
forkyard,25795072,10,7,set_balance,140.40270799887367,True,
forkyard,25795072,10,7,transfer,173.7243329989724,True,
forkyard,25795072,10,7,get_balance,148.8871249894146,True,
forkyard,25795072,10,7,discard,1.63237500237301,True,
forkyard,25795072,10,8,acquire,14.941292000003159,True,
forkyard,25795072,10,8,set_balance,30023.354832985206,False,"ReadTimeout(ReadTimeoutError(""HTTPConnectionPool(host='127.0.0.1', port=18555): Read timed out. (read timeout=30.0)""))"
forkyard,25795072,10,8,get_balance,37860.405915998854,True,
forkyard,25795072,10,8,fund_token,14.963958004955202,True,
forkyard,25795072,10,8,discard,9.825166984228417,True,
forkyard,25795072,10,8,acquire,3075.997040985385,True,
forkyard,25795072,10,8,set_balance,626.0485000093468,True,
forkyard,25795072,10,8,get_balance,39.024416997563094,True,
forkyard,25795072,10,8,transfer,3723.710916005075,True,
forkyard,25795072,10,8,discard,136.174041981576,True,
forkyard,25795072,10,8,acquire,27.219582989346236,True,
forkyard,25795072,10,8,set_balance,144.93675000267103,True,
forkyard,25795072,10,8,get_balance,14.456082979450002,True,
forkyard,25795072,10,8,fund_token,6.427417014492676,True,
forkyard,25795072,10,8,discard,0.7363750191871077,True,
forkyard,25795072,10,8,acquire,1.0824170021805912,True,
forkyard,25795072,10,8,set_balance,142.8320419800002,True,
forkyard,25795072,10,8,fund_token,2.998791984282434,True,
forkyard,25795072,10,8,fund_token,2.277874998981133,True,
forkyard,25795072,10,8,discard,1.7954169888980687,True,
forkyard,25795072,10,8,acquire,222.86120799253695,True,
forkyard,25795072,10,8,set_balance,450.63012500759214,True,
forkyard,25795072,10,8,fund_token,21.445834019687027,True,
forkyard,25795072,10,8,fund_token,141.60787500441074,True,
forkyard,25795072,10,8,discard,14.898624998750165,True,
forkyard,25795072,10,8,acquire,19.421584001975134,True,
forkyard,25795072,10,8,set_balance,765.6822080025449,True,
forkyard,25795072,10,8,fund_token,27.4675419786945,True,
forkyard,25795072,10,8,transfer,276.65262497612275,True,
forkyard,25795072,10,8,discard,8.091791998595,True,
forkyard,25795072,10,8,acquire,9.774457983439788,True,
forkyard,25795072,10,8,set_balance,146.1940839944873,True,
forkyard,25795072,10,8,fund_token,3.5655840183608234,True,
forkyard,25795072,10,8,fund_token,1.5605000080540776,True,
forkyard,25795072,10,8,discard,1.1944579891860485,True,
forkyard,25795072,10,8,acquire,1.7165829776786268,True,
forkyard,25795072,10,8,set_balance,150.6151669891551,True,
forkyard,25795072,10,8,swap_eth_for_token,157.25033299531788,True,
forkyard,25795072,10,8,transfer,152.49191701877862,True,
forkyard,25795072,10,8,discard,1.0017080057878047,True,
forkyard,25795072,10,8,acquire,1.5653750160709023,True,
forkyard,25795072,10,8,set_balance,137.08458401379175,True,
forkyard,25795072,10,8,fund_token,8.51458398392424,True,
forkyard,25795072,10,8,transfer,154.11216698703356,True,
forkyard,25795072,10,8,discard,135.59929199982435,True,
forkyard,25795072,10,8,acquire,12.334750004811212,True,
forkyard,25795072,10,8,set_balance,277.3653329932131,True,
forkyard,25795072,10,8,get_balance,9.27441701060161,True,
forkyard,25795072,10,8,fund_token,4.6891249949112535,True,
forkyard,25795072,10,8,discard,139.01462499052286,True,
forkyard,25795072,10,9,acquire,21.306332986569032,True,
forkyard,25795072,10,9,set_balance,30016.439250000985,False,"ReadTimeout(ReadTimeoutError(""HTTPConnectionPool(host='127.0.0.1', port=18555): Read timed out. (read timeout=30.0)""))"
forkyard,25795072,10,9,fund_token,30024.435458006337,False,"ReadTimeout(ReadTimeoutError(""HTTPConnectionPool(host='127.0.0.1', port=18555): Read timed out. (read timeout=30.0)""))"
forkyard,25795072,10,9,swap_eth_for_token,8507.0934999967,False,"Web3RPCError(""{'code': -32000, 'message': 'execution error: Transaction(LackOfFundForMaxFee { fee: 10430781633250000, balance: 0 })'}"")"
forkyard,25795072,10,9,discard,6.615332997171208,True,
forkyard,25795072,10,9,acquire,8.791250002104789,True,
forkyard,25795072,10,9,set_balance,472.5061250210274,True,
forkyard,25795072,10,9,get_balance,178.76958299893886,True,
forkyard,25795072,10,9,swap_eth_for_token,1789.6362920000684,True,
forkyard,25795072,10,9,discard,7.368709018919617,True,
forkyard,25795072,10,9,acquire,599.9854590045288,True,
forkyard,25795072,10,9,set_balance,401.9676250172779,True,
forkyard,25795072,10,9,transfer,3337.5858330109622,True,
forkyard,25795072,10,9,transfer,721.5767920133658,True,
forkyard,25795072,10,9,discard,142.86604200606234,True,
forkyard,25795072,10,9,acquire,4.094042000360787,True,
forkyard,25795072,10,9,set_balance,146.3527919840999,True,
forkyard,25795072,10,9,get_balance,4.4484169920906425,True,
forkyard,25795072,10,9,fund_token,1.4088340103626251,True,
forkyard,25795072,10,9,discard,1.1927919986192137,True,
forkyard,25795072,10,9,acquire,4.363165993709117,True,
forkyard,25795072,10,9,set_balance,287.28087499621324,True,
forkyard,25795072,10,9,get_balance,38.186375022633,True,
forkyard,25795072,10,9,transfer,1169.6059580135625,True,
forkyard,25795072,10,9,discard,140.92358300695196,True,
forkyard,25795072,10,9,acquire,203.9793329895474,True,
forkyard,25795072,10,9,set_balance,291.4552080037538,True,
forkyard,25795072,10,9,get_balance,144.04541699332185,True,
forkyard,25795072,10,9,fund_token,143.11283300048672,True,
forkyard,25795072,10,9,discard,138.1026250019204,True,
forkyard,25795072,10,9,acquire,5.600749980658293,True,
forkyard,25795072,10,9,set_balance,436.49274998460896,True,
forkyard,25795072,10,9,swap_eth_for_token,310.70029200054705,True,
forkyard,25795072,10,9,get_balance,145.38495798478834,True,
forkyard,25795072,10,9,discard,2.8878339799121022,True,
forkyard,25795072,10,9,acquire,79.04566699289717,True,
forkyard,25795072,10,9,set_balance,140.0740419921931,True,
forkyard,25795072,10,9,transfer,331.7207919899374,True,
forkyard,25795072,10,9,get_balance,4.178834002232179,True,
forkyard,25795072,10,9,discard,4.943250009091571,True,
forkyard,25795072,10,9,acquire,1.8918339919764549,True,
forkyard,25795072,10,9,set_balance,143.36474999436177,True,
forkyard,25795072,10,9,swap_eth_for_token,174.6330829919316,True,
forkyard,25795072,10,9,transfer,166.63575000711717,True,
forkyard,25795072,10,9,discard,147.37445799983107,True,
forkyard,25795072,10,9,acquire,6.119875004515052,True,
forkyard,25795072,10,9,set_balance,147.34641599352472,True,
forkyard,25795072,10,9,transfer,221.64075000910088,True,
forkyard,25795072,10,9,transfer,164.18537497520447,True,
forkyard,25795072,10,9,discard,9.303124999860302,True,
forkyard,25795072,10,-1,__total__,81747.17058398528,False,
anvil,25795072,10,0,acquire,930.248541990295,True,
anvil,25795072,10,0,set_balance,140.053082985105,True,
anvil,25795072,10,0,fund_token,183.57995900441892,True,
anvil,25795072,10,0,transfer,763.5902079928201,True,
anvil,25795072,10,0,discard,4.582958994433284,True,
anvil,25795072,10,0,acquire,837.8381670045201,True,
anvil,25795072,10,0,set_balance,177.12850001407787,True,
anvil,25795072,10,0,fund_token,146.60479201120324,True,
anvil,25795072,10,0,swap_eth_for_token,6787.663791998057,True,
anvil,25795072,10,0,discard,7.394249987555668,True,
anvil,25795072,10,0,acquire,850.6018749903888,True,
anvil,25795072,10,0,set_balance,146.4041669969447,True,
anvil,25795072,10,0,swap_eth_for_token,49639.4537499873,False,"Web3RPCError('{\'code\': -32603, \'message\': \'Fork Error: Transport(Custom(reqwest::Error { kind: Request, url: ""https://mainnet.gateway.tenderly.co/YXEc9o0PFpWDR90xw86PQ"", source: hyper_util::clien"
anvil,25795072,10,0,get_balance,1.9012500124517828,True,
anvil,25795072,10,0,discard,4.5472919882740825,True,
anvil,25795072,10,0,acquire,7376.949541998329,True,
anvil,25795072,10,0,set_balance,489.029832999222,True,
anvil,25795072,10,0,get_balance,10.095000005094334,True,
anvil,25795072,10,0,swap_eth_for_token,2747.3639589734375,True,
anvil,25795072,10,0,discard,4.6088749950286,True,
anvil,25795072,10,0,acquire,847.8608749865089,True,
anvil,25795072,10,0,set_balance,250.15879201237112,True,
anvil,25795072,10,0,swap_eth_for_token,2467.428582982393,True,
anvil,25795072,10,0,transfer,499.7752910130657,True,
anvil,25795072,10,0,discard,10.694917000364512,True,
anvil,25795072,10,0,acquire,851.4348329917993,True,
anvil,25795072,10,0,set_balance,137.59695799672045,True,
anvil,25795072,10,0,fund_token,143.85816600406542,True,
anvil,25795072,10,0,swap_eth_for_token,2216.439082985744,True,
anvil,25795072,10,0,discard,10.768417007056996,True,
anvil,25795072,10,0,acquire,848.2077909866348,True,
anvil,25795072,10,0,set_balance,143.82270799251273,True,
anvil,25795072,10,0,swap_eth_for_token,3050.985874986509,True,
anvil,25795072,10,0,fund_token,2.0867080020252615,True,
anvil,25795072,10,0,discard,10.700000013457611,True,
anvil,25795072,10,0,acquire,1276.7278749961406,True,
anvil,25795072,10,0,set_balance,152.1010419819504,True,
anvil,25795072,10,0,swap_eth_for_token,3581.9012919964734,True,
anvil,25795072,10,0,transfer,510.07287501124665,True,
anvil,25795072,10,0,discard,10.081249987706542,True,
anvil,25795072,10,0,acquire,867.3189999826718,True,
anvil,25795072,10,0,set_balance,141.89633299247362,True,
anvil,25795072,10,0,fund_token,150.9023749968037,True,
anvil,25795072,10,0,approve,773.4395829902496,True,
anvil,25795072,10,0,discard,10.679750004783273,True,
anvil,25795072,10,0,acquire,870.9337499749381,True,
anvil,25795072,10,0,set_balance,150.3216249984689,True,
anvil,25795072,10,0,get_balance,8.313875005114824,True,
anvil,25795072,10,0,transfer,760.2952920133248,True,
anvil,25795072,10,0,discard,10.73783400352113,True,
anvil,25795072,10,1,acquire,917.8841250250116,True,
anvil,25795072,10,1,set_balance,146.93266598624177,True,
anvil,25795072,10,1,get_balance,11.180375004187226,True,
anvil,25795072,10,1,swap_eth_for_token,2460.2738750108983,True,
anvil,25795072,10,1,discard,4.535207990556955,True,
anvil,25795072,10,1,acquire,5863.787416019477,True,
anvil,25795072,10,1,set_balance,144.52620799420401,True,
anvil,25795072,10,1,fund_token,143.9853750052862,True,
anvil,25795072,10,1,fund_token,3.206499997759238,True,
anvil,25795072,10,1,discard,9.984125004848465,True,
anvil,25795072,10,1,acquire,851.249250001274,True,
anvil,25795072,10,1,set_balance,138.36237500072457,True,
anvil,25795072,10,1,get_balance,7.504915993195027,True,
anvil,25795072,10,1,fund_token,143.50691699655727,True,
anvil,25795072,10,1,discard,4.610500007402152,True,
anvil,25795072,10,1,acquire,849.2668329854496,True,
anvil,25795072,10,1,set_balance,141.61637498182245,True,
anvil,25795072,10,1,fund_token,157.71883400157094,True,
anvil,25795072,10,1,approve,30634.34062502347,True,
anvil,25795072,10,1,discard,4.606041999068111,True,
anvil,25795072,10,1,acquire,825.3106659976766,True,
anvil,25795072,10,1,set_balance,144.26974998787045,True,
anvil,25795072,10,1,swap_eth_for_token,2508.615958999144,True,
anvil,25795072,10,1,transfer,518.5792080010287,True,
anvil,25795072,10,1,discard,4.636749974451959,True,
anvil,25795072,10,1,acquire,846.3442500215024,True,
anvil,25795072,10,1,set_balance,149.10912499180995,True,
anvil,25795072,10,1,transfer,775.0920840189792,True,
anvil,25795072,10,1,transfer,512.5793330080342,True,
anvil,25795072,10,1,discard,4.718000011052936,True,
anvil,25795072,10,1,acquire,857.0482920040376,True,
anvil,25795072,10,1,set_balance,143.55033298488706,True,
anvil,25795072,10,1,fund_token,146.6695409908425,True,
anvil,25795072,10,1,fund_token,2.108374988893047,True,
anvil,25795072,10,1,discard,4.6113330172374845,True,
anvil,25795072,10,1,acquire,858.423458004836,True,
anvil,25795072,10,1,set_balance,146.81037497939542,True,
anvil,25795072,10,1,get_balance,5.817125027533621,True,
anvil,25795072,10,1,fund_token,141.02487498894334,True,
anvil,25795072,10,1,discard,4.629375005606562,True,
anvil,25795072,10,1,acquire,870.6194589904044,True,
anvil,25795072,10,1,set_balance,144.92424999480136,True,
anvil,25795072,10,1,swap_eth_for_token,2478.939042019192,True,
anvil,25795072,10,1,get_balance,6.980459002079442,True,
anvil,25795072,10,1,discard,4.689541005063802,True,
anvil,25795072,10,1,acquire,852.3635000165086,True,
anvil,25795072,10,1,set_balance,144.61104199290276,True,
anvil,25795072,10,1,swap_eth_for_token,2517.03879100387,True,
anvil,25795072,10,1,fund_token,2.568666997831315,True,
anvil,25795072,10,1,discard,4.7184579889290035,True,
anvil,25795072,10,2,acquire,886.1264160077553,True,
anvil,25795072,10,2,set_balance,161.1390830075834,True,
anvil,25795072,10,2,transfer,779.7827080066781,True,
anvil,25795072,10,2,transfer,482.76349998195656,True,
anvil,25795072,10,2,discard,4.581957997288555,True,
anvil,25795072,10,2,acquire,833.9567499933764,True,
anvil,25795072,10,2,set_balance,136.7176659987308,True,
anvil,25795072,10,2,get_balance,3.6696669994853437,True,
anvil,25795072,10,2,swap_eth_for_token,6654.05179199297,True,
anvil,25795072,10,2,discard,4.599582985974848,True,
anvil,25795072,10,2,acquire,855.1468749938067,True,
anvil,25795072,10,2,set_balance,142.05745799699798,True,
anvil,25795072,10,2,transfer,750.9176250023302,True,
anvil,25795072,10,2,fund_token,140.77341699157842,True,
anvil,25795072,10,2,discard,4.578499996569008,True,
anvil,25795072,10,2,acquire,849.5678330073133,True,
anvil,25795072,10,2,set_balance,18082.310666999547,False,"Web3RPCError(""{'code': -32603, 'message': 'failed to get account for 0x14CA06ad4D7f60d1a4eaC58Bc403e9e86e682efb: error sending request for url (https://mainnet.gateway.tenderly.co/YXEc9o0PFpWDR90xw86P"
anvil,25795072,10,2,swap_eth_for_token,384.30054200580344,False,"Web3RPCError(""{'code': -32003, 'message': 'Insufficient funds for gas * price + value'}"")"
anvil,25795072,10,2,swap_eth_for_token,17.9011250147596,False,"Web3RPCError(""{'code': -32003, 'message': 'Insufficient funds for gas * price + value'}"")"
anvil,25795072,10,2,discard,4.598166997311637,True,
anvil,25795072,10,2,acquire,854.2080420011189,True,
anvil,25795072,10,2,set_balance,145.08045802358538,True,
anvil,25795072,10,2,transfer,771.8306669848971,True,
anvil,25795072,10,2,fund_token,151.58383300877176,True,
anvil,25795072,10,2,discard,4.6085000212769955,True,
anvil,25795072,10,2,acquire,838.5944580077194,True,
anvil,25795072,10,2,set_balance,253.06479199207388,True,
anvil,25795072,10,2,fund_token,178.77645799308084,True,
anvil,25795072,10,2,approve,766.2911250081379,True,
anvil,25795072,10,2,discard,9.856582997599617,True,
anvil,25795072,10,2,acquire,1067.8301669831853,True,
anvil,25795072,10,2,set_balance,164.242083003046,True,
anvil,25795072,10,2,get_balance,6.985124986385927,True,
anvil,25795072,10,2,transfer,944.854542001849,True,
anvil,25795072,10,2,discard,4.629125003702939,True,
anvil,25795072,10,2,acquire,1055.2139999927022,True,
anvil,25795072,10,2,set_balance,139.3662090122234,True,
anvil,25795072,10,2,swap_eth_for_token,2935.7907499943394,True,
anvil,25795072,10,2,get_balance,4.706042003817856,True,
anvil,25795072,10,2,discard,4.585917020449415,True,
anvil,25795072,10,2,acquire,848.8325839862227,True,
anvil,25795072,10,2,set_balance,143.1139170017559,True,
anvil,25795072,10,2,get_balance,8.571332989959046,True,
anvil,25795072,10,2,fund_token,139.95924999471754,True,
anvil,25795072,10,2,discard,3.5656249965541065,True,
anvil,25795072,10,2,acquire,845.0075419968925,True,
anvil,25795072,10,2,set_balance,139.18991698301397,True,
anvil,25795072,10,2,swap_eth_for_token,2490.876208001282,True,
anvil,25795072,10,2,fund_token,1.320457988185808,True,
anvil,25795072,10,2,discard,4.62629200774245,True,
anvil,25795072,10,3,acquire,886.9605410145596,True,
anvil,25795072,10,3,set_balance,158.1747500167694,True,
anvil,25795072,10,3,get_balance,14.937625004677102,True,
anvil,25795072,10,3,swap_eth_for_token,2569.7960419929586,True,
anvil,25795072,10,3,discard,1.5279169892892241,True,
anvil,25795072,10,3,acquire,5454.642374999821,True,
anvil,25795072,10,3,set_balance,135.64129199949093,True,
anvil,25795072,10,3,transfer,744.3907080159988,True,
anvil,25795072,10,3,fund_token,163.2640000025276,True,
anvil,25795072,10,3,discard,4.580749984597787,True,
anvil,25795072,10,3,acquire,850.5274999770336,True,
anvil,25795072,10,3,set_balance,139.30416601942852,True,
anvil,25795072,10,3,get_balance,2.553250000346452,True,
anvil,25795072,10,3,fund_token,139.8161249817349,True,
anvil,25795072,10,3,discard,10.274541011312976,True,
anvil,25795072,10,3,acquire,831.7600830050651,True,
anvil,25795072,10,3,set_balance,142.07779199932702,True,
anvil,25795072,10,3,fund_token,150.78770800027996,True,
anvil,25795072,10,3,get_balance,14.627750002546236,True,
anvil,25795072,10,3,discard,4.676834010751918,True,
anvil,25795072,10,3,acquire,20112.985540996306,False,"RuntimeError('anvil on http://127.0.0.1:19034 did not become ready in 20.0s: HTTPConnectionPool(host=\'127.0.0.1\', port=19034): Max retries exceeded with url: / (Caused by NewConnectionError(""HTTPCon"
anvil,25795072,10,3,acquire,889.5477920013946,True,
anvil,25795072,10,3,set_balance,161.64262499660254,True,
anvil,25795072,10,3,fund_token,193.89316698652692,True,
anvil,25795072,10,3,transfer,935.0805410067551,True,
anvil,25795072,10,3,discard,10.628624993842095,True,
anvil,25795072,10,3,acquire,1279.1592499997932,True,
anvil,25795072,10,3,set_balance,174.09120898810215,True,
anvil,25795072,10,3,transfer,867.3759170051198,True,
anvil,25795072,10,3,transfer,714.0116670052521,True,
anvil,25795072,10,3,discard,10.774499998660758,True,
anvil,25795072,10,3,acquire,1062.4171249801293,True,
anvil,25795072,10,3,set_balance,193.7309999775607,True,
anvil,25795072,10,3,fund_token,145.62270801980048,True,
anvil,25795072,10,3,fund_token,0.8507920138072222,True,
anvil,25795072,10,3,discard,4.5504999870900065,True,
anvil,25795072,10,3,acquire,845.849541015923,True,
anvil,25795072,10,3,set_balance,143.06329199462198,True,
anvil,25795072,10,3,fund_token,148.81654101191089,True,
anvil,25795072,10,3,swap_eth_for_token,2276.977834000718,True,
anvil,25795072,10,3,discard,8.168500004103407,True,
anvil,25795072,10,3,acquire,840.3966250189114,True,
anvil,25795072,10,3,set_balance,144.03729201876558,True,
anvil,25795072,10,3,transfer,767.7688750263769,True,
anvil,25795072,10,3,fund_token,143.30220900592394,True,
anvil,25795072,10,3,discard,9.241708990884945,True,
anvil,25795072,10,4,acquire,880.8098750014324,True,
anvil,25795072,10,4,set_balance,150.95429099164903,True,
anvil,25795072,10,4,get_balance,2.1849579934496433,True,
anvil,25795072,10,4,transfer,742.9178330057766,True,
anvil,25795072,10,4,discard,9.11045799148269,True,
anvil,25795072,10,4,acquire,846.2884160107933,True,
anvil,25795072,10,4,set_balance,147.25387500948273,True,
anvil,25795072,10,4,fund_token,146.1654169834219,True,
anvil,25795072,10,4,transfer,746.315208991291,True,
anvil,25795072,10,4,discard,1.527832995634526,True,
anvil,25795072,10,4,acquire,4841.086375003215,True,
anvil,25795072,10,4,set_balance,158.3927090105135,True,
anvil,25795072,10,4,transfer,749.3032499914989,True,
anvil,25795072,10,4,swap_eth_for_token,2267.9140840191394,True,
anvil,25795072,10,4,discard,4.541583999525756,True,
anvil,25795072,10,4,acquire,833.2616669940762,True,
anvil,25795072,10,4,set_balance,30003.35366697982,False,"ReadTimeout(ReadTimeoutError(""HTTPConnectionPool(host='127.0.0.1', port=19043): Read timed out. (read timeout=30.0)""))"
anvil,25795072,10,4,get_balance,18226.449957990553,False,"Web3RPCError(""{'code': -32603, 'message': 'failed to get account for 0x019a43aF7F413663846a9cEC7b9e5E8BB6183CfD: error sending request for url (https://mainnet.gateway.tenderly.co/YXEc9o0PFpWDR90xw86P"
anvil,25795072,10,4,swap_eth_for_token,6081.2112919811625,False,"Web3RPCError(""{'code': -32603, 'message': 'failed to get account for 0x019a43aF7F413663846a9cEC7b9e5E8BB6183CfD: error sending request for url (https://mainnet.gateway.tenderly.co/YXEc9o0PFpWDR90xw86P"
anvil,25795072,10,4,discard,10.772791021736339,True,
anvil,25795072,10,4,acquire,1062.8607500111684,True,
anvil,25795072,10,4,set_balance,189.40937501611188,True,
anvil,25795072,10,4,transfer,959.9590409779921,True,
anvil,25795072,10,4,get_balance,6.226500001503155,True,
anvil,25795072,10,4,discard,10.774250025860965,True,
anvil,25795072,10,4,acquire,849.308541015489,True,
anvil,25795072,10,4,set_balance,150.4060000006575,True,
anvil,25795072,10,4,swap_eth_for_token,2496.769082994433,True,
anvil,25795072,10,4,get_balance,3.206541994586587,True,
anvil,25795072,10,4,discard,4.581749992212281,True,
anvil,25795072,10,4,acquire,853.8416660157964,True,
anvil,25795072,10,4,set_balance,144.1341250028927,True,
anvil,25795072,10,4,swap_eth_for_token,2477.161958027864,True,
anvil,25795072,10,4,swap_eth_for_token,259.8491670214571,True,
anvil,25795072,10,4,discard,4.617750004399568,True,
anvil,25795072,10,4,acquire,839.7288330015726,True,
anvil,25795072,10,4,set_balance,137.58183299796656,True,
anvil,25795072,10,4,swap_eth_for_token,2496.4152080065105,True,
anvil,25795072,10,4,get_balance,3.373791987542063,True,
anvil,25795072,10,4,discard,4.592083016177639,True,
anvil,25795072,10,4,acquire,1046.9389999925625,True,
anvil,25795072,10,4,set_balance,213.7811669963412,True,
anvil,25795072,10,4,get_balance,7.792000018525869,True,
anvil,25795072,10,4,swap_eth_for_token,3393.8999169913586,True,
anvil,25795072,10,4,discard,4.557541018584743,True,
anvil,25795072,10,4,acquire,1055.3550420154352,True,
anvil,25795072,10,4,set_balance,190.881749993423,True,
anvil,25795072,10,4,swap_eth_for_token,2578.751416003797,True,
anvil,25795072,10,4,swap_eth_for_token,268.55379197513685,True,
anvil,25795072,10,4,discard,4.624082997906953,True,
anvil,25795072,10,5,acquire,906.8662920035422,True,
anvil,25795072,10,5,set_balance,141.79566700477153,True,
anvil,25795072,10,5,swap_eth_for_token,2566.0432080039755,True,
anvil,25795072,10,5,transfer,4233.144999976503,True,
anvil,25795072,10,5,discard,10.678291990188882,True,
anvil,25795072,10,5,acquire,1050.565166020533,True,
anvil,25795072,10,5,set_balance,145.90370800578967,True,
anvil,25795072,10,5,get_balance,2.7387499867472798,True,
anvil,25795072,10,5,get_balance,2.118874981533736,True,
anvil,25795072,10,5,discard,4.578708001645282,True,
anvil,25795072,10,5,acquire,848.0355410138145,True,
anvil,25795072,10,5,set_balance,139.53020799090154,True,
anvil,25795072,10,5,swap_eth_for_token,2479.507084004581,True,
anvil,25795072,10,5,get_balance,5.4572499939240515,True,
anvil,25795072,10,5,discard,4.547374992398545,True,
anvil,25795072,10,5,acquire,20036.599000013666,False,"RuntimeError('anvil on http://127.0.0.1:19053 did not become ready in 20.0s: HTTPConnectionPool(host=\'127.0.0.1\', port=19053): Max retries exceeded with url: / (Caused by NewConnectionError(""HTTPCon"
anvil,25795072,10,5,acquire,855.5282080196775,True,
anvil,25795072,10,5,set_balance,169.38958398532122,True,
anvil,25795072,10,5,transfer,904.0399999939837,True,
anvil,25795072,10,5,transfer,651.8548330059275,True,
anvil,25795072,10,5,discard,4.6695839846506715,True,
anvil,25795072,10,5,acquire,1076.8038750102278,True,
anvil,25795072,10,5,set_balance,156.4008750137873,True,
anvil,25795072,10,5,fund_token,205.19037498161197,True,
anvil,25795072,10,5,get_balance,8.15962499473244,True,
anvil,25795072,10,5,discard,4.799999995157123,True,
anvil,25795072,10,5,acquire,1067.9670419776812,True,
anvil,25795072,10,5,set_balance,187.0602919952944,True,
anvil,25795072,10,5,get_balance,2.8221660177223384,True,
anvil,25795072,10,5,get_balance,1.8527920183259994,True,
anvil,25795072,10,5,discard,4.5490830088965595,True,
anvil,25795072,10,5,acquire,1060.355333989719,True,
anvil,25795072,10,5,set_balance,220.23079101927578,True,
anvil,25795072,10,5,get_balance,2.5163750106003135,True,
anvil,25795072,10,5,transfer,938.7233750021551,True,
anvil,25795072,10,5,discard,10.80470799934119,True,
anvil,25795072,10,5,acquire,854.2377080011647,True,
anvil,25795072,10,5,set_balance,312.1827089926228,True,
anvil,25795072,10,5,get_balance,6.473333982285112,True,
anvil,25795072,10,5,get_balance,4.048792005050927,True,
anvil,25795072,10,5,discard,4.610749980201945,True,
anvil,25795072,10,5,acquire,838.7194169918075,True,
anvil,25795072,10,5,set_balance,137.34454198856838,True,
anvil,25795072,10,5,swap_eth_for_token,2479.75187501288,True,
anvil,25795072,10,5,get_balance,4.7796249855309725,True,
anvil,25795072,10,5,discard,4.6033750113565475,True,
anvil,25795072,10,6,acquire,878.9052919892129,True,
anvil,25795072,10,6,set_balance,164.19558299821801,True,
anvil,25795072,10,6,transfer,822.0521670009475,True,
anvil,25795072,10,6,swap_eth_for_token,7104.223458998604,True,
anvil,25795072,10,6,discard,4.581708024488762,True,
anvil,25795072,10,6,acquire,831.602791993646,True,
anvil,25795072,10,6,set_balance,138.25820799684152,True,
anvil,25795072,10,6,transfer,742.3989580129273,True,
anvil,25795072,10,6,fund_token,139.15137498406693,True,
anvil,25795072,10,6,discard,4.575208004098386,True,
anvil,25795072,10,6,acquire,833.333082991885,True,
anvil,25795072,10,6,set_balance,148.4157920058351,True,
anvil,25795072,10,6,swap_eth_for_token,48823.19224998355,False,"Web3RPCError('{\'code\': -32603, \'message\': \'Fork Error: Transport(Custom(reqwest::Error { kind: Request, url: ""https://mainnet.gateway.tenderly.co/YXEc9o0PFpWDR90xw86PQ"", source: hyper_util::clien"
anvil,25795072,10,6,swap_eth_for_token,7.928083010483533,False,"Web3RPCError(""{'code': -32003, 'message': 'replacement transaction underpriced'}"")"
anvil,25795072,10,6,discard,1.5305000124499202,True,
anvil,25795072,10,6,acquire,8186.468583997339,True,
anvil,25795072,10,6,set_balance,333.41429199208505,True,
anvil,25795072,10,6,get_balance,8.43062502099201,True,
anvil,25795072,10,6,transfer,658.8403749919962,True,
anvil,25795072,10,6,discard,8.877124986611307,True,
anvil,25795072,10,6,acquire,848.8425000105053,True,
anvil,25795072,10,6,set_balance,141.51275000767782,True,
anvil,25795072,10,6,swap_eth_for_token,2432.5704160146415,True,
anvil,25795072,10,6,fund_token,1.7737919988576323,True,
anvil,25795072,10,6,discard,4.576042003463954,True,
anvil,25795072,10,6,acquire,839.0468749857973,True,
anvil,25795072,10,6,set_balance,139.0673750138376,True,
anvil,25795072,10,6,transfer,1006.8253329955041,True,
anvil,25795072,10,6,fund_token,143.3731660072226,True,
anvil,25795072,10,6,discard,4.569750017253682,True,
anvil,25795072,10,6,acquire,851.122124993708,True,
anvil,25795072,10,6,set_balance,142.70262501668185,True,
anvil,25795072,10,6,fund_token,142.7960000000894,True,
anvil,25795072,10,6,get_balance,8.452416019281372,True,
anvil,25795072,10,6,discard,4.591750010149553,True,
anvil,25795072,10,6,acquire,852.4075840250589,True,
anvil,25795072,10,6,set_balance,142.58212500135414,True,
anvil,25795072,10,6,transfer,773.05037502083,True,
anvil,25795072,10,6,get_balance,6.836625019786879,True,
anvil,25795072,10,6,discard,10.7155830191914,True,
anvil,25795072,10,6,acquire,858.1219580082688,True,
anvil,25795072,10,6,set_balance,144.91849998012185,True,
anvil,25795072,10,6,fund_token,146.06183298747055,True,
anvil,25795072,10,6,approve,787.1058750024531,True,
anvil,25795072,10,6,discard,10.75349998427555,True,
anvil,25795072,10,6,acquire,1069.5061669975985,True,
anvil,25795072,10,6,set_balance,210.16570800566114,True,
anvil,25795072,10,6,get_balance,8.745333005208522,True,
anvil,25795072,10,6,swap_eth_for_token,3638.056499999948,True,
anvil,25795072,10,6,discard,4.652457981137559,True,
anvil,25795072,10,7,acquire,871.5059999958612,True,
anvil,25795072,10,7,set_balance,167.18116597621702,True,
anvil,25795072,10,7,swap_eth_for_token,2561.9049159868155,True,
anvil,25795072,10,7,fund_token,0.9730420133564621,True,
anvil,25795072,10,7,discard,2.781624993076548,True,
anvil,25795072,10,7,acquire,4840.971833007643,True,
anvil,25795072,10,7,set_balance,185.9637500019744,True,
anvil,25795072,10,7,transfer,744.2419590079226,True,
anvil,25795072,10,7,swap_eth_for_token,2216.957208001986,True,
anvil,25795072,10,7,discard,4.556791973300278,True,
anvil,25795072,10,7,acquire,837.1403329947498,True,
anvil,25795072,10,7,set_balance,144.73120801267214,True,
anvil,25795072,10,7,get_balance,1.6590000013820827,True,
anvil,25795072,10,7,transfer,18083.43075000448,False,"Web3RPCError('{\'code\': -32603, \'message\': \'Fork Error: Transport(Custom(reqwest::Error { kind: Request, url: ""https://mainnet.gateway.tenderly.co/YXEc9o0PFpWDR90xw86PQ"", source: hyper_util::clien"
anvil,25795072,10,7,discard,0.07979199290275574,True,
anvil,25795072,10,7,acquire,1072.2740000055637,True,
anvil,25795072,10,7,set_balance,146.16720800404437,True,
anvil,25795072,10,7,fund_token,148.41587500995956,True,
anvil,25795072,10,7,get_balance,3.808624984230846,True,
anvil,25795072,10,7,discard,4.610416013747454,True,
anvil,25795072,10,7,acquire,845.0677920191083,True,
anvil,25795072,10,7,set_balance,145.12479200493544,True,
anvil,25795072,10,7,fund_token,151.40029200119898,True,
anvil,25795072,10,7,approve,823.8215830060653,True,
anvil,25795072,10,7,discard,10.753209004178643,True,
anvil,25795072,10,7,acquire,1271.348875015974,True,
anvil,25795072,10,7,set_balance,282.60462498292327,True,
anvil,25795072,10,7,transfer,1024.5198750053532,True,
anvil,25795072,10,7,transfer,528.6824170034379,True,
anvil,25795072,10,7,discard,10.725707979872823,True,
anvil,25795072,10,7,acquire,1273.533542000223,True,
anvil,25795072,10,7,set_balance,292.70416699000634,True,
anvil,25795072,10,7,transfer,890.0032080127858,True,
anvil,25795072,10,7,swap_eth_for_token,2354.337040975224,True,
anvil,25795072,10,7,discard,4.592958022840321,True,
anvil,25795072,10,7,acquire,856.8815829930827,True,
anvil,25795072,10,7,set_balance,143.72162500512786,True,
anvil,25795072,10,7,get_balance,2.1512919920496643,True,
anvil,25795072,10,7,swap_eth_for_token,2496.9632909924258,True,
anvil,25795072,10,7,discard,4.552291007712483,True,
anvil,25795072,10,7,acquire,847.364249988459,True,
anvil,25795072,10,7,set_balance,143.66962501662783,True,
anvil,25795072,10,7,transfer,760.3039999958128,True,
anvil,25795072,10,7,swap_eth_for_token,2252.284417016199,True,
anvil,25795072,10,7,discard,4.662209015805274,True,
anvil,25795072,10,7,acquire,866.2476660101674,True,
anvil,25795072,10,7,set_balance,147.29933300986886,True,
anvil,25795072,10,7,transfer,776.0290000005625,True,
anvil,25795072,10,7,get_balance,1.9860419852193445,True,
anvil,25795072,10,7,discard,4.561082983855158,True,
anvil,25795072,10,8,acquire,877.9544580029324,True,
anvil,25795072,10,8,set_balance,145.2735839993693,True,
anvil,25795072,10,8,get_balance,15.739249996840954,True,
anvil,25795072,10,8,fund_token,200.2675410185475,True,
anvil,25795072,10,8,discard,4.571291996398941,True,
anvil,25795072,10,8,acquire,856.6222500230651,True,
anvil,25795072,10,8,set_balance,142.53799998550676,True,
anvil,25795072,10,8,get_balance,7.55083400872536,True,
anvil,25795072,10,8,transfer,778.7375829939265,True,
anvil,25795072,10,8,discard,10.680792009225115,True,
anvil,25795072,10,8,acquire,5870.699833001709,True,
anvil,25795072,10,8,set_balance,141.98604199918918,True,
anvil,25795072,10,8,get_balance,2.019666018895805,True,
anvil,25795072,10,8,fund_token,143.07849999750033,True,
anvil,25795072,10,8,discard,6.009292003000155,True,
anvil,25795072,10,8,acquire,845.9637089981697,True,
anvil,25795072,10,8,set_balance,147.0762079989072,True,
anvil,25795072,10,8,fund_token,148.32729098270647,True,
anvil,25795072,10,8,fund_token,3.177875012625009,True,
anvil,25795072,10,8,discard,11.407415993744507,True,
anvil,25795072,10,8,acquire,840.9440830000676,True,
anvil,25795072,10,8,set_balance,174.41470798803493,True,
anvil,25795072,10,8,fund_token,139.897958986694,True,
anvil,25795072,10,8,fund_token,2.8489579854067415,True,
anvil,25795072,10,8,discard,10.703083011321723,True,
anvil,25795072,10,8,acquire,856.3187090039719,True,
anvil,25795072,10,8,set_balance,146.0671669919975,True,
anvil,25795072,10,8,fund_token,30003.40708301519,False,"ReadTimeout(ReadTimeoutError(""HTTPConnectionPool(host='127.0.0.1', port=19085): Read timed out. (read timeout=30.0)""))"
anvil,25795072,10,8,transfer,18230.337042012252,False,"Web3RPCError('{\'code\': -32603, \'message\': \'Fork Error: Transport(Custom(reqwest::Error { kind: Request, url: ""https://mainnet.gateway.tenderly.co/YXEc9o0PFpWDR90xw86PQ"", source: hyper_util::clien"
anvil,25795072,10,8,discard,0.010332994861528277,True,
anvil,25795072,10,8,acquire,7181.472084019333,True,
anvil,25795072,10,8,set_balance,297.1510000061244,True,
anvil,25795072,10,8,fund_token,176.9459169881884,True,
anvil,25795072,10,8,fund_token,3.7858749856241047,True,
anvil,25795072,10,8,discard,4.6927499934099615,True,
anvil,25795072,10,8,acquire,1267.787083022995,True,
anvil,25795072,10,8,set_balance,139.18704199022613,True,
anvil,25795072,10,8,swap_eth_for_token,2569.2494999966584,True,
anvil,25795072,10,8,transfer,503.70804098201916,True,
anvil,25795072,10,8,discard,4.646999994292855,True,
anvil,25795072,10,8,acquire,850.8932499971706,True,
anvil,25795072,10,8,set_balance,146.06991602340713,True,
anvil,25795072,10,8,fund_token,143.45008300733753,True,
anvil,25795072,10,8,transfer,756.0442080139183,True,
anvil,25795072,10,8,discard,4.605041991453618,True,
anvil,25795072,10,8,acquire,859.8776670114603,True,
anvil,25795072,10,8,set_balance,144.98450001701713,True,
anvil,25795072,10,8,get_balance,5.749125004513189,True,
anvil,25795072,10,8,fund_token,143.62020898261108,True,
anvil,25795072,10,8,discard,9.83212498249486,True,
anvil,25795072,10,9,acquire,879.2929160117637,True,
anvil,25795072,10,9,set_balance,152.69654200528748,True,
anvil,25795072,10,9,fund_token,170.68883299361914,True,
anvil,25795072,10,9,swap_eth_for_token,2263.530374999391,True,
anvil,25795072,10,9,discard,4.569832992274314,True,
anvil,25795072,10,9,acquire,4836.55941701727,True,
anvil,25795072,10,9,set_balance,211.96662497823127,True,
anvil,25795072,10,9,get_balance,1.8305419944226742,True,
anvil,25795072,10,9,swap_eth_for_token,2452.6535000186414,True,
anvil,25795072,10,9,discard,5.569333006860688,True,
anvil,25795072,10,9,acquire,835.0047919957433,True,
anvil,25795072,10,9,set_balance,143.40787500259466,True,
anvil,25795072,10,9,transfer,30656.96212500916,True,
anvil,25795072,10,9,transfer,17931.404208007734,False,"Web3RPCError('{\'code\': -32603, \'message\': \'Fork Error: Transport(Custom(reqwest::Error { kind: Request, url: ""https://mainnet.gateway.tenderly.co/YXEc9o0PFpWDR90xw86PQ"", source: hyper_util::clien"
anvil,25795072,10,9,discard,0.022167019778862596,True,
anvil,25795072,10,9,acquire,7342.482415988343,True,
anvil,25795072,10,9,set_balance,202.87791700684465,True,
anvil,25795072,10,9,get_balance,4.094167001312599,True,
anvil,25795072,10,9,fund_token,525.4002079891507,True,
anvil,25795072,10,9,discard,7.687291974434629,True,
anvil,25795072,10,9,acquire,1059.3354169977829,True,
anvil,25795072,10,9,set_balance,158.6504589940887,True,
anvil,25795072,10,9,get_balance,3.4220840025227517,True,
anvil,25795072,10,9,transfer,853.7565830047242,True,
anvil,25795072,10,9,discard,4.612208984326571,True,
anvil,25795072,10,9,acquire,848.9367910078727,True,
anvil,25795072,10,9,set_balance,149.66250001452863,True,
anvil,25795072,10,9,get_balance,5.102750001242384,True,
anvil,25795072,10,9,fund_token,150.3960829868447,True,
anvil,25795072,10,9,discard,10.431583010358736,True,
anvil,25795072,10,9,acquire,860.8795420150273,True,
anvil,25795072,10,9,set_balance,141.26687499810942,True,
anvil,25795072,10,9,swap_eth_for_token,2458.6353749909904,True,
anvil,25795072,10,9,get_balance,1.7329170077573508,True,
anvil,25795072,10,9,discard,4.311166994739324,True,
anvil,25795072,10,9,acquire,848.5063750122208,True,
anvil,25795072,10,9,set_balance,141.34841700433753,True,
anvil,25795072,10,9,transfer,757.7709579782095,True,
anvil,25795072,10,9,get_balance,4.425500024808571,True,
anvil,25795072,10,9,discard,4.6159999910742044,True,
anvil,25795072,10,9,acquire,853.1982499989681,True,
anvil,25795072,10,9,set_balance,144.49562499066815,True,
anvil,25795072,10,9,swap_eth_for_token,2525.3872080065776,True,
anvil,25795072,10,9,transfer,666.5032909950241,True,
anvil,25795072,10,9,discard,10.792665998451412,True,
anvil,25795072,10,9,acquire,1068.734125001356,True,
anvil,25795072,10,9,set_balance,183.3443340146914,True,
anvil,25795072,10,9,transfer,919.9744169891346,True,
anvil,25795072,10,9,transfer,612.6309590181336,True,
anvil,25795072,10,9,discard,10.785791993839666,True,
anvil,25795072,10,-1,__total__,92078.86441700975,False,
forkyard,25795072,25,0,acquire,18.38558301096782,True,
forkyard,25795072,25,0,set_balance,1252.583333000075,True,
forkyard,25795072,25,0,fund_token,22.053041990147904,True,
forkyard,25795072,25,0,transfer,2269.44283299963,True,
forkyard,25795072,25,0,discard,16.70766601455398,True,
forkyard,25795072,25,0,acquire,164.1280839976389,True,
forkyard,25795072,25,0,set_balance,415.26541698840447,True,
forkyard,25795072,25,0,fund_token,20.179999992251396,True,
forkyard,25795072,25,0,swap_eth_for_token,602.169124991633,True,
forkyard,25795072,25,0,discard,138.8807920156978,True,
forkyard,25795072,25,0,acquire,257.3827089800034,True,
forkyard,25795072,25,0,set_balance,292.1782500052359,True,
forkyard,25795072,25,0,swap_eth_for_token,601.0513750079554,True,
forkyard,25795072,25,0,get_balance,416.21545900125057,True,
forkyard,25795072,25,0,discard,11.852292023831978,True,
forkyard,25795072,25,0,acquire,84.23729101195931,True,
forkyard,25795072,25,0,set_balance,718.8774580135942,True,
forkyard,25795072,25,0,get_balance,316.89637497765943,True,
forkyard,25795072,25,0,swap_eth_for_token,872.2070410149172,True,
forkyard,25795072,25,0,discard,277.80854201409966,True,
forkyard,25795072,25,0,acquire,131.18191601824947,True,
forkyard,25795072,25,0,set_balance,561.9515839789528,True,
forkyard,25795072,25,0,swap_eth_for_token,988.7031659891363,True,
forkyard,25795072,25,0,transfer,983.9596250094473,True,
forkyard,25795072,25,0,discard,832.2172499902081,True,
forkyard,25795072,25,0,acquire,190.37566700717434,True,
forkyard,25795072,25,0,set_balance,841.3160839991178,True,
forkyard,25795072,25,0,fund_token,9.97537499642931,True,
forkyard,25795072,25,0,swap_eth_for_token,61288.006749993656,False,"Web3RPCError(""{'code': -32000, 'message': 'execution error: Transaction(NonceTooLow { tx: 0, state: 1 })'}"")"
forkyard,25795072,25,0,discard,303.24649999965914,True,
forkyard,25795072,25,0,acquire,102.34920799848624,True,
forkyard,25795072,25,0,set_balance,282.3707499774173,True,
forkyard,25795072,25,0,swap_eth_for_token,632.949540973641,True,
forkyard,25795072,25,0,fund_token,284.30091598420404,True,
forkyard,25795072,25,0,discard,140.66954198642634,True,
forkyard,25795072,25,0,acquire,50.068290991475806,True,
forkyard,25795072,25,0,set_balance,285.4967500024941,True,
forkyard,25795072,25,0,swap_eth_for_token,442.5985830021091,True,
forkyard,25795072,25,0,transfer,334.79833300225437,True,
forkyard,25795072,25,0,discard,140.11845798813738,True,
forkyard,25795072,25,0,acquire,28.21854199282825,True,
forkyard,25795072,25,0,set_balance,140.18795799347572,True,
forkyard,25795072,25,0,fund_token,2.0363339863251895,True,
forkyard,25795072,25,0,approve,156.43733300385065,True,
forkyard,25795072,25,0,discard,0.9737499931361526,True,
forkyard,25795072,25,0,acquire,1.589041989063844,True,
forkyard,25795072,25,0,set_balance,137.49670900870115,True,
forkyard,25795072,25,0,get_balance,2.019124978687614,True,
forkyard,25795072,25,0,transfer,150.46170898131095,True,
forkyard,25795072,25,0,discard,1.034125016303733,True,
forkyard,25795072,25,1,acquire,14.937166008166969,True,
forkyard,25795072,25,1,set_balance,752.8330830100458,True,
forkyard,25795072,25,1,get_balance,162.84400000586174,True,
forkyard,25795072,25,1,swap_eth_for_token,2777.4244159809314,True,
forkyard,25795072,25,1,discard,433.61233299947344,True,
forkyard,25795072,25,1,acquire,45.15112499939278,True,
forkyard,25795072,25,1,set_balance,286.2687910092063,True,
forkyard,25795072,25,1,fund_token,16.76299999235198,True,
forkyard,25795072,25,1,fund_token,11.902375001227483,True,
forkyard,25795072,25,1,discard,277.674292010488,True,
forkyard,25795072,25,1,acquire,10.392832977231592,True,
forkyard,25795072,25,1,set_balance,276.2807499966584,True,
forkyard,25795072,25,1,get_balance,6.529625010443851,True,
forkyard,25795072,25,1,fund_token,137.71479201386683,True,
forkyard,25795072,25,1,discard,144.45870800409466,True,
forkyard,25795072,25,1,acquire,124.79400000302121,True,
forkyard,25795072,25,1,set_balance,299.5395420002751,True,
forkyard,25795072,25,1,fund_token,138.59600000432692,True,
forkyard,25795072,25,1,approve,590.0244590011425,True,
forkyard,25795072,25,1,discard,278.2132920110598,True,
forkyard,25795072,25,1,acquire,533.2720419974066,True,
forkyard,25795072,25,1,set_balance,443.1972919846885,True,
forkyard,25795072,25,1,swap_eth_for_token,1039.3514159950428,True,
forkyard,25795072,25,1,transfer,1150.234625005396,True,
forkyard,25795072,25,1,discard,266.5269580029417,True,
forkyard,25795072,25,1,acquire,277.6299580000341,True,
forkyard,25795072,25,1,set_balance,549.6994999994058,True,
forkyard,25795072,25,1,transfer,1270.0303330202587,True,
forkyard,25795072,25,1,transfer,984.3835410138126,True,
forkyard,25795072,25,1,discard,564.9880839919206,True,
forkyard,25795072,25,1,acquire,30006.355791992974,False,"ReadTimeout(ReadTimeoutError(""HTTPConnectionPool(host='127.0.0.1', port=18555): Read timed out. (read timeout=30.0)""))"
forkyard,25795072,25,1,acquire,30006.39841600787,False,"ReadTimeout(ReadTimeoutError(""HTTPConnectionPool(host='127.0.0.1', port=18555): Read timed out. (read timeout=30.0)""))"
forkyard,25795072,25,1,acquire,109.79833401506767,True,
forkyard,25795072,25,1,set_balance,19.236624997574836,False,"Web3RPCError(""{'code': -32000, 'message': 'execution error: fallback lookup failed: failed to get account for 0xC08B906E040fBDf41C571349F620Fe9bd9FbB663: error sending request for url (https://mainnet"
forkyard,25795072,25,1,fund_token,551.8551670247689,True,
forkyard,25795072,25,1,fund_token,138.60574999125674,True,
forkyard,25795072,25,1,discard,145.64887501182966,True,
forkyard,25795072,25,1,acquire,154.06008399440907,True,
forkyard,25795072,25,1,set_balance,295.08083302062005,True,
forkyard,25795072,25,1,get_balance,158.24325001449324,True,
forkyard,25795072,25,1,fund_token,19.895999983418733,True,
forkyard,25795072,25,1,discard,9.857291006483138,True,
forkyard,25795072,25,2,acquire,19.450124993454665,True,
forkyard,25795072,25,2,set_balance,903.679209004622,True,
forkyard,25795072,25,2,transfer,2590.8033329760656,True,
forkyard,25795072,25,2,transfer,708.1350410007872,True,
forkyard,25795072,25,2,discard,152.8757499763742,True,
forkyard,25795072,25,2,acquire,125.62358300783671,True,
forkyard,25795072,25,2,set_balance,414.8033329984173,True,
forkyard,25795072,25,2,get_balance,425.87779101449996,True,
forkyard,25795072,25,2,swap_eth_for_token,998.981000011554,True,
forkyard,25795072,25,2,discard,143.14166698022746,True,
forkyard,25795072,25,2,acquire,24.677666020579636,True,
forkyard,25795072,25,2,set_balance,415.7574169803411,True,
forkyard,25795072,25,2,transfer,427.8845420049038,True,
forkyard,25795072,25,2,fund_token,141.75766598782502,True,
forkyard,25795072,25,2,discard,3.6325830151326954,True,
forkyard,25795072,25,2,acquire,22.16070899157785,True,
forkyard,25795072,25,2,set_balance,308.128292002948,True,
forkyard,25795072,25,2,swap_eth_for_token,866.03129201103,True,
forkyard,25795072,25,2,swap_eth_for_token,608.7683749792632,True,
forkyard,25795072,25,2,discard,136.17745801457204,True,
forkyard,25795072,25,2,acquire,408.07008399860933,True,
forkyard,25795072,25,2,set_balance,545.0294170004781,True,
forkyard,25795072,25,2,transfer,995.0724169902969,True,
forkyard,25795072,25,2,fund_token,407.41012498619966,True,
forkyard,25795072,25,2,discard,415.4419589904137,True,
forkyard,25795072,25,2,acquire,75.494582997635,True,
forkyard,25795072,25,2,set_balance,142.8640839876607,True,
forkyard,25795072,25,2,fund_token,1.7501660040579736,True,
forkyard,25795072,25,2,approve,153.16495799925178,True,
forkyard,25795072,25,2,discard,143.03550001932308,True,
forkyard,25795072,25,2,acquire,305.5682499834802,True,
forkyard,25795072,25,2,set_balance,670.4219169914722,True,
forkyard,25795072,25,2,get_balance,60161.45162502653,True,
forkyard,25795072,25,2,transfer,715.8909999998286,True,
forkyard,25795072,25,2,discard,148.08549999725074,True,
forkyard,25795072,25,2,acquire,335.50533300149255,True,
forkyard,25795072,25,2,set_balance,413.96904198336415,True,
forkyard,25795072,25,2,swap_eth_for_token,1030.5487910227384,True,
forkyard,25795072,25,2,get_balance,287.24800000782125,True,
forkyard,25795072,25,2,discard,163.48191600991413,True,
forkyard,25795072,25,2,acquire,13.909166998928413,True,
forkyard,25795072,25,2,set_balance,571.1304580036085,True,
forkyard,25795072,25,2,get_balance,153.09008400072344,True,
forkyard,25795072,25,2,fund_token,8.146583015331998,True,
forkyard,25795072,25,2,discard,5.121708003571257,True,
forkyard,25795072,25,2,acquire,144.37145798001438,True,
forkyard,25795072,25,2,set_balance,286.8179999932181,True,
forkyard,25795072,25,2,swap_eth_for_token,291.42933399998583,True,
forkyard,25795072,25,2,fund_token,1.4127910253591835,True,
forkyard,25795072,25,2,discard,5.175333004444838,True,
forkyard,25795072,25,3,acquire,3.892999986419454,True,
forkyard,25795072,25,3,set_balance,844.4252909976058,True,
forkyard,25795072,25,3,get_balance,464.45408402360044,True,
forkyard,25795072,25,3,swap_eth_for_token,2267.0349160034675,True,
forkyard,25795072,25,3,discard,38.049958006013185,True,
forkyard,25795072,25,3,acquire,124.84908400801942,True,
forkyard,25795072,25,3,set_balance,568.2109580084216,True,
forkyard,25795072,25,3,transfer,724.9702499830164,True,
forkyard,25795072,25,3,fund_token,127.85270900349133,True,
forkyard,25795072,25,3,discard,292.52620800980367,True,
forkyard,25795072,25,3,acquire,271.54837499256246,True,
forkyard,25795072,25,3,set_balance,683.1824999826495,True,
forkyard,25795072,25,3,get_balance,169.74250000203028,True,
forkyard,25795072,25,3,fund_token,16.378750005969778,True,
forkyard,25795072,25,3,discard,6.004292023135349,True,
forkyard,25795072,25,3,acquire,142.5542919896543,True,
forkyard,25795072,25,3,set_balance,567.8745830082335,True,
forkyard,25795072,25,3,fund_token,27.38733301521279,True,
forkyard,25795072,25,3,get_balance,437.63387500075623,True,
forkyard,25795072,25,3,discard,154.57833299296908,True,
forkyard,25795072,25,3,acquire,275.9253330004867,True,
forkyard,25795072,25,3,set_balance,552.6514580124058,True,
forkyard,25795072,25,3,fund_token,18.649625009857118,True,
forkyard,25795072,25,3,transfer,1007.58904099348,True,
forkyard,25795072,25,3,discard,163.19479199592024,True,
forkyard,25795072,25,3,acquire,485.7969169970602,True,
forkyard,25795072,25,3,set_balance,553.0271250172518,True,
forkyard,25795072,25,3,transfer,1289.1133750090376,True,
forkyard,25795072,25,3,transfer,1002.490790997399,True,
forkyard,25795072,25,3,discard,272.9632090195082,True,
forkyard,25795072,25,3,acquire,89.16683300049044,True,
forkyard,25795072,25,3,set_balance,287.0754589966964,True,
forkyard,25795072,25,3,fund_token,4.600540996761993,True,
forkyard,25795072,25,3,fund_token,1.2678330240305513,True,
forkyard,25795072,25,3,discard,30002.350082999328,False,"ReadTimeout(ReadTimeoutError(""HTTPConnectionPool(host='127.0.0.1', port=18555): Read timed out. (read timeout=30.0)""))"
forkyard,25795072,25,3,acquire,30006.117999990238,False,"ReadTimeout(ReadTimeoutError(""HTTPConnectionPool(host='127.0.0.1', port=18555): Read timed out. (read timeout=30.0)""))"
forkyard,25795072,25,3,acquire,520.2818340039812,True,
forkyard,25795072,25,3,set_balance,281.6795829858165,True,
forkyard,25795072,25,3,fund_token,6.050291995052248,True,
forkyard,25795072,25,3,swap_eth_for_token,456.9440420018509,True,
forkyard,25795072,25,3,discard,264.985624991823,True,
forkyard,25795072,25,3,acquire,19.664458028273657,True,
forkyard,25795072,25,3,set_balance,298.36554199573584,True,
forkyard,25795072,25,3,transfer,316.9166249863338,True,
forkyard,25795072,25,3,fund_token,3.612375003285706,True,
forkyard,25795072,25,3,discard,6.246042001293972,True,
forkyard,25795072,25,4,acquire,8.34708398906514,True,
forkyard,25795072,25,4,set_balance,519.2372089950368,True,
forkyard,25795072,25,4,get_balance,445.02375001320615,True,
forkyard,25795072,25,4,transfer,2462.0404159941245,True,
forkyard,25795072,25,4,discard,154.73899999051355,True,
forkyard,25795072,25,4,acquire,7.724249997409061,True,
forkyard,25795072,25,4,set_balance,432.46179100242443,True,
forkyard,25795072,25,4,fund_token,144.81445800629444,True,
forkyard,25795072,25,4,transfer,747.7723750052974,True,
forkyard,25795072,25,4,discard,278.1632079859264,True,
forkyard,25795072,25,4,acquire,164.16466599912383,True,
forkyard,25795072,25,4,set_balance,683.0522080126684,True,
forkyard,25795072,25,4,transfer,603.3050839905627,True,
forkyard,25795072,25,4,swap_eth_for_token,1007.4430419772398,True,
forkyard,25795072,25,4,discard,146.49183399160393,True,
forkyard,25795072,25,4,acquire,408.58562500216067,True,
forkyard,25795072,25,4,set_balance,653.242708009202,True,
forkyard,25795072,25,4,get_balance,287.71695800242014,True,
forkyard,25795072,25,4,swap_eth_for_token,999.2426660028286,True,
forkyard,25795072,25,4,discard,401.9199589965865,True,
forkyard,25795072,25,4,acquire,347.5344589969609,True,
forkyard,25795072,25,4,set_balance,552.6126670010854,True,
forkyard,25795072,25,4,transfer,982.8798749949783,True,
forkyard,25795072,25,4,get_balance,838.6542079970241,True,
forkyard,25795072,25,4,discard,10.763458005385473,True,
forkyard,25795072,25,4,acquire,296.78395797964185,True,
forkyard,25795072,25,4,set_balance,288.874833000591,True,
forkyard,25795072,25,4,swap_eth_for_token,60578.23025001562,False,"Web3RPCError(""{'code': -32000, 'message': 'execution error: Transaction(NonceTooLow { tx: 0, state: 1 })'}"")"
forkyard,25795072,25,4,get_balance,275.44320799643174,True,
forkyard,25795072,25,4,discard,7.6800000097136945,True,
forkyard,25795072,25,4,acquire,94.9227079981938,True,
forkyard,25795072,25,4,set_balance,146.06658299453557,True,
forkyard,25795072,25,4,swap_eth_for_token,445.0948750018142,True,
forkyard,25795072,25,4,swap_eth_for_token,485.93183400225826,True,
forkyard,25795072,25,4,discard,284.25637498730794,True,
forkyard,25795072,25,4,acquire,139.92208399577066,True,
forkyard,25795072,25,4,set_balance,158.0260419868864,True,
forkyard,25795072,25,4,swap_eth_for_token,341.60300000803545,True,
forkyard,25795072,25,4,get_balance,13.14941598684527,True,
forkyard,25795072,25,4,discard,139.6736669994425,True,
forkyard,25795072,25,4,acquire,122.58887500502169,True,
forkyard,25795072,25,4,set_balance,153.2784580194857,True,
forkyard,25795072,25,4,get_balance,164.83766702003777,True,
forkyard,25795072,25,4,swap_eth_for_token,471.08416599803604,True,
forkyard,25795072,25,4,discard,146.9466660055332,True,
forkyard,25795072,25,4,acquire,203.88766599353403,True,
forkyard,25795072,25,4,set_balance,277.17979199951515,True,
forkyard,25795072,25,4,swap_eth_for_token,148.2974580139853,True,
forkyard,25795072,25,4,swap_eth_for_token,147.8566250007134,True,
forkyard,25795072,25,4,discard,5.0852080166805536,True,
forkyard,25795072,25,5,acquire,11.919416981982067,True,
forkyard,25795072,25,5,set_balance,600.5240840022452,True,
forkyard,25795072,25,5,swap_eth_for_token,2829.637124988949,True,
forkyard,25795072,25,5,transfer,451.58541697310284,True,
forkyard,25795072,25,5,discard,408.3461250120308,True,
forkyard,25795072,25,5,acquire,298.1484170013573,True,
forkyard,25795072,25,5,set_balance,305.4673750011716,True,
forkyard,25795072,25,5,get_balance,277.5552079838235,True,
forkyard,25795072,25,5,get_balance,154.26604100503027,True,
forkyard,25795072,25,5,discard,142.96999998623505,True,
forkyard,25795072,25,5,acquire,11.325875006150454,True,
forkyard,25795072,25,5,set_balance,429.3935000023339,True,
forkyard,25795072,25,5,swap_eth_for_token,590.1058329909574,True,
forkyard,25795072,25,5,get_balance,296.8396669893991,True,
forkyard,25795072,25,5,discard,281.03512499365024,True,
forkyard,25795072,25,5,acquire,274.88095901208,True,
forkyard,25795072,25,5,set_balance,272.6176250143908,True,
forkyard,25795072,25,5,transfer,454.20624999678694,True,
forkyard,25795072,25,5,transfer,728.2316250202712,True,
forkyard,25795072,25,5,discard,149.2495420097839,True,
forkyard,25795072,25,5,acquire,553.4160000097472,True,
forkyard,25795072,25,5,set_balance,573.408666998148,True,
forkyard,25795072,25,5,fund_token,277.17012498760596,True,
forkyard,25795072,25,5,get_balance,561.3622500095516,True,
forkyard,25795072,25,5,discard,134.55474999500439,True,
forkyard,25795072,25,5,acquire,365.5150000122376,True,
forkyard,25795072,25,5,set_balance,845.0275420036633,True,
forkyard,25795072,25,5,get_balance,289.2025000182912,True,
forkyard,25795072,25,5,get_balance,578.5978749918286,True,
forkyard,25795072,25,5,discard,140.00441602547653,True,
forkyard,25795072,25,5,acquire,282.61266599292867,True,
forkyard,25795072,25,5,set_balance,30006.388292007614,False,"ReadTimeout(ReadTimeoutError(""HTTPConnectionPool(host='127.0.0.1', port=18555): Read timed out. (read timeout=30.0)""))"
forkyard,25795072,25,5,get_balance,30434.561500005657,True,
forkyard,25795072,25,5,transfer,856.9971249962691,True,
forkyard,25795072,25,5,discard,143.09962501283735,True,
forkyard,25795072,25,5,acquire,190.28141698800027,True,
forkyard,25795072,25,5,set_balance,275.3707499941811,True,
forkyard,25795072,25,5,get_balance,30.736416985746473,True,
forkyard,25795072,25,5,get_balance,142.41395800490864,True,
forkyard,25795072,25,5,discard,142.7525409962982,True,
forkyard,25795072,25,5,acquire,21.62324998062104,True,
forkyard,25795072,25,5,set_balance,280.2168750204146,True,
forkyard,25795072,25,5,swap_eth_for_token,461.9856249773875,True,
forkyard,25795072,25,5,get_balance,9.19904198963195,True,
forkyard,25795072,25,5,discard,141.0852090048138,True,
forkyard,25795072,25,5,acquire,214.0925829880871,True,
forkyard,25795072,25,5,set_balance,169.6367080148775,True,
forkyard,25795072,25,5,get_balance,439.5213749958202,True,
forkyard,25795072,25,5,fund_token,148.37654199800454,True,
forkyard,25795072,25,5,discard,10.006666998378932,True,
forkyard,25795072,25,6,acquire,10.430750000523403,True,
forkyard,25795072,25,6,set_balance,855.8756249840371,True,
forkyard,25795072,25,6,transfer,2666.3515830005053,True,
forkyard,25795072,25,6,swap_eth_for_token,767.5766659958754,True,
forkyard,25795072,25,6,discard,281.8437090027146,True,
forkyard,25795072,25,6,acquire,169.98770801001228,True,
forkyard,25795072,25,6,set_balance,282.2967499960214,True,
forkyard,25795072,25,6,transfer,305.6752919801511,True,
forkyard,25795072,25,6,fund_token,14.167707995511591,True,
forkyard,25795072,25,6,discard,143.1256670039147,True,
forkyard,25795072,25,6,acquire,189.93475000024773,True,
forkyard,25795072,25,6,set_balance,683.0873340077233,True,
forkyard,25795072,25,6,swap_eth_for_token,942.6005829882342,True,
forkyard,25795072,25,6,swap_eth_for_token,434.9073749908712,True,
forkyard,25795072,25,6,discard,149.1092079959344,True,
forkyard,25795072,25,6,acquire,121.26195800374262,True,
forkyard,25795072,25,6,set_balance,157.25083299912512,True,
forkyard,25795072,25,6,get_balance,47.95379200368188,True,
forkyard,25795072,25,6,transfer,420.1618749939371,True,
forkyard,25795072,25,6,discard,12.637125008041039,True,
forkyard,25795072,25,6,acquire,92.16879101586528,True,
forkyard,25795072,25,6,set_balance,315.24220801657066,True,
forkyard,25795072,25,6,swap_eth_for_token,455.10858300258406,True,
forkyard,25795072,25,6,fund_token,141.5593340061605,True,
forkyard,25795072,25,6,discard,3.7906670186202973,True,
forkyard,25795072,25,6,acquire,29.253791988594458,True,
forkyard,25795072,25,6,set_balance,147.05329199205153,True,
forkyard,25795072,25,6,transfer,317.54612500662915,True,
forkyard,25795072,25,6,fund_token,145.05145800649188,True,
forkyard,25795072,25,6,discard,5.288791988277808,True,
forkyard,25795072,25,6,acquire,5.429834011010826,True,
forkyard,25795072,25,6,set_balance,288.6970419785939,True,
forkyard,25795072,25,6,fund_token,2.7763330144807696,True,
forkyard,25795072,25,6,get_balance,3.911957988748327,True,
forkyard,25795072,25,6,discard,0.9781660046428442,True,
forkyard,25795072,25,6,acquire,46.556083019822836,True,
forkyard,25795072,25,6,set_balance,152.90250000543892,True,
forkyard,25795072,25,6,transfer,457.4670830043033,True,
forkyard,25795072,25,6,get_balance,284.8090420011431,True,
forkyard,25795072,25,6,discard,18.336292007006705,True,
forkyard,25795072,25,6,acquire,153.22949999244884,True,
forkyard,25795072,25,6,set_balance,278.0885410029441,True,
forkyard,25795072,25,6,fund_token,16.059790999861434,True,
forkyard,25795072,25,6,approve,458.0863750015851,True,
forkyard,25795072,25,6,discard,143.23449999210425,True,
forkyard,25795072,25,6,acquire,5.77320801676251,True,
forkyard,25795072,25,6,set_balance,287.4547909887042,True,
forkyard,25795072,25,6,get_balance,171.34220898151398,True,
forkyard,25795072,25,6,swap_eth_for_token,477.54900000290945,True,
forkyard,25795072,25,6,discard,278.9434589794837,True,
forkyard,25795072,25,7,acquire,16.83549999142997,True,
forkyard,25795072,25,7,set_balance,1230.1766669843346,True,
forkyard,25795072,25,7,swap_eth_for_token,2304.1562080034055,True,
forkyard,25795072,25,7,fund_token,12.644542002817616,True,
forkyard,25795072,25,7,discard,161.64408301119693,True,
forkyard,25795072,25,7,acquire,277.87895800429396,True,
forkyard,25795072,25,7,set_balance,273.67762502399273,True,
forkyard,25795072,25,7,transfer,591.6221250081435,True,
forkyard,25795072,25,7,swap_eth_for_token,1156.9599999929778,True,
forkyard,25795072,25,7,discard,435.4505419905763,True,
forkyard,25795072,25,7,acquire,97.75208399514668,True,
forkyard,25795072,25,7,set_balance,288.80650000064634,True,
forkyard,25795072,25,7,get_balance,156.1376249883324,True,
forkyard,25795072,25,7,transfer,572.4154589988757,True,
forkyard,25795072,25,7,discard,136.85037498362362,True,
forkyard,25795072,25,7,acquire,191.1942090082448,True,
forkyard,25795072,25,7,set_balance,417.78445802628994,True,
forkyard,25795072,25,7,fund_token,134.80295799672604,True,
forkyard,25795072,25,7,get_balance,313.6352080036886,True,
forkyard,25795072,25,7,discard,288.866541988682,True,
forkyard,25795072,25,7,acquire,366.10983399441466,True,
forkyard,25795072,25,7,set_balance,693.0732920009177,True,
forkyard,25795072,25,7,fund_token,276.2637079868,True,
forkyard,25795072,25,7,approve,730.8499999926426,True,
forkyard,25795072,25,7,discard,538.5564170137513,True,
forkyard,25795072,25,7,acquire,610.7296669797506,True,
forkyard,25795072,25,7,set_balance,559.4813329807948,True,
forkyard,25795072,25,7,transfer,61711.35645901086,False,"Web3RPCError(""{'code': -32000, 'message': 'execution error: Transaction(NonceTooLow { tx: 0, state: 1 })'}"")"
forkyard,25795072,25,7,transfer,1025.0062080158386,True,
forkyard,25795072,25,7,discard,144.0829999919515,True,
forkyard,25795072,25,7,acquire,18.116584018571302,True,
forkyard,25795072,25,7,set_balance,300.033458013786,True,
forkyard,25795072,25,7,transfer,308.730042015668,True,
forkyard,25795072,25,7,swap_eth_for_token,437.30658397544175,True,
forkyard,25795072,25,7,discard,143.08704101131298,True,
forkyard,25795072,25,7,acquire,1.5398749965243042,True,
forkyard,25795072,25,7,set_balance,137.51333398977295,True,
forkyard,25795072,25,7,get_balance,10.379916988313198,True,
forkyard,25795072,25,7,swap_eth_for_token,163.55120899970643,True,
forkyard,25795072,25,7,discard,4.378457990242168,True,
forkyard,25795072,25,7,acquire,144.2806659906637,True,
forkyard,25795072,25,7,set_balance,149.93979199789464,True,
forkyard,25795072,25,7,transfer,302.7867079945281,True,
forkyard,25795072,25,7,swap_eth_for_token,451.4567909936886,True,
forkyard,25795072,25,7,discard,140.78658298240043,True,
forkyard,25795072,25,7,acquire,7.535665994510055,True,
forkyard,25795072,25,7,set_balance,148.62150000408292,True,
forkyard,25795072,25,7,transfer,161.92320798290893,True,
forkyard,25795072,25,7,get_balance,3.4464169875718653,True,
forkyard,25795072,25,7,discard,1.2087920040357858,True,
forkyard,25795072,25,8,acquire,16.71683299355209,True,
forkyard,25795072,25,8,set_balance,922.1779580111615,True,
forkyard,25795072,25,8,get_balance,29.147249995730817,True,
forkyard,25795072,25,8,fund_token,9.354125009849668,True,
forkyard,25795072,25,8,discard,6.345042027533054,True,
forkyard,25795072,25,8,acquire,9.866374981356785,True,
forkyard,25795072,25,8,set_balance,2401.251000002958,True,
forkyard,25795072,25,8,get_balance,175.34000001614913,True,
forkyard,25795072,25,8,transfer,601.7757919908036,True,
forkyard,25795072,25,8,discard,121.2918330274988,True,
forkyard,25795072,25,8,acquire,164.83454199624248,True,
forkyard,25795072,25,8,set_balance,297.70008398918435,True,
forkyard,25795072,25,8,get_balance,150.32041701488197,True,
forkyard,25795072,25,8,fund_token,140.90166700771078,True,
forkyard,25795072,25,8,discard,4.253124992828816,True,
forkyard,25795072,25,8,acquire,371.1781660094857,True,
forkyard,25795072,25,8,set_balance,416.60383401904255,True,
forkyard,25795072,25,8,fund_token,552.53154199454,True,
forkyard,25795072,25,8,fund_token,20.422292000148445,True,
forkyard,25795072,25,8,discard,149.46104100090452,True,
forkyard,25795072,25,8,acquire,207.45720900595188,True,
forkyard,25795072,25,8,set_balance,561.6819999995641,True,
forkyard,25795072,25,8,fund_token,134.72566599375568,True,
forkyard,25795072,25,8,fund_token,144.75975002278574,True,
forkyard,25795072,25,8,discard,26.627917017322034,True,
forkyard,25795072,25,8,acquire,281.1766670201905,True,
forkyard,25795072,25,8,set_balance,815.2444589941297,True,
forkyard,25795072,25,8,fund_token,136.53229200281203,True,
forkyard,25795072,25,8,transfer,716.7869160184637,True,
forkyard,25795072,25,8,discard,279.2299159918912,True,
forkyard,25795072,25,8,acquire,10.501207987545058,True,
forkyard,25795072,25,8,set_balance,291.530500020599,True,
forkyard,25795072,25,8,fund_token,2.541333989938721,True,
forkyard,25795072,25,8,fund_token,144.39837500685826,True,
forkyard,25795072,25,8,discard,5.396374996053055,True,
forkyard,25795072,25,8,acquire,58.61695800558664,True,
forkyard,25795072,25,8,set_balance,288.8128750200849,True,
forkyard,25795072,25,8,swap_eth_for_token,477.85587501130067,True,
forkyard,25795072,25,8,transfer,445.0100829999428,True,
forkyard,25795072,25,8,discard,18.3737920015119,True,
forkyard,25795072,25,8,acquire,14.503082988085225,True,
forkyard,25795072,25,8,set_balance,142.30312500149012,True,
forkyard,25795072,25,8,fund_token,3.1920830078888685,True,
forkyard,25795072,25,8,transfer,155.99179099081084,True,
forkyard,25795072,25,8,discard,1.5846659953240305,True,
forkyard,25795072,25,8,acquire,97.85837499657646,True,
forkyard,25795072,25,8,set_balance,153.53479099576361,True,
forkyard,25795072,25,8,get_balance,27.590000012423843,True,
forkyard,25795072,25,8,fund_token,280.7718330004718,True,
forkyard,25795072,25,8,discard,6.744500016793609,True,
forkyard,25795072,25,9,acquire,13.894541014451534,True,
forkyard,25795072,25,9,set_balance,872.6001670002006,True,
forkyard,25795072,25,9,fund_token,19.84062499832362,True,
forkyard,25795072,25,9,swap_eth_for_token,2776.868958986597,True,
forkyard,25795072,25,9,discard,433.49570798454806,True,
forkyard,25795072,25,9,acquire,156.9790829962585,True,
forkyard,25795072,25,9,set_balance,302.6830839808099,True,
forkyard,25795072,25,9,get_balance,418.5757089871913,True,
forkyard,25795072,25,9,swap_eth_for_token,725.1279589836486,True,
forkyard,25795072,25,9,discard,532.596500008367,True,
forkyard,25795072,25,9,acquire,224.45424998295493,True,
forkyard,25795072,25,9,set_balance,290.2911659912206,True,
forkyard,25795072,25,9,transfer,853.4042499959469,True,
forkyard,25795072,25,9,transfer,718.0902910185978,True,
forkyard,25795072,25,9,discard,415.58312499546446,True,
forkyard,25795072,25,9,acquire,24.85637500649318,True,
forkyard,25795072,25,9,set_balance,291.08262501540594,True,
forkyard,25795072,25,9,get_balance,304.14004198974,True,
forkyard,25795072,25,9,fund_token,135.36658298107795,True,
forkyard,25795072,25,9,discard,7.6185000070836395,True,
forkyard,25795072,25,9,acquire,340.57225001743063,True,
forkyard,25795072,25,9,set_balance,681.5174169896636,True,
forkyard,25795072,25,9,get_balance,416.1618750076741,True,
forkyard,25795072,25,9,transfer,1285.8806249860208,True,
forkyard,25795072,25,9,discard,277.4464169924613,True,
forkyard,25795072,25,9,acquire,286.7990000231657,True,
forkyard,25795072,25,9,set_balance,699.6605419844855,True,
forkyard,25795072,25,9,get_balance,419.94079199503176,True,
forkyard,25795072,25,9,fund_token,30006.211917003384,False,"ReadTimeout(ReadTimeoutError(""HTTPConnectionPool(host='127.0.0.1', port=18555): Read timed out. (read timeout=30.0)""))"
forkyard,25795072,25,9,discard,30005.41675000568,False,"ReadTimeout(ReadTimeoutError(""HTTPConnectionPool(host='127.0.0.1', port=18555): Read timed out. (read timeout=30.0)""))"
forkyard,25795072,25,9,acquire,455.37624999997206,True,
forkyard,25795072,25,9,set_balance,271.7310829902999,True,
forkyard,25795072,25,9,swap_eth_for_token,311.9452499959152,True,
forkyard,25795072,25,9,get_balance,289.1754170123022,True,
forkyard,25795072,25,9,discard,146.88954199664295,True,
forkyard,25795072,25,9,acquire,14.088042022194713,True,
forkyard,25795072,25,9,set_balance,438.63491699448787,True,
forkyard,25795072,25,9,transfer,449.4322079990525,True,
forkyard,25795072,25,9,get_balance,154.12841600482352,True,
forkyard,25795072,25,9,discard,14.855084009468555,True,
forkyard,25795072,25,9,acquire,3.1629999866709113,True,
forkyard,25795072,25,9,set_balance,290.53204198135063,True,
forkyard,25795072,25,9,swap_eth_for_token,190.48341599409468,True,
forkyard,25795072,25,9,transfer,295.78720798599534,True,
forkyard,25795072,25,9,discard,152.3838330176659,True,
forkyard,25795072,25,9,acquire,14.287333004176617,True,
forkyard,25795072,25,9,set_balance,279.91124999243766,True,
forkyard,25795072,25,9,transfer,307.97095800517127,True,
forkyard,25795072,25,9,transfer,465.91958301723935,True,
forkyard,25795072,25,9,discard,3.1599579961039126,True,
forkyard,25795072,25,10,acquire,12.149540998507291,True,
forkyard,25795072,25,10,set_balance,866.412749979645,True,
forkyard,25795072,25,10,transfer,2785.4480420064647,True,
forkyard,25795072,25,10,fund_token,432.2660420148168,True,
forkyard,25795072,25,10,discard,25.449916982324794,True,
forkyard,25795072,25,10,acquire,142.45604100869969,True,
forkyard,25795072,25,10,set_balance,435.6559999869205,True,
forkyard,25795072,25,10,get_balance,411.68983399984427,True,
forkyard,25795072,25,10,fund_token,293.2757909875363,True,
forkyard,25795072,25,10,discard,127.1874999802094,True,
forkyard,25795072,25,10,acquire,469.35179200954735,True,
forkyard,25795072,25,10,set_balance,586.7867080087308,True,
forkyard,25795072,25,10,get_balance,162.1749589976389,True,
forkyard,25795072,25,10,fund_token,552.491459005978,True,
forkyard,25795072,25,10,discard,144.84054199419916,True,
forkyard,25795072,25,10,acquire,152.6976249879226,True,
forkyard,25795072,25,10,set_balance,561.2349589937367,True,
forkyard,25795072,25,10,transfer,665.4863330186345,True,
forkyard,25795072,25,10,swap_eth_for_token,1000.9502919856459,True,
forkyard,25795072,25,10,discard,269.52654201886617,True,
forkyard,25795072,25,10,acquire,20.509042020421475,True,
forkyard,25795072,25,10,set_balance,148.18304200889543,True,
forkyard,25795072,25,10,fund_token,5.206124973483384,True,
forkyard,25795072,25,10,approve,301.18666600901634,True,
forkyard,25795072,25,10,discard,2.2287910105660558,True,
forkyard,25795072,25,10,acquire,349.09208299359307,True,
forkyard,25795072,25,10,set_balance,985.6663329992443,True,
forkyard,25795072,25,10,fund_token,278.6673749797046,True,
forkyard,25795072,25,10,swap_eth_for_token,912.7617499907501,True,
forkyard,25795072,25,10,discard,237.4219589983113,True,
forkyard,25795072,25,10,acquire,610.4783329938073,True,
forkyard,25795072,25,10,set_balance,30006.085250002798,False,"ReadTimeout(ReadTimeoutError(""HTTPConnectionPool(host='127.0.0.1', port=18555): Read timed out. (read timeout=30.0)""))"
forkyard,25795072,25,10,get_balance,30573.48470800207,True,
forkyard,25795072,25,10,swap_eth_for_token,1005.2980000036769,False,"Web3RPCError(""{'code': -32000, 'message': 'execution error: Transaction(LackOfFundForMaxFee { fee: 10430781633250000, balance: 0 })'}"")"
forkyard,25795072,25,10,discard,148.9429579814896,True,
forkyard,25795072,25,10,acquire,145.60941699892282,True,
forkyard,25795072,25,10,set_balance,431.24333399464376,True,
forkyard,25795072,25,10,fund_token,10.26450001518242,True,
forkyard,25795072,25,10,fund_token,7.317749987123534,True,
forkyard,25795072,25,10,discard,145.8578750025481,True,
forkyard,25795072,25,10,acquire,103.92358299577609,True,
forkyard,25795072,25,10,set_balance,288.68666698690504,True,
forkyard,25795072,25,10,transfer,755.6312910164706,True,
forkyard,25795072,25,10,get_balance,153.51662499597296,True,
forkyard,25795072,25,10,discard,146.97187498677522,True,
forkyard,25795072,25,10,acquire,83.36133399279788,True,
forkyard,25795072,25,10,set_balance,291.7250409955159,True,
forkyard,25795072,25,10,get_balance,15.182208007900044,True,
forkyard,25795072,25,10,swap_eth_for_token,320.6407920224592,True,
forkyard,25795072,25,10,discard,138.19370800047182,True,
forkyard,25795072,25,11,acquire,12.639166990993544,True,
forkyard,25795072,25,11,set_balance,874.0012499911245,True,
forkyard,25795072,25,11,fund_token,19.829291995847598,True,
forkyard,25795072,25,11,fund_token,23.187790997326374,True,
forkyard,25795072,25,11,discard,2032.7237079909537,True,
forkyard,25795072,25,11,acquire,703.004790993873,True,
forkyard,25795072,25,11,set_balance,443.30770801752806,True,
forkyard,25795072,25,11,get_balance,42.29054201277904,True,
forkyard,25795072,25,11,get_balance,437.98016701475717,True,
forkyard,25795072,25,11,discard,143.29425001051277,True,
forkyard,25795072,25,11,acquire,151.6690000134986,True,
forkyard,25795072,25,11,set_balance,271.0417089983821,True,
forkyard,25795072,25,11,fund_token,12.556000001495704,True,
forkyard,25795072,25,11,get_balance,283.30091599491425,True,
forkyard,25795072,25,11,discard,10.172790993237868,True,
forkyard,25795072,25,11,acquire,42.699833982624114,True,
forkyard,25795072,25,11,set_balance,298.8034169829916,True,
forkyard,25795072,25,11,transfer,606.9096250284929,True,
forkyard,25795072,25,11,fund_token,9.106874989811331,True,
forkyard,25795072,25,11,discard,2.573625009972602,True,
forkyard,25795072,25,11,acquire,138.9861670031678,True,
forkyard,25795072,25,11,set_balance,577.4595840193797,True,
forkyard,25795072,25,11,transfer,614.684166997904,True,
forkyard,25795072,25,11,transfer,1027.7017499902286,True,
forkyard,25795072,25,11,discard,154.2590840253979,True,
forkyard,25795072,25,11,acquire,161.3641669973731,True,
forkyard,25795072,25,11,set_balance,149.06083297682926,True,
forkyard,25795072,25,11,get_balance,16.06858300510794,True,
forkyard,25795072,25,11,transfer,293.82933300803415,True,
forkyard,25795072,25,11,discard,140.92325000092387,True,
forkyard,25795072,25,11,acquire,441.0675000108313,True,
forkyard,25795072,25,11,set_balance,549.9429999908898,True,
forkyard,25795072,25,11,swap_eth_for_token,1572.6472920214292,True,
forkyard,25795072,25,11,get_balance,561.3523330248427,True,
forkyard,25795072,25,11,discard,293.3060840005055,True,
forkyard,25795072,25,11,acquire,157.4772500025574,True,
forkyard,25795072,25,11,set_balance,710.1090840005782,True,
forkyard,25795072,25,11,swap_eth_for_token,61324.67745899339,True,
forkyard,25795072,25,11,transfer,1022.7073749992996,True,
forkyard,25795072,25,11,discard,274.9800420133397,True,
forkyard,25795072,25,11,acquire,205.17783300601877,True,
forkyard,25795072,25,11,set_balance,291.04058400844224,True,
forkyard,25795072,25,11,fund_token,6.787124992115423,True,
forkyard,25795072,25,11,fund_token,147.82595800352283,True,
forkyard,25795072,25,11,discard,7.382250012597069,True,
forkyard,25795072,25,11,acquire,20.993417012505233,True,
forkyard,25795072,25,11,set_balance,144.30366599117406,True,
forkyard,25795072,25,11,swap_eth_for_token,189.56204198184423,True,
forkyard,25795072,25,11,get_balance,140.35525001236238,True,
forkyard,25795072,25,11,discard,1.6659579996485263,True,
forkyard,25795072,25,12,acquire,11.356041999533772,True,
forkyard,25795072,25,12,set_balance,1248.4998750151135,True,
forkyard,25795072,25,12,fund_token,20.94412498991005,True,
forkyard,25795072,25,12,approve,2268.872083979659,True,
forkyard,25795072,25,12,discard,22.501125000417233,True,
forkyard,25795072,25,12,acquire,106.75695800455287,True,
forkyard,25795072,25,12,set_balance,443.0299579980783,True,
forkyard,25795072,25,12,fund_token,16.97800002875738,True,
forkyard,25795072,25,12,swap_eth_for_token,464.27174998098053,True,
forkyard,25795072,25,12,discard,282.0984169957228,True,
forkyard,25795072,25,12,acquire,122.97525000758469,True,
forkyard,25795072,25,12,set_balance,549.1090000141412,True,
forkyard,25795072,25,12,swap_eth_for_token,866.588499979116,True,
forkyard,25795072,25,12,get_balance,168.68929198244587,True,
forkyard,25795072,25,12,discard,279.0732500143349,True,
forkyard,25795072,25,12,acquire,465.6266250240151,True,
forkyard,25795072,25,12,set_balance,291.62241698941216,True,
forkyard,25795072,25,12,get_balance,19.88675000029616,True,
forkyard,25795072,25,12,swap_eth_for_token,1148.7976660137065,True,
forkyard,25795072,25,12,discard,94.13116599898785,True,
forkyard,25795072,25,12,acquire,145.0587080034893,True,
forkyard,25795072,25,12,set_balance,549.9972090183292,True,
forkyard,25795072,25,12,swap_eth_for_token,989.2501669819467,True,
forkyard,25795072,25,12,transfer,1401.6695829923265,True,
forkyard,25795072,25,12,discard,283.29362501972355,True,
forkyard,25795072,25,12,acquire,147.05175001290627,True,
forkyard,25795072,25,12,set_balance,715.6383749970701,True,
forkyard,25795072,25,12,transfer,832.378291990608,True,
forkyard,25795072,25,12,fund_token,30006.964999978663,False,"ReadTimeout(ReadTimeoutError(""HTTPConnectionPool(host='127.0.0.1', port=18555): Read timed out. (read timeout=30.0)""))"
forkyard,25795072,25,12,discard,30004.847999982303,False,"ReadTimeout(ReadTimeoutError(""HTTPConnectionPool(host='127.0.0.1', port=18555): Read timed out. (read timeout=30.0)""))"
forkyard,25795072,25,12,acquire,600.1240839832462,True,
forkyard,25795072,25,12,set_balance,729.9600000260398,True,
forkyard,25795072,25,12,transfer,1027.2875829832628,True,
forkyard,25795072,25,12,get_balance,284.50120901106857,True,
forkyard,25795072,25,12,discard,281.97358298348263,True,
forkyard,25795072,25,12,acquire,97.87329199025407,True,
forkyard,25795072,25,12,set_balance,290.0412089948077,True,
forkyard,25795072,25,12,fund_token,154.95200001168996,True,
forkyard,25795072,25,12,transfer,443.1459170009475,True,
forkyard,25795072,25,12,discard,3.1435000128112733,True,
forkyard,25795072,25,12,acquire,138.03733300301246,True,
forkyard,25795072,25,12,set_balance,150.80699999816716,True,
forkyard,25795072,25,12,get_balance,162.62633400037885,True,
forkyard,25795072,25,12,get_balance,162.5362079939805,True,
forkyard,25795072,25,12,discard,1.7125410086009651,True,
forkyard,25795072,25,12,acquire,139.07174998894334,True,
forkyard,25795072,25,12,set_balance,144.4505410036072,True,
forkyard,25795072,25,12,get_balance,5.2252080058678985,True,
forkyard,25795072,25,12,fund_token,1.6061250062193722,True,
forkyard,25795072,25,12,discard,1.6670830082148314,True,
forkyard,25795072,25,13,acquire,9.98841697582975,True,
forkyard,25795072,25,13,set_balance,864.611083001364,True,
forkyard,25795072,25,13,swap_eth_for_token,2688.1007499760017,True,
forkyard,25795072,25,13,get_balance,299.95779201271944,True,
forkyard,25795072,25,13,discard,278.9542499813251,True,
forkyard,25795072,25,13,acquire,24.966625001979992,True,
forkyard,25795072,25,13,set_balance,290.53079200093634,True,
forkyard,25795072,25,13,get_balance,304.07104099867865,True,
forkyard,25795072,25,13,get_balance,151.99566699448042,True,
forkyard,25795072,25,13,discard,139.81708302162588,True,
forkyard,25795072,25,13,acquire,2.7894590166397393,True,
forkyard,25795072,25,13,set_balance,283.77741601434536,True,
forkyard,25795072,25,13,transfer,180.49558298662305,True,
forkyard,25795072,25,13,swap_eth_for_token,909.4298749987502,True,
forkyard,25795072,25,13,discard,4.398999997647479,True,
forkyard,25795072,25,13,acquire,2.550792007241398,True,
forkyard,25795072,25,13,set_balance,145.50108299590647,True,
forkyard,25795072,25,13,fund_token,12.69912498537451,True,
forkyard,25795072,25,13,approve,436.4063339889981,True,
forkyard,25795072,25,13,discard,142.29970797896385,True,
forkyard,25795072,25,13,acquire,131.04641699464992,True,
forkyard,25795072,25,13,set_balance,446.37737498851493,True,
forkyard,25795072,25,13,get_balance,156.05962500558235,True,
forkyard,25795072,25,13,swap_eth_for_token,865.1937499816995,True,
forkyard,25795072,25,13,discard,22.862249985337257,True,
forkyard,25795072,25,13,acquire,17.037084006005898,True,
forkyard,25795072,25,13,set_balance,289.6485420060344,True,
forkyard,25795072,25,13,fund_token,11.96775000425987,True,
forkyard,25795072,25,13,swap_eth_for_token,163.41945898602717,True,
forkyard,25795072,25,13,discard,141.09070898848586,True,
forkyard,25795072,25,13,acquire,146.390749985585,True,
forkyard,25795072,25,13,set_balance,143.3036669914145,True,
forkyard,25795072,25,13,get_balance,150.42966598412022,True,
forkyard,25795072,25,13,fund_token,7.145499985199422,True,
forkyard,25795072,25,13,discard,5.8372909843456,True,
forkyard,25795072,25,13,acquire,200.78804201330058,True,
forkyard,25795072,25,13,set_balance,699.3126659945119,True,
forkyard,25795072,25,13,fund_token,133.17833302426152,True,
forkyard,25795072,25,13,transfer,979.2187499988358,True,
forkyard,25795072,25,13,discard,413.4995829954278,True,
forkyard,25795072,25,13,acquire,130.65725000342354,True,
forkyard,25795072,25,13,set_balance,839.5898330199998,True,
forkyard,25795072,25,13,swap_eth_for_token,61297.734666994074,False,"Web3RPCError(""{'code': -32000, 'message': 'execution error: Transaction(NonceTooLow { tx: 0, state: 1 })'}"")"
forkyard,25795072,25,13,get_balance,714.1086659976281,True,
forkyard,25795072,25,13,discard,286.1420839908533,True,
forkyard,25795072,25,13,acquire,310.84083300083876,True,
forkyard,25795072,25,13,set_balance,435.071916988818,True,
forkyard,25795072,25,13,fund_token,13.422832998912781,True,
forkyard,25795072,25,13,swap_eth_for_token,181.85975000960752,True,
forkyard,25795072,25,13,discard,281.2519170111045,True,
forkyard,25795072,25,14,acquire,9.426292002899572,True,
forkyard,25795072,25,14,set_balance,881.0304580256343,True,
forkyard,25795072,25,14,transfer,2786.1473340017255,True,
forkyard,25795072,25,14,swap_eth_for_token,917.7616250235587,True,
forkyard,25795072,25,14,discard,143.3023329882417,True,
forkyard,25795072,25,14,acquire,138.48816600511782,True,
forkyard,25795072,25,14,set_balance,303.22158298804425,True,
forkyard,25795072,25,14,swap_eth_for_token,864.1579579852987,True,
forkyard,25795072,25,14,fund_token,440.60845900094137,True,
forkyard,25795072,25,14,discard,134.0052919986192,True,
forkyard,25795072,25,14,acquire,151.60937499604188,True,
forkyard,25795072,25,14,set_balance,566.4537499833386,True,
forkyard,25795072,25,14,fund_token,136.3564170023892,True,
forkyard,25795072,25,14,fund_token,152.4744579801336,True,
forkyard,25795072,25,14,discard,14.041499991435558,True,
forkyard,25795072,25,14,acquire,118.51079200278036,True,
forkyard,25795072,25,14,set_balance,431.34729098528624,True,
forkyard,25795072,25,14,swap_eth_for_token,1325.3453340148553,True,
forkyard,25795072,25,14,swap_eth_for_token,1286.0729589883704,True,
forkyard,25795072,25,14,discard,256.8858750164509,True,
forkyard,25795072,25,14,acquire,421.2692910223268,True,
forkyard,25795072,25,14,set_balance,832.4825419986155,True,
forkyard,25795072,25,14,swap_eth_for_token,988.6425840086304,True,
forkyard,25795072,25,14,get_balance,725.075292022666,True,
forkyard,25795072,25,14,discard,30007.699957990553,False,"ReadTimeout(ReadTimeoutError(""HTTPConnectionPool(host='127.0.0.1', port=18555): Read timed out. (read timeout=30.0)""))"
forkyard,25795072,25,14,acquire,30007.081415998982,False,"ReadTimeout(ReadTimeoutError(""HTTPConnectionPool(host='127.0.0.1', port=18555): Read timed out. (read timeout=30.0)""))"
forkyard,25795072,25,14,acquire,528.7091249774676,True,
forkyard,25795072,25,14,set_balance,276.3615420262795,True,
forkyard,25795072,25,14,swap_eth_for_token,601.8922080111224,True,
forkyard,25795072,25,14,transfer,468.1194580043666,True,
forkyard,25795072,25,14,discard,285.5635000159964,True,
forkyard,25795072,25,14,acquire,408.70904197799973,True,
forkyard,25795072,25,14,set_balance,297.2271250037011,True,
forkyard,25795072,25,14,transfer,755.1366249972489,True,
forkyard,25795072,25,14,transfer,305.049707996659,True,
forkyard,25795072,25,14,discard,147.1740000124555,True,
forkyard,25795072,25,14,acquire,85.80425000400282,True,
forkyard,25795072,25,14,set_balance,304.776499979198,True,
forkyard,25795072,25,14,swap_eth_for_token,164.4752919964958,True,
forkyard,25795072,25,14,fund_token,2.8653749905060977,True,
forkyard,25795072,25,14,discard,7.947417005198076,True,
forkyard,25795072,25,14,acquire,5.803416017442942,True,
forkyard,25795072,25,14,set_balance,138.56233400292695,True,
forkyard,25795072,25,14,fund_token,3.2427080150227994,True,
forkyard,25795072,25,14,transfer,152.1888750139624,True,
forkyard,25795072,25,14,discard,0.7912500004749745,True,
forkyard,25795072,25,15,acquire,18.692250014282763,True,
forkyard,25795072,25,15,set_balance,876.9362499879207,True,
forkyard,25795072,25,15,get_balance,40.23250000318512,True,
forkyard,25795072,25,15,transfer,2742.972665990237,True,
forkyard,25795072,25,15,discard,435.51804099115543,True,
forkyard,25795072,25,15,acquire,26.720833004219458,True,
forkyard,25795072,25,15,set_balance,427.701500011608,True,
forkyard,25795072,25,15,get_balance,308.9436660229694,True,
forkyard,25795072,25,15,transfer,585.1981669839006,True,
forkyard,25795072,25,15,discard,143.77483300631866,True,
forkyard,25795072,25,15,acquire,148.3701670076698,True,
forkyard,25795072,25,15,set_balance,274.8767499870155,True,
forkyard,25795072,25,15,swap_eth_for_token,449.61841599433683,True,
forkyard,25795072,25,15,transfer,988.1890839897096,True,
forkyard,25795072,25,15,discard,147.2582500136923,True,
forkyard,25795072,25,15,acquire,116.19866697583348,True,
forkyard,25795072,25,15,set_balance,148.44795898534358,True,
forkyard,25795072,25,15,fund_token,2.371791022596881,True,
forkyard,25795072,25,15,swap_eth_for_token,340.99754100316204,True,
forkyard,25795072,25,15,discard,10.363583016442135,True,
forkyard,25795072,25,15,acquire,507.83358298940584,True,
forkyard,25795072,25,15,set_balance,736.0559579974506,True,
forkyard,25795072,25,15,swap_eth_for_token,862.0513339992613,True,
forkyard,25795072,25,15,get_balance,554.5370409963652,True,
forkyard,25795072,25,15,discard,139.03504199697636,True,
forkyard,25795072,25,15,acquire,122.49579199124128,True,
forkyard,25795072,25,15,set_balance,283.8116250059102,True,
forkyard,25795072,25,15,swap_eth_for_token,187.26637499639764,True,
forkyard,25795072,25,15,get_balance,144.78599998983555,True,
forkyard,25795072,25,15,discard,2.544832997955382,True,
forkyard,25795072,25,15,acquire,467.6046669774223,True,
forkyard,25795072,25,15,set_balance,290.80479202093557,True,
forkyard,25795072,25,15,fund_token,287.03512498759665,True,
forkyard,25795072,25,15,approve,1003.9207499939948,True,
forkyard,25795072,25,15,discard,30003.474166995147,False,"ReadTimeout(ReadTimeoutError(""HTTPConnectionPool(host='127.0.0.1', port=18555): Read timed out. (read timeout=30.0)""))"
forkyard,25795072,25,15,acquire,30010.653332981747,False,"ReadTimeout(ReadTimeoutError(""HTTPConnectionPool(host='127.0.0.1', port=18555): Read timed out. (read timeout=30.0)""))"
forkyard,25795072,25,15,acquire,732.7159159758594,True,
forkyard,25795072,25,15,set_balance,604.9422500072978,True,
forkyard,25795072,25,15,fund_token,127.19679201836698,True,
forkyard,25795072,25,15,fund_token,286.39537500566803,True,
forkyard,25795072,25,15,discard,24.602124991361052,True,
forkyard,25795072,25,15,acquire,158.76550000393763,True,
forkyard,25795072,25,15,set_balance,296.9485840003472,True,
forkyard,25795072,25,15,fund_token,17.22470801905729,True,
forkyard,25795072,25,15,fund_token,8.201499993447214,True,
forkyard,25795072,25,15,discard,143.00370900309645,True,
forkyard,25795072,25,16,acquire,228.55529200751334,True,
forkyard,25795072,25,16,set_balance,697.6472090173047,True,
forkyard,25795072,25,16,swap_eth_for_token,2495.4493749828544,True,
forkyard,25795072,25,16,fund_token,152.845000004163,True,
forkyard,25795072,25,16,discard,25.118417019257322,True,
forkyard,25795072,25,16,acquire,80.13058401411399,True,
forkyard,25795072,25,16,set_balance,445.3979159879964,True,
forkyard,25795072,25,16,fund_token,19.32620900333859,True,
forkyard,25795072,25,16,fund_token,163.92004198860377,True,
forkyard,25795072,25,16,discard,274.0679580019787,True,
forkyard,25795072,25,16,acquire,18.598916998598725,True,
forkyard,25795072,25,16,set_balance,426.6389580152463,True,
forkyard,25795072,25,16,fund_token,140.4569169972092,True,
forkyard,25795072,25,16,get_balance,153.0727079953067,True,
forkyard,25795072,25,16,discard,143.72666698182002,True,
forkyard,25795072,25,16,acquire,561.0189579892904,True,
forkyard,25795072,25,16,set_balance,596.589041990228,True,
forkyard,25795072,25,16,transfer,854.8050410172436,True,
forkyard,25795072,25,16,swap_eth_for_token,759.7044590220321,True,
forkyard,25795072,25,16,discard,509.98291600262746,True,
forkyard,25795072,25,16,acquire,68.54249999742024,True,
forkyard,25795072,25,16,set_balance,287.9591250093654,True,
forkyard,25795072,25,16,get_balance,155.14012501807883,True,
forkyard,25795072,25,16,transfer,309.6366250247229,True,
forkyard,25795072,25,16,discard,140.31354198232293,True,
forkyard,25795072,25,16,acquire,259.6829170070123,True,
forkyard,25795072,25,16,set_balance,281.7658340209164,True,
forkyard,25795072,25,16,swap_eth_for_token,455.7844999944791,True,
forkyard,25795072,25,16,get_balance,147.0721660007257,True,
forkyard,25795072,25,16,discard,8.691625000210479,True,
forkyard,25795072,25,16,acquire,147.81595900421962,True,
forkyard,25795072,25,16,set_balance,280.235874990467,True,
forkyard,25795072,25,16,fund_token,16.953624988673255,True,
forkyard,25795072,25,16,approve,598.6680829955731,True,
forkyard,25795072,25,16,discard,139.52404199517332,True,
forkyard,25795072,25,16,acquire,12.382790999254212,True,
forkyard,25795072,25,16,set_balance,145.66141701652668,True,
forkyard,25795072,25,16,swap_eth_for_token,180.36250001750886,True,
forkyard,25795072,25,16,swap_eth_for_token,154.46529199834913,True,
forkyard,25795072,25,16,discard,133.45366701832972,True,
forkyard,25795072,25,16,acquire,603.5561250173487,True,
forkyard,25795072,25,16,set_balance,723.7888749805279,True,
forkyard,25795072,25,16,transfer,61188.222249998944,True,
forkyard,25795072,25,16,fund_token,397.16583301196806,True,
forkyard,25795072,25,16,discard,168.5037499992177,True,
forkyard,25795072,25,16,acquire,434.59595800959505,True,
forkyard,25795072,25,16,set_balance,415.530750004109,True,
forkyard,25795072,25,16,get_balance,292.7119590167422,True,
forkyard,25795072,25,16,transfer,760.5257079994772,True,
forkyard,25795072,25,16,discard,141.4222909952514,True,
forkyard,25795072,25,17,acquire,180.15604201355018,True,
forkyard,25795072,25,17,set_balance,692.4909579975065,True,
forkyard,25795072,25,17,fund_token,34.92758300853893,True,
forkyard,25795072,25,17,swap_eth_for_token,2660.3568329883274,True,
forkyard,25795072,25,17,discard,146.68758399784565,True,
forkyard,25795072,25,17,acquire,148.04537501186132,True,
forkyard,25795072,25,17,set_balance,413.51333298371173,True,
forkyard,25795072,25,17,get_balance,312.4321660143323,True,
forkyard,25795072,25,17,transfer,843.3727920055389,True,
forkyard,25795072,25,17,discard,262.4379580083769,True,
forkyard,25795072,25,17,acquire,110.40212499210611,True,
forkyard,25795072,25,17,set_balance,435.574083996471,True,
forkyard,25795072,25,17,get_balance,172.82833298668265,True,
forkyard,25795072,25,17,fund_token,9.233250020770356,True,
forkyard,25795072,25,17,discard,4.917749989544973,True,
forkyard,25795072,25,17,acquire,187.6189169997815,True,
forkyard,25795072,25,17,set_balance,840.5292079842184,True,
forkyard,25795072,25,17,swap_eth_for_token,855.888291989686,True,
forkyard,25795072,25,17,get_balance,555.4546670173295,True,
forkyard,25795072,25,17,discard,10.812708002049476,True,
forkyard,25795072,25,17,acquire,200.42954199016094,True,
forkyard,25795072,25,17,set_balance,298.21854099282064,True,
forkyard,25795072,25,17,get_balance,143.94970799912699,True,
forkyard,25795072,25,17,get_balance,146.62158300052397,True,
forkyard,25795072,25,17,discard,10.251958010485396,True,
forkyard,25795072,25,17,acquire,248.7783329852391,True,
forkyard,25795072,25,17,set_balance,820.3029579890426,True,
forkyard,25795072,25,17,swap_eth_for_token,855.7464170153253,True,
forkyard,25795072,25,17,transfer,952.6839999889489,True,
forkyard,25795072,25,17,discard,284.48837497853674,True,
forkyard,25795072,25,17,acquire,97.36691697617061,True,
forkyard,25795072,25,17,set_balance,162.3311669973191,True,
forkyard,25795072,25,17,fund_token,25.66620899597183,True,
forkyard,25795072,25,17,approve,453.02225000341423,True,
forkyard,25795072,25,17,discard,280.13520801323466,True,
forkyard,25795072,25,17,acquire,41.798291000304744,True,
forkyard,25795072,25,17,set_balance,30004.84670800506,False,"ReadTimeout(ReadTimeoutError(""HTTPConnectionPool(host='127.0.0.1', port=18555): Read timed out. (read timeout=30.0)""))"
forkyard,25795072,25,17,fund_token,30006.16325001465,False,"ReadTimeout(ReadTimeoutError(""HTTPConnectionPool(host='127.0.0.1', port=18555): Read timed out. (read timeout=30.0)""))"
forkyard,25795072,25,17,transfer,487.12320800404996,False,"Web3RPCError(""{'code': -32000, 'message': 'execution error: Transaction(LackOfFundForMaxFee { fee: 10036185657193000, balance: 0 })'}"")"
forkyard,25795072,25,17,discard,133.77245800802484,True,
forkyard,25795072,25,17,acquire,481.80449998471886,True,
forkyard,25795072,25,17,set_balance,419.5536669867579,True,
forkyard,25795072,25,17,swap_eth_for_token,1030.4890830011573,True,
forkyard,25795072,25,17,swap_eth_for_token,477.98983298707753,True,
forkyard,25795072,25,17,discard,563.7940840097144,True,
forkyard,25795072,25,17,acquire,233.94004101282917,True,
forkyard,25795072,25,17,set_balance,161.06008301721886,True,
forkyard,25795072,25,17,fund_token,12.417125020874664,True,
forkyard,25795072,25,17,approve,437.9667080065701,True,
forkyard,25795072,25,17,discard,17.289792012888938,True,
forkyard,25795072,25,18,acquire,184.45091700414196,True,
forkyard,25795072,25,18,set_balance,1073.7238749861717,True,
forkyard,25795072,25,18,get_balance,39.00995900039561,True,
forkyard,25795072,25,18,fund_token,1665.3080839896575,True,
forkyard,25795072,25,18,discard,561.0008749936242,True,
forkyard,25795072,25,18,acquire,27.64120901701972,True,
forkyard,25795072,25,18,set_balance,311.6900419990998,True,
forkyard,25795072,25,18,get_balance,303.4905410022475,True,
forkyard,25795072,25,18,fund_token,289.0013750002254,True,
forkyard,25795072,25,18,discard,17.515249986900017,True,
forkyard,25795072,25,18,acquire,403.5898330039345,True,
forkyard,25795072,25,18,set_balance,293.22091600624844,True,
forkyard,25795072,25,18,get_balance,159.7044999944046,True,
forkyard,25795072,25,18,swap_eth_for_token,1290.1217920007184,True,
forkyard,25795072,25,18,discard,153.73329099384136,True,
forkyard,25795072,25,18,acquire,233.426499995403,True,
forkyard,25795072,25,18,set_balance,291.2097079970408,True,
forkyard,25795072,25,18,swap_eth_for_token,437.71495900000446,True,
forkyard,25795072,25,18,swap_eth_for_token,304.4481669785455,True,
forkyard,25795072,25,18,discard,146.02441599708982,True,
forkyard,25795072,25,18,acquire,36.640207981690764,True,
forkyard,25795072,25,18,set_balance,283.21275001508184,True,
forkyard,25795072,25,18,swap_eth_for_token,303.1130830058828,True,
forkyard,25795072,25,18,get_balance,295.6267499830574,True,
forkyard,25795072,25,18,discard,143.79716600524262,True,
forkyard,25795072,25,18,acquire,270.3600410022773,True,
forkyard,25795072,25,18,set_balance,146.12725001643412,True,
forkyard,25795072,25,18,get_balance,11.041624995414168,True,
forkyard,25795072,25,18,swap_eth_for_token,287.7730000182055,True,
forkyard,25795072,25,18,discard,0.810416997410357,True,
forkyard,25795072,25,18,acquire,142.182125011459,True,
forkyard,25795072,25,18,set_balance,268.71370800654404,True,
forkyard,25795072,25,18,fund_token,7.447207986842841,True,
forkyard,25795072,25,18,swap_eth_for_token,311.61324999993667,True,
forkyard,25795072,25,18,discard,139.44658401305787,True,
forkyard,25795072,25,18,acquire,279.37766700051725,True,
forkyard,25795072,25,18,set_balance,1112.9565830051433,True,
forkyard,25795072,25,18,transfer,895.1752499851864,True,
forkyard,25795072,25,18,fund_token,121.0713750042487,True,
forkyard,25795072,25,18,discard,281.92366601433605,True,
forkyard,25795072,25,18,acquire,278.84379200986587,True,
forkyard,25795072,25,18,set_balance,30009.55962500302,False,"ReadTimeout(ReadTimeoutError(""HTTPConnectionPool(host='127.0.0.1', port=18555): Read timed out. (read timeout=30.0)""))"
forkyard,25795072,25,18,fund_token,30006.881999986945,False,"ReadTimeout(ReadTimeoutError(""HTTPConnectionPool(host='127.0.0.1', port=18555): Read timed out. (read timeout=30.0)""))"
forkyard,25795072,25,18,approve,382.2332499839831,False,"Web3RPCError(""{'code': -32000, 'message': 'execution error: Transaction(LackOfFundForMaxFee { fee: 103387591980000, balance: 0 })'}"")"
forkyard,25795072,25,18,discard,137.1941250108648,True,
forkyard,25795072,25,18,acquire,6.314750004094094,True,
forkyard,25795072,25,18,set_balance,282.49845799291506,True,
forkyard,25795072,25,18,swap_eth_for_token,478.09787502046674,True,
forkyard,25795072,25,18,swap_eth_for_token,341.29433301859535,True,
forkyard,25795072,25,18,discard,141.62683300673962,True,
forkyard,25795072,25,19,acquire,178.97383301169612,True,
forkyard,25795072,25,19,set_balance,704.1705840092618,True,
forkyard,25795072,25,19,transfer,2651.3853340002242,True,
forkyard,25795072,25,19,get_balance,160.3263749857433,True,
forkyard,25795072,25,19,discard,146.7735840124078,True,
forkyard,25795072,25,19,acquire,263.21445798384957,True,
forkyard,25795072,25,19,set_balance,444.0789170039352,True,
forkyard,25795072,25,19,swap_eth_for_token,606.176166998921,True,
forkyard,25795072,25,19,get_balance,298.2395830040332,True,
forkyard,25795072,25,19,discard,294.26733299624175,True,
forkyard,25795072,25,19,acquire,639.5353340194561,True,
forkyard,25795072,25,19,set_balance,152.21954198204912,True,
forkyard,25795072,25,19,transfer,746.0233330202755,True,
forkyard,25795072,25,19,fund_token,292.7311249950435,True,
forkyard,25795072,25,19,discard,145.10637501371093,True,
forkyard,25795072,25,19,acquire,8.059499989030883,True,
forkyard,25795072,25,19,set_balance,706.7837080103345,True,
forkyard,25795072,25,19,swap_eth_for_token,1320.1162090117577,True,
forkyard,25795072,25,19,swap_eth_for_token,1009.8934169800486,True,
forkyard,25795072,25,19,discard,256.51145898154937,True,
forkyard,25795072,25,19,acquire,247.92200000956655,True,
forkyard,25795072,25,19,set_balance,295.13958300231025,True,
forkyard,25795072,25,19,transfer,455.528292019153,True,
forkyard,25795072,25,19,transfer,463.0700830020942,True,
forkyard,25795072,25,19,discard,143.18499999353662,True,
forkyard,25795072,25,19,acquire,15.325666987337172,True,
forkyard,25795072,25,19,set_balance,143.61420800560154,True,
forkyard,25795072,25,19,transfer,165.43408398865722,True,
forkyard,25795072,25,19,fund_token,1.416415994754061,True,
forkyard,25795072,25,19,discard,1.3902499922551215,True,
forkyard,25795072,25,19,acquire,2.1202499920036644,True,
forkyard,25795072,25,19,set_balance,157.59225000510924,True,
forkyard,25795072,25,19,transfer,165.09154200321063,True,
forkyard,25795072,25,19,transfer,304.48349998914637,True,
forkyard,25795072,25,19,discard,143.22216701111756,True,
forkyard,25795072,25,19,acquire,226.7429159837775,True,
forkyard,25795072,25,19,set_balance,30010.333208017983,False,"ReadTimeout(ReadTimeoutError(""HTTPConnectionPool(host='127.0.0.1', port=18555): Read timed out. (read timeout=30.0)""))"
forkyard,25795072,25,19,fund_token,30005.003707978176,False,"ReadTimeout(ReadTimeoutError(""HTTPConnectionPool(host='127.0.0.1', port=18555): Read timed out. (read timeout=30.0)""))"
forkyard,25795072,25,19,fund_token,547.1757499908563,True,
forkyard,25795072,25,19,discard,25.17079099197872,True,
forkyard,25795072,25,19,acquire,142.02912501059473,True,
forkyard,25795072,25,19,set_balance,291.9785830017645,True,
forkyard,25795072,25,19,get_balance,286.00925000500865,True,
forkyard,25795072,25,19,get_balance,164.62741699069738,True,
forkyard,25795072,25,19,discard,12.15037502697669,True,
forkyard,25795072,25,19,acquire,101.98904102435336,True,
forkyard,25795072,25,19,set_balance,594.8344579956029,True,
forkyard,25795072,25,19,get_balance,426.2014999985695,True,
forkyard,25795072,25,19,get_balance,458.7057500029914,True,
forkyard,25795072,25,19,discard,13.778708002064377,True,
forkyard,25795072,25,20,acquire,218.2635419885628,True,
forkyard,25795072,25,20,set_balance,699.9574170040432,True,
forkyard,25795072,25,20,get_balance,31.589915975928307,True,
forkyard,25795072,25,20,transfer,2449.130541004706,True,
forkyard,25795072,25,20,discard,154.75200000219047,True,
forkyard,25795072,25,20,acquire,31.77979201427661,True,
forkyard,25795072,25,20,set_balance,407.840917003341,True,
forkyard,25795072,25,20,get_balance,278.72462500818074,True,
forkyard,25795072,25,20,fund_token,21.98104199487716,True,
forkyard,25795072,25,20,discard,300.5450420023408,True,
forkyard,25795072,25,20,acquire,396.835874998942,True,
forkyard,25795072,25,20,set_balance,553.496583015658,True,
forkyard,25795072,25,20,transfer,867.6222499925643,True,
forkyard,25795072,25,20,get_balance,302.9284999938682,True,
forkyard,25795072,25,20,discard,424.0840830025263,True,
forkyard,25795072,25,20,acquire,165.02650000620633,True,
forkyard,25795072,25,20,set_balance,276.3555830169935,True,
forkyard,25795072,25,20,fund_token,7.104249991243705,True,
forkyard,25795072,25,20,fund_token,140.15483402181417,True,
forkyard,25795072,25,20,discard,5.674125015502796,True,
forkyard,25795072,25,20,acquire,141.9491250126157,True,
forkyard,25795072,25,20,set_balance,143.60004098853096,True,
forkyard,25795072,25,20,get_balance,161.07037500478327,True,
forkyard,25795072,25,20,swap_eth_for_token,473.851459013531,True,
forkyard,25795072,25,20,discard,11.711583007127047,True,
forkyard,25795072,25,20,acquire,202.880291006295,True,
forkyard,25795072,25,20,set_balance,284.47062498889863,True,
forkyard,25795072,25,20,fund_token,290.0513329950627,True,
forkyard,25795072,25,20,approve,981.9498749857303,True,
forkyard,25795072,25,20,discard,275.1552500121761,True,
forkyard,25795072,25,20,acquire,204.83454200439155,True,
forkyard,25795072,25,20,set_balance,551.8695419887081,True,
forkyard,25795072,25,20,transfer,975.09395799716,True,
forkyard,25795072,25,20,get_balance,836.4179159980267,True,
forkyard,25795072,25,20,discard,13.823209010297433,True,
forkyard,25795072,25,20,acquire,36.15749999880791,True,
forkyard,25795072,25,20,set_balance,142.97762501519173,True,
forkyard,25795072,25,20,get_balance,155.1595840137452,True,
forkyard,25795072,25,20,transfer,294.9736670125276,True,
forkyard,25795072,25,20,discard,1.6042909992393106,True,
forkyard,25795072,25,20,acquire,30001.99849999626,False,"ReadTimeout(ReadTimeoutError(""HTTPConnectionPool(host='127.0.0.1', port=18555): Read timed out. (read timeout=30.0)""))"
forkyard,25795072,25,20,acquire,30006.243833020562,False,"ReadTimeout(ReadTimeoutError(""HTTPConnectionPool(host='127.0.0.1', port=18555): Read timed out. (read timeout=30.0)""))"
forkyard,25795072,25,21,acquire,217.07204202539288,True,
forkyard,25795072,25,21,set_balance,702.5356249941979,True,
forkyard,25795072,25,21,get_balance,25.078707985812798,True,
forkyard,25795072,25,21,fund_token,7.257124991156161,True,
forkyard,25795072,25,21,discard,9.551750001264736,True,
forkyard,25795072,25,21,acquire,2006.7346249998081,True,
forkyard,25795072,25,21,set_balance,559.4202079810202,True,
forkyard,25795072,25,21,fund_token,22.40829201764427,True,
forkyard,25795072,25,21,fund_token,16.619500005617738,True,
forkyard,25795072,25,21,discard,142.00712501769885,True,
forkyard,25795072,25,21,acquire,158.16587500739843,True,
forkyard,25795072,25,21,set_balance,275.61966600478627,True,
forkyard,25795072,25,21,get_balance,167.475291993469,True,
forkyard,25795072,25,21,transfer,450.5089999875054,True,
forkyard,25795072,25,21,discard,141.41941699199378,True,
forkyard,25795072,25,21,acquire,275.6432500027586,True,
forkyard,25795072,25,21,set_balance,562.3969159787521,True,
forkyard,25795072,25,21,fund_token,278.83245900738984,True,
forkyard,25795072,25,21,get_balance,169.8212499904912,True,
forkyard,25795072,25,21,discard,426.7454579821788,True,
forkyard,25795072,25,21,acquire,13.291417009895667,True,
forkyard,25795072,25,21,set_balance,699.1556250141002,True,
forkyard,25795072,25,21,get_balance,288.41816599015146,True,
forkyard,25795072,25,21,fund_token,23.381875013001263,True,
forkyard,25795072,25,21,discard,283.137667021947,True,
forkyard,25795072,25,21,acquire,271.0820830252487,True,
forkyard,25795072,25,21,set_balance,653.2432910171337,True,
forkyard,25795072,25,21,fund_token,149.22420898801647,True,
forkyard,25795072,25,21,swap_eth_for_token,869.1085420141462,True,
forkyard,25795072,25,21,discard,398.077916004695,True,
forkyard,25795072,25,21,acquire,271.7040419811383,True,
forkyard,25795072,25,21,set_balance,560.3384579881094,True,
forkyard,25795072,25,21,transfer,1136.4914170117117,True,
forkyard,25795072,25,21,transfer,1005.9853339917026,True,
forkyard,25795072,25,21,discard,272.1813749813009,True,
forkyard,25795072,25,21,acquire,45.694791013374925,True,
forkyard,25795072,25,21,set_balance,284.3936250137631,True,
forkyard,25795072,25,21,transfer,60566.38858298538,False,"Web3RPCError(""{'code': -32000, 'message': 'execution error: Transaction(NonceTooLow { tx: 0, state: 1 })'}"")"
forkyard,25795072,25,21,transfer,585.3770840039942,True,
forkyard,25795072,25,21,discard,129.63275000220165,True,
forkyard,25795072,25,21,acquire,278.77254199120216,True,
forkyard,25795072,25,21,set_balance,851.9979999982752,True,
forkyard,25795072,25,21,get_balance,434.8831670067739,True,
forkyard,25795072,25,21,fund_token,14.331041980767623,True,
forkyard,25795072,25,21,discard,159.67525000451133,True,
forkyard,25795072,25,21,acquire,216.33420800208114,True,
forkyard,25795072,25,21,set_balance,152.39058298175223,True,
forkyard,25795072,25,21,get_balance,28.993292013183236,True,
forkyard,25795072,25,21,transfer,428.5171669907868,True,
forkyard,25795072,25,21,discard,139.78929200675339,True,
forkyard,25795072,25,22,acquire,191.292416973738,True,
forkyard,25795072,25,22,set_balance,695.9291660168674,True,
forkyard,25795072,25,22,get_balance,36.23687499202788,True,
forkyard,25795072,25,22,transfer,2753.769332979573,True,
forkyard,25795072,25,22,discard,436.85920801362954,True,
forkyard,25795072,25,22,acquire,164.74229202140123,True,
forkyard,25795072,25,22,set_balance,436.55170800047927,True,
forkyard,25795072,25,22,get_balance,163.17916600382887,True,
forkyard,25795072,25,22,swap_eth_for_token,1155.222583009163,True,
forkyard,25795072,25,22,discard,429.2386250162963,True,
forkyard,25795072,25,22,acquire,139.80079101747833,True,
forkyard,25795072,25,22,set_balance,706.9637500098906,True,
forkyard,25795072,25,22,get_balance,288.8213749974966,True,
forkyard,25795072,25,22,transfer,841.3628339767456,True,
forkyard,25795072,25,22,discard,284.1142500110436,True,
forkyard,25795072,25,22,acquire,36.948958004359156,True,
forkyard,25795072,25,22,set_balance,714.8730420158245,True,
forkyard,25795072,25,22,get_balance,447.0410420035478,True,
forkyard,25795072,25,22,transfer,983.9552500052378,True,
forkyard,25795072,25,22,discard,534.188958001323,True,
forkyard,25795072,25,22,acquire,145.38508301484399,True,
forkyard,25795072,25,22,set_balance,695.7219159812666,True,
forkyard,25795072,25,22,swap_eth_for_token,989.8111670045182,True,
forkyard,25795072,25,22,fund_token,427.17316598282196,True,
forkyard,25795072,25,22,discard,285.8932920207735,True,
forkyard,25795072,25,22,acquire,30020.378124987474,False,"ReadTimeout(ReadTimeoutError(""HTTPConnectionPool(host='127.0.0.1', port=18555): Read timed out. (read timeout=30.0)""))"
forkyard,25795072,25,22,acquire,29925.654916994972,True,
forkyard,25795072,25,22,set_balance,52.6952079962939,False,"Web3RPCError(""{'code': -32000, 'message': 'execution error: fallback lookup failed: failed to get account for 0x62bc021Bf6A21676542fE5277fB6729eB6E6Af6D: error sending request for url (https://mainnet"
forkyard,25795072,25,22,get_balance,696.3917909888551,True,
forkyard,25795072,25,22,transfer,287.7089999965392,False,"Web3RPCError(""{'code': -32000, 'message': 'execution error: Transaction(LackOfFundForMaxFee { fee: 10036185657193000, balance: 0 })'}"")"
forkyard,25795072,25,22,discard,10.62579100835137,True,
forkyard,25795072,25,22,acquire,145.02029100549407,True,
forkyard,25795072,25,22,set_balance,272.16049999697134,True,
forkyard,25795072,25,22,swap_eth_for_token,353.27541700098664,True,
forkyard,25795072,25,22,get_balance,294.24824999296106,True,
forkyard,25795072,25,22,discard,19.28658300312236,True,
forkyard,25795072,25,22,acquire,8.618541993200779,True,
forkyard,25795072,25,22,set_balance,274.2343330173753,True,
forkyard,25795072,25,22,swap_eth_for_token,453.6244579940103,True,
forkyard,25795072,25,22,swap_eth_for_token,451.9082919869106,True,
forkyard,25795072,25,22,discard,146.8607080169022,True,
forkyard,25795072,25,22,acquire,223.01637500640936,True,
forkyard,25795072,25,22,set_balance,148.98387499852106,True,
forkyard,25795072,25,22,get_balance,13.83241600706242,True,
forkyard,25795072,25,22,transfer,442.50508400727995,True,
forkyard,25795072,25,22,discard,138.06087500415742,True,
forkyard,25795072,25,23,acquire,179.28591699455865,True,
forkyard,25795072,25,23,set_balance,1081.4051670022309,True,
forkyard,25795072,25,23,swap_eth_for_token,2275.9029580047354,True,
forkyard,25795072,25,23,transfer,479.5275409996975,True,
forkyard,25795072,25,23,discard,132.74483298300765,True,
forkyard,25795072,25,23,acquire,134.81958300690167,True,
forkyard,25795072,25,23,set_balance,572.1178749809042,True,
forkyard,25795072,25,23,fund_token,27.62675000121817,True,
forkyard,25795072,25,23,approve,1142.3207909974735,True,
forkyard,25795072,25,23,discard,151.7031250114087,True,
forkyard,25795072,25,23,acquire,427.6005419960711,True,
forkyard,25795072,25,23,set_balance,709.1061250248458,True,
forkyard,25795072,25,23,get_balance,314.26962499972433,True,
forkyard,25795072,25,23,fund_token,278.701083996566,True,
forkyard,25795072,25,23,discard,272.46691699838266,True,
forkyard,25795072,25,23,acquire,158.0867079901509,True,
forkyard,25795072,25,23,set_balance,421.84620900661685,True,
forkyard,25795072,25,23,get_balance,30.072333000134677,True,
forkyard,25795072,25,23,transfer,731.701166019775,True,
forkyard,25795072,25,23,discard,143.0228750105016,True,
forkyard,25795072,25,23,acquire,5.901208001887426,True,
forkyard,25795072,25,23,set_balance,283.4818749979604,True,
forkyard,25795072,25,23,transfer,427.1149999985937,True,
forkyard,25795072,25,23,fund_token,149.38666700618342,True,
forkyard,25795072,25,23,discard,134.63637500535697,True,
forkyard,25795072,25,23,acquire,15.245707996655256,True,
forkyard,25795072,25,23,set_balance,155.58225000859238,True,
forkyard,25795072,25,23,fund_token,1.7568340117577463,True,
forkyard,25795072,25,23,transfer,154.8119590152055,True,
forkyard,25795072,25,23,discard,0.7732920057605952,True,
forkyard,25795072,25,23,acquire,1.1631250090431422,True,
forkyard,25795072,25,23,set_balance,144.24004100146703,True,
forkyard,25795072,25,23,transfer,287.66408300725743,True,
forkyard,25795072,25,23,get_balance,24.50850000604987,True,
forkyard,25795072,25,23,discard,1.533708011265844,True,
forkyard,25795072,25,23,acquire,773.518875008449,True,
forkyard,25795072,25,23,set_balance,568.8490830070805,True,
forkyard,25795072,25,23,swap_eth_for_token,1137.6266659935936,True,
forkyard,25795072,25,23,swap_eth_for_token,60603.95512499963,True,
forkyard,25795072,25,23,discard,270.2303749974817,True,
forkyard,25795072,25,23,acquire,199.83783300267532,True,
forkyard,25795072,25,23,set_balance,433.05900000268593,True,
forkyard,25795072,25,23,transfer,332.25154198589735,True,
forkyard,25795072,25,23,get_balance,304.9216250074096,True,
forkyard,25795072,25,23,discard,144.90741700865328,True,
forkyard,25795072,25,23,acquire,7.831082999473438,True,
forkyard,25795072,25,23,set_balance,275.2209159953054,True,
forkyard,25795072,25,23,fund_token,3.3110000076703727,True,
forkyard,25795072,25,23,get_balance,148.75345802283846,True,
forkyard,25795072,25,23,discard,4.636291996575892,True,
forkyard,25795072,25,24,acquire,176.3210839999374,True,
forkyard,25795072,25,24,set_balance,1065.5126250057947,True,
forkyard,25795072,25,24,fund_token,18.461416999343783,True,
forkyard,25795072,25,24,get_balance,1688.7972919794265,True,
forkyard,25795072,25,24,discard,560.2102499979082,True,
forkyard,25795072,25,24,acquire,46.72795900842175,True,
forkyard,25795072,25,24,set_balance,540.7649999833666,True,
forkyard,25795072,25,24,get_balance,312.41154100280255,True,
forkyard,25795072,25,24,transfer,695.7525000034366,True,
forkyard,25795072,25,24,discard,284.67058402020484,True,
forkyard,25795072,25,24,acquire,84.27233298425563,True,
forkyard,25795072,25,24,set_balance,287.59904199978337,True,
forkyard,25795072,25,24,swap_eth_for_token,617.5027500139549,True,
forkyard,25795072,25,24,fund_token,10.527541977353394,True,
forkyard,25795072,25,24,discard,2.500791975762695,True,
forkyard,25795072,25,24,acquire,42.35216698725708,True,
forkyard,25795072,25,24,set_balance,293.56900000129826,True,
forkyard,25795072,25,24,transfer,706.2476249993779,True,
forkyard,25795072,25,24,get_balance,162.14104197570123,True,
forkyard,25795072,25,24,discard,147.54308300325647,True,
forkyard,25795072,25,24,acquire,147.9551249940414,True,
forkyard,25795072,25,24,set_balance,547.1842089900747,True,
forkyard,25795072,25,24,fund_token,283.2567090226803,True,
forkyard,25795072,25,24,fund_token,28.42375001637265,True,
forkyard,25795072,25,24,discard,10.509624989936128,True,
forkyard,25795072,25,24,acquire,415.10625000228174,True,
forkyard,25795072,25,24,set_balance,722.8142090025358,True,
forkyard,25795072,25,24,swap_eth_for_token,980.7907499780413,True,
forkyard,25795072,25,24,swap_eth_for_token,978.5420419939328,True,
forkyard,25795072,25,24,discard,409.2913329950534,True,
forkyard,25795072,25,24,acquire,209.69899999909103,True,
forkyard,25795072,25,24,set_balance,145.1240409805905,True,
forkyard,25795072,25,24,transfer,302.7777500101365,True,
forkyard,25795072,25,24,transfer,633.9094169961754,True,
forkyard,25795072,25,24,discard,279.29995898739435,True,
forkyard,25795072,25,24,acquire,8.987875015009195,True,
forkyard,25795072,25,24,set_balance,30004.604500019923,False,"ReadTimeout(ReadTimeoutError(""HTTPConnectionPool(host='127.0.0.1', port=18555): Read timed out. (read timeout=30.0)""))"
forkyard,25795072,25,24,swap_eth_for_token,30855.10620797868,True,
forkyard,25795072,25,24,transfer,578.6846669798251,True,
forkyard,25795072,25,24,discard,140.72358401608653,True,
forkyard,25795072,25,24,acquire,9.52787502319552,True,
forkyard,25795072,25,24,set_balance,300.3084590018261,True,
forkyard,25795072,25,24,transfer,469.28349998779595,True,
forkyard,25795072,25,24,get_balance,277.7716659766156,True,
forkyard,25795072,25,24,discard,3.7591249856632203,True,
forkyard,25795072,25,24,acquire,3.337000001920387,True,
forkyard,25795072,25,24,set_balance,143.42175002093427,True,
forkyard,25795072,25,24,swap_eth_for_token,162.48041699873284,True,
forkyard,25795072,25,24,swap_eth_for_token,13.669374980963767,True,
forkyard,25795072,25,24,discard,0.7013750146143138,True,
forkyard,25795072,25,-1,__total__,79085.61024998198,False,
anvil,25795072,25,0,acquire,666.6762920212932,True,
anvil,25795072,25,0,set_balance,140.9077080024872,True,
anvil,25795072,25,0,fund_token,140.4178749944549,True,
anvil,25795072,25,0,transfer,757.4825829942711,True,
anvil,25795072,25,0,discard,4.540333000477403,True,
anvil,25795072,25,0,acquire,843.3057500224095,True,
anvil,25795072,25,0,set_balance,136.8016250198707,True,
anvil,25795072,25,0,fund_token,142.0572920178529,True,
anvil,25795072,25,0,swap_eth_for_token,3905.5947919841856,True,
anvil,25795072,25,0,discard,4.621542000677437,True,
anvil,25795072,25,0,acquire,1057.7997079817578,True,
anvil,25795072,25,0,set_balance,277.40120800444856,True,
anvil,25795072,25,0,swap_eth_for_token,2960.458457993809,True,
anvil,25795072,25,0,get_balance,1.6173750045709312,True,
anvil,25795072,25,0,discard,4.577000014251098,True,
anvil,25795072,25,0,acquire,834.4794159929734,True,
anvil,25795072,25,0,set_balance,142.4974589899648,True,
anvil,25795072,25,0,get_balance,5.370833008782938,True,
anvil,25795072,25,0,swap_eth_for_token,2417.4272080126684,True,
anvil,25795072,25,0,discard,3.854250011499971,True,
anvil,25795072,25,0,acquire,833.1742089940235,True,
anvil,25795072,25,0,set_balance,143.57120799832046,True,
anvil,25795072,25,0,swap_eth_for_token,2479.645999992499,True,
anvil,25795072,25,0,transfer,493.3799580030609,True,
anvil,25795072,25,0,discard,4.652540985262021,True,
anvil,25795072,25,0,acquire,830.4323340125848,True,
anvil,25795072,25,0,set_balance,141.95345801999792,True,
anvil,25795072,25,0,fund_token,145.7275419961661,True,
anvil,25795072,25,0,swap_eth_for_token,2256.5094160090666,True,
anvil,25795072,25,0,discard,4.795708984602243,True,
anvil,25795072,25,0,acquire,837.7612500044052,True,
anvil,25795072,25,0,set_balance,136.09149999683723,True,
anvil,25795072,25,0,swap_eth_for_token,2413.8163329917006,True,
anvil,25795072,25,0,fund_token,1.111124991439283,True,
anvil,25795072,25,0,discard,4.581999994115904,True,
anvil,25795072,25,0,acquire,818.182415998308,True,
anvil,25795072,25,0,set_balance,145.30241701868363,True,
anvil,25795072,25,0,swap_eth_for_token,2546.1310829850845,True,
anvil,25795072,25,0,transfer,30409.365125000477,True,
anvil,25795072,25,0,discard,10.40654198732227,True,
anvil,25795072,25,0,acquire,860.3448750218377,True,
anvil,25795072,25,0,set_balance,141.12854198901914,True,
anvil,25795072,25,0,fund_token,146.70220800326206,True,
anvil,25795072,25,0,approve,781.5314999897964,True,
anvil,25795072,25,0,discard,4.6062920009717345,True,
anvil,25795072,25,0,acquire,865.2680840168614,True,
anvil,25795072,25,0,set_balance,136.84250001097098,True,
anvil,25795072,25,0,get_balance,4.212999978335574,True,
anvil,25795072,25,0,transfer,748.8094999862369,True,
anvil,25795072,25,0,discard,9.010041976580396,True,
anvil,25795072,25,1,acquire,877.7589160017669,True,
anvil,25795072,25,1,set_balance,150.6352500000503,True,
anvil,25795072,25,1,get_balance,6.787583028199151,True,
anvil,25795072,25,1,swap_eth_for_token,4234.379250003258,True,
anvil,25795072,25,1,discard,5.333540990250185,True,
anvil,25795072,25,1,acquire,2945.0465420086402,True,
anvil,25795072,25,1,set_balance,279.2330419761129,True,
anvil,25795072,25,1,fund_token,318.16341701778583,True,
anvil,25795072,25,1,fund_token,2.4560000165365636,True,
anvil,25795072,25,1,discard,4.700334015069529,True,
anvil,25795072,25,1,acquire,1058.422292000614,True,
anvil,25795072,25,1,set_balance,141.854624991538,True,
anvil,25795072,25,1,get_balance,1.705875009065494,True,
anvil,25795072,25,1,fund_token,141.61183300893754,True,
anvil,25795072,25,1,discard,4.546000011032447,True,
anvil,25795072,25,1,acquire,849.2981670133304,True,
anvil,25795072,25,1,set_balance,141.60441601416096,True,
anvil,25795072,25,1,fund_token,145.26920899515972,True,
anvil,25795072,25,1,approve,732.967500021914,True,
anvil,25795072,25,1,discard,4.538082983344793,True,
anvil,25795072,25,1,acquire,838.5638329782523,True,
anvil,25795072,25,1,set_balance,139.55395799712278,True,
anvil,25795072,25,1,swap_eth_for_token,2438.101417006692,True,
anvil,25795072,25,1,transfer,499.06341699534096,True,
anvil,25795072,25,1,discard,4.577000014251098,True,
anvil,25795072,25,1,acquire,844.9549170036335,True,
anvil,25795072,25,1,set_balance,141.04466699063778,True,
anvil,25795072,25,1,transfer,755.818708013976,True,
anvil,25795072,25,1,transfer,502.65387500985526,True,
anvil,25795072,25,1,discard,4.56887498148717,True,
anvil,25795072,25,1,acquire,821.110458986368,True,
anvil,25795072,25,1,set_balance,141.7227920028381,True,
anvil,25795072,25,1,fund_token,138.1737919873558,True,
anvil,25795072,25,1,fund_token,1.5098340227268636,True,
anvil,25795072,25,1,discard,2.5414169940631837,True,
anvil,25795072,25,1,acquire,831.6429590049665,True,
anvil,25795072,25,1,set_balance,139.83895801356994,True,
anvil,25795072,25,1,get_balance,3.5609589831437916,True,
anvil,25795072,25,1,fund_token,145.42129199253395,True,
anvil,25795072,25,1,discard,4.544625000562519,True,
anvil,25795072,25,1,acquire,839.0522499976214,True,
anvil,25795072,25,1,set_balance,144.2600830050651,True,
anvil,25795072,25,1,swap_eth_for_token,2502.2696660016663,True,
anvil,25795072,25,1,get_balance,1.481167011661455,True,
anvil,25795072,25,1,discard,4.820875008590519,True,
anvil,25795072,25,1,acquire,833.6670830030926,True,
anvil,25795072,25,1,set_balance,144.74804099882022,True,
anvil,25795072,25,1,swap_eth_for_token,2518.7490829848684,True,
anvil,25795072,25,1,fund_token,1.934625004651025,True,
anvil,25795072,25,1,discard,10.219749994575977,True,
anvil,25795072,25,2,acquire,862.8228339948691,True,
anvil,25795072,25,2,set_balance,138.95379099994898,True,
anvil,25795072,25,2,transfer,746.1625839932822,True,
anvil,25795072,25,2,transfer,503.2084590056911,True,
anvil,25795072,25,2,discard,4.427291016327217,True,
anvil,25795072,25,2,acquire,826.1224589950871,True,
anvil,25795072,25,2,set_balance,147.02974999090657,True,
anvil,25795072,25,2,get_balance,2.4025000166147947,True,
anvil,25795072,25,2,swap_eth_for_token,6741.342749999603,True,
anvil,25795072,25,2,discard,4.563291993690655,True,
anvil,25795072,25,2,acquire,828.556166990893,True,
anvil,25795072,25,2,set_balance,138.51675001205876,True,
anvil,25795072,25,2,transfer,731.2777919869404,True,
anvil,25795072,25,2,fund_token,144.3788750038948,True,
anvil,25795072,25,2,discard,5.5777920060791075,True,
anvil,25795072,25,2,acquire,837.9897499980871,True,
anvil,25795072,25,2,set_balance,144.37258301768452,True,
anvil,25795072,25,2,swap_eth_for_token,2428.519666980719,True,
anvil,25795072,25,2,swap_eth_for_token,259.694334003143,True,
anvil,25795072,25,2,discard,4.187374986940995,True,
anvil,25795072,25,2,acquire,829.6099579893053,True,
anvil,25795072,25,2,set_balance,136.669500003336,True,
anvil,25795072,25,2,transfer,734.0667080134153,True,
anvil,25795072,25,2,fund_token,140.86225000210106,True,
anvil,25795072,25,2,discard,4.052374977618456,True,
anvil,25795072,25,2,acquire,836.0027910093777,True,
anvil,25795072,25,2,set_balance,147.4895830033347,True,
anvil,25795072,25,2,fund_token,147.50220900168642,True,
anvil,25795072,25,2,approve,738.928125007078,True,
anvil,25795072,25,2,discard,3.619416995206848,True,
anvil,25795072,25,2,acquire,826.7387920059264,True,
anvil,25795072,25,2,set_balance,140.640166006051,True,
anvil,25795072,25,2,get_balance,2.098208002280444,True,
anvil,25795072,25,2,transfer,748.0162919964641,True,
anvil,25795072,25,2,discard,5.495165998581797,True,
anvil,25795072,25,2,acquire,839.6479999937583,True,
anvil,25795072,25,2,set_balance,147.79975000419654,True,
anvil,25795072,25,2,swap_eth_for_token,2486.8352089833934,True,
anvil,25795072,25,2,get_balance,2.16058298246935,True,
anvil,25795072,25,2,discard,4.584665992297232,True,
anvil,25795072,25,2,acquire,833.0987499793991,True,
anvil,25795072,25,2,set_balance,162.18120901612565,True,
anvil,25795072,25,2,get_balance,3.281582990894094,True,
anvil,25795072,25,2,fund_token,143.77258301828988,True,
anvil,25795072,25,2,discard,4.593707999447361,True,
anvil,25795072,25,2,acquire,825.6653750140686,True,
anvil,25795072,25,2,set_balance,146.17504097986966,True,
anvil,25795072,25,2,swap_eth_for_token,2503.723041008925,True,
anvil,25795072,25,2,fund_token,1.771417009877041,True,
anvil,25795072,25,2,discard,3.691666992381215,True,
anvil,25795072,25,3,acquire,883.6196660122368,True,
anvil,25795072,25,3,set_balance,144.53645798494108,True,
anvil,25795072,25,3,get_balance,12.159790989244357,True,
anvil,25795072,25,3,swap_eth_for_token,5988.367250014562,True,
anvil,25795072,25,3,discard,9.820290986681357,True,
anvil,25795072,25,3,acquire,1048.031042009825,True,
anvil,25795072,25,3,set_balance,833.3774169732351,True,
anvil,25795072,25,3,transfer,798.9346669928636,True,
anvil,25795072,25,3,fund_token,139.35875002061948,True,
anvil,25795072,25,3,discard,4.681374994106591,True,
anvil,25795072,25,3,acquire,839.9842079961672,True,
anvil,25795072,25,3,set_balance,146.72712501487695,True,
anvil,25795072,25,3,get_balance,1.8950829980894923,True,
anvil,25795072,25,3,fund_token,141.75633297418244,True,
anvil,25795072,25,3,discard,4.569042008370161,True,
anvil,25795072,25,3,acquire,825.4421669989824,True,
anvil,25795072,25,3,set_balance,146.5977500192821,True,
anvil,25795072,25,3,fund_token,141.31287499913014,True,
anvil,25795072,25,3,get_balance,1.637833978747949,True,
anvil,25795072,25,3,discard,1.6299169801641256,True,
anvil,25795072,25,3,acquire,833.9914999960456,True,
anvil,25795072,25,3,set_balance,139.09662500373088,True,
anvil,25795072,25,3,fund_token,138.40241698198952,True,
anvil,25795072,25,3,transfer,737.8934999869671,True,
anvil,25795072,25,3,discard,3.7387500051409006,True,
anvil,25795072,25,3,acquire,824.7662500070874,True,
anvil,25795072,25,3,set_balance,138.53875000495464,True,
anvil,25795072,25,3,transfer,733.9787920063827,True,
anvil,25795072,25,3,transfer,489.13808300858364,True,
anvil,25795072,25,3,discard,4.867915995419025,True,
anvil,25795072,25,3,acquire,837.8077920060605,True,
anvil,25795072,25,3,set_balance,139.8187080048956,True,
anvil,25795072,25,3,fund_token,140.36054202006198,True,
anvil,25795072,25,3,fund_token,1.267625018954277,True,
anvil,25795072,25,3,discard,4.541958012850955,True,
anvil,25795072,25,3,acquire,838.9723330037668,True,
anvil,25795072,25,3,set_balance,142.48004200635478,True,
anvil,25795072,25,3,fund_token,139.54083298449405,True,
anvil,25795072,25,3,swap_eth_for_token,2215.817916992819,True,
anvil,25795072,25,3,discard,4.552541009616107,True,
anvil,25795072,25,3,acquire,831.2100830080453,True,
anvil,25795072,25,3,set_balance,142.73533297819085,True,
anvil,25795072,25,3,transfer,747.6549999846611,True,
anvil,25795072,25,3,fund_token,137.35808298224583,True,
anvil,25795072,25,3,discard,4.56270799622871,True,
anvil,25795072,25,3,acquire,823.3624169952236,True,
anvil,25795072,25,3,set_balance,135.43575000949204,True,
anvil,25795072,25,3,swap_eth_for_token,2434.320458007278,True,
anvil,25795072,25,3,swap_eth_for_token,266.69079199200496,True,
anvil,25795072,25,3,discard,4.590709024341777,True,
anvil,25795072,25,4,acquire,854.0117500233464,True,
anvil,25795072,25,4,set_balance,150.9425420081243,True,
anvil,25795072,25,4,get_balance,2.185042016208172,True,
anvil,25795072,25,4,transfer,1391.1124579899479,True,
anvil,25795072,25,4,discard,4.555082996375859,True,
anvil,25795072,25,4,acquire,846.165333990939,True,
anvil,25795072,25,4,set_balance,226.9079159887042,True,
anvil,25795072,25,4,fund_token,143.00295899738558,True,
anvil,25795072,25,4,transfer,1720.3094169963151,True,
anvil,25795072,25,4,discard,4.577000014251098,True,
anvil,25795072,25,4,acquire,2714.3724580237176,True,
anvil,25795072,25,4,set_balance,220.3236659988761,True,
anvil,25795072,25,4,transfer,1442.1325419971254,True,
anvil,25795072,25,4,swap_eth_for_token,2217.650374979712,True,
anvil,25795072,25,4,discard,4.886708018602803,True,
anvil,25795072,25,4,acquire,820.4018329852261,True,
anvil,25795072,25,4,set_balance,141.90866600256413,True,
anvil,25795072,25,4,get_balance,2.1222919749561697,True,
anvil,25795072,25,4,swap_eth_for_token,2455.828250007471,True,
anvil,25795072,25,4,discard,4.542833019513637,True,
anvil,25795072,25,4,acquire,843.5729580232874,True,
anvil,25795072,25,4,set_balance,139.81920800870284,True,
anvil,25795072,25,4,transfer,735.7985000126064,True,
anvil,25795072,25,4,get_balance,3.086917015025392,True,
anvil,25795072,25,4,discard,4.573542013531551,True,
anvil,25795072,25,4,acquire,829.0590419783257,True,
anvil,25795072,25,4,set_balance,139.37283400446177,True,
anvil,25795072,25,4,swap_eth_for_token,2471.415457985131,True,
anvil,25795072,25,4,get_balance,1.4859169896226376,True,
anvil,25795072,25,4,discard,4.542917013168335,True,
anvil,25795072,25,4,acquire,841.2697500025388,True,
anvil,25795072,25,4,set_balance,137.53924999036826,True,
anvil,25795072,25,4,swap_eth_for_token,2411.721459007822,True,
anvil,25795072,25,4,swap_eth_for_token,259.3066249974072,True,
anvil,25795072,25,4,discard,4.635291988961399,True,
anvil,25795072,25,4,acquire,840.0858750101179,True,
anvil,25795072,25,4,set_balance,139.99762499588542,True,
anvil,25795072,25,4,swap_eth_for_token,2487.288709002314,True,
anvil,25795072,25,4,get_balance,1.5294580080080777,True,
anvil,25795072,25,4,discard,4.584415990393609,True,
anvil,25795072,25,4,acquire,856.216417014366,True,
anvil,25795072,25,4,set_balance,141.25845799571835,True,
anvil,25795072,25,4,get_balance,6.636957987211645,True,
anvil,25795072,25,4,swap_eth_for_token,48353.601833980065,False,"Web3RPCError('{\'code\': -32603, \'message\': \'Fork Error: Transport(Custom(reqwest::Error { kind: Request, url: ""https://mainnet.gateway.tenderly.co/YXEc9o0PFpWDR90xw86PQ"", source: hyper_util::clien"
anvil,25795072,25,4,discard,4.87991698901169,True,
anvil,25795072,25,4,acquire,1057.0554170117248,True,
anvil,25795072,25,4,set_balance,141.19820899213664,True,
anvil,25795072,25,4,swap_eth_for_token,2851.9587499904446,True,
anvil,25795072,25,4,swap_eth_for_token,265.89599999715574,True,
anvil,25795072,25,4,discard,4.566999996313825,True,
anvil,25795072,25,5,acquire,869.9830410187133,True,
anvil,25795072,25,5,set_balance,150.1554999849759,True,
anvil,25795072,25,5,swap_eth_for_token,6337.117625022074,True,
anvil,25795072,25,5,transfer,626.5102920006029,True,
anvil,25795072,25,5,discard,4.58179198903963,True,
anvil,25795072,25,5,acquire,1678.0313749914058,True,
anvil,25795072,25,5,set_balance,140.77224998618476,True,
anvil,25795072,25,5,get_balance,1.6905829834286124,True,
anvil,25795072,25,5,get_balance,1.3661669800058007,True,
anvil,25795072,25,5,discard,4.5381669769994915,True,
anvil,25795072,25,5,acquire,841.3699170050677,True,
anvil,25795072,25,5,set_balance,146.9437080086209,True,
anvil,25795072,25,5,swap_eth_for_token,2462.7682919963263,True,
anvil,25795072,25,5,get_balance,2.277333987876773,True,
anvil,25795072,25,5,discard,4.55300000612624,True,
anvil,25795072,25,5,acquire,848.9272919832729,True,
anvil,25795072,25,5,set_balance,146.0948330059182,True,
anvil,25795072,25,5,transfer,750.552208017325,True,
anvil,25795072,25,5,transfer,503.0206670053303,True,
anvil,25795072,25,5,discard,5.649375001667067,True,
anvil,25795072,25,5,acquire,836.01779199671,True,
anvil,25795072,25,5,set_balance,141.38112499495037,True,
anvil,25795072,25,5,fund_token,137.69220799440518,True,
anvil,25795072,25,5,get_balance,1.4209170185495168,True,
anvil,25795072,25,5,discard,4.5425420103129,True,
anvil,25795072,25,5,acquire,852.0722920075059,True,
anvil,25795072,25,5,set_balance,145.8652089932002,True,
anvil,25795072,25,5,get_balance,1.8310000014025718,True,
anvil,25795072,25,5,get_balance,3.847542015137151,True,
anvil,25795072,25,5,discard,1.5562500047963113,True,
anvil,25795072,25,5,acquire,829.2263750045095,True,
anvil,25795072,25,5,set_balance,141.31891701254062,True,
anvil,25795072,25,5,get_balance,1.6311249928548932,True,
anvil,25795072,25,5,transfer,735.3335410007276,True,
anvil,25795072,25,5,discard,4.015417012851685,True,
anvil,25795072,25,5,acquire,817.0444999996107,True,
anvil,25795072,25,5,set_balance,144.50441699591465,True,
anvil,25795072,25,5,get_balance,2.0632910018321127,True,
anvil,25795072,25,5,get_balance,2.1393339848145843,True,
anvil,25795072,25,5,discard,4.567458003293723,True,
anvil,25795072,25,5,acquire,842.2843340085819,True,
anvil,25795072,25,5,set_balance,139.1642919916194,True,
anvil,25795072,25,5,swap_eth_for_token,2461.640374996932,True,
anvil,25795072,25,5,get_balance,1.5821660053916276,True,
anvil,25795072,25,5,discard,4.132292000576854,True,
anvil,25795072,25,5,acquire,845.87766599725,True,
anvil,25795072,25,5,set_balance,136.44833298167214,True,
anvil,25795072,25,5,get_balance,1.784541003871709,True,
anvil,25795072,25,5,fund_token,140.318916994147,True,
anvil,25795072,25,5,discard,5.6454169971402735,True,
anvil,25795072,25,6,acquire,861.279916978674,True,
anvil,25795072,25,6,set_balance,155.12566699180752,True,
anvil,25795072,25,6,transfer,1409.461833012756,True,
anvil,25795072,25,6,swap_eth_for_token,7717.059957998572,True,
anvil,25795072,25,6,discard,5.10104198474437,True,
anvil,25795072,25,6,acquire,831.0029580025002,True,
anvil,25795072,25,6,set_balance,142.86970801185817,True,
anvil,25795072,25,6,transfer,733.9542089903262,True,
anvil,25795072,25,6,fund_token,148.59979200991802,True,
anvil,25795072,25,6,discard,5.733917001634836,True,
anvil,25795072,25,6,acquire,834.7474169859197,True,
anvil,25795072,25,6,set_balance,148.24920799583197,True,
anvil,25795072,25,6,swap_eth_for_token,2461.339500005124,True,
anvil,25795072,25,6,swap_eth_for_token,260.9768330003135,True,
anvil,25795072,25,6,discard,4.539415996987373,True,
anvil,25795072,25,6,acquire,833.5554999939632,True,
anvil,25795072,25,6,set_balance,145.94254200346768,True,
anvil,25795072,25,6,get_balance,1.8323749827686697,True,
anvil,25795072,25,6,transfer,747.3169169970788,True,
anvil,25795072,25,6,discard,4.604209010722116,True,
anvil,25795072,25,6,acquire,836.9076249946374,True,
anvil,25795072,25,6,set_balance,137.74916698457673,True,
anvil,25795072,25,6,swap_eth_for_token,2461.541249998845,True,
anvil,25795072,25,6,fund_token,3.5395000013522804,True,
anvil,25795072,25,6,discard,4.5726249809376895,True,
anvil,25795072,25,6,acquire,835.8738340029959,True,
anvil,25795072,25,6,set_balance,139.09483299357817,True,
anvil,25795072,25,6,transfer,742.2272909898311,True,
anvil,25795072,25,6,fund_token,141.77158300299197,True,
anvil,25795072,25,6,discard,7.95491601456888,True,
anvil,25795072,25,6,acquire,838.1478750088718,True,
anvil,25795072,25,6,set_balance,143.28566699987277,True,
anvil,25795072,25,6,fund_token,140.11554201715626,True,
anvil,25795072,25,6,get_balance,1.524999999674037,True,
anvil,25795072,25,6,discard,1.5208750264719129,True,
anvil,25795072,25,6,acquire,837.8280420147348,True,
anvil,25795072,25,6,set_balance,144.10583302378654,True,
anvil,25795072,25,6,transfer,745.4972919949796,True,
anvil,25795072,25,6,get_balance,1.3665409933310002,True,
anvil,25795072,25,6,discard,4.564792005112395,True,
anvil,25795072,25,6,acquire,839.7670419944916,True,
anvil,25795072,25,6,set_balance,143.7558750039898,True,
anvil,25795072,25,6,fund_token,143.44895799877122,True,
anvil,25795072,25,6,approve,845.7190000044648,True,
anvil,25795072,25,6,discard,4.575708997435868,True,
anvil,25795072,25,6,acquire,848.9568330114707,True,
anvil,25795072,25,6,set_balance,137.9631669842638,True,
anvil,25795072,25,6,get_balance,2.0217499986756593,True,
anvil,25795072,25,6,swap_eth_for_token,18573.832167021465,False,"Web3RPCError('{\'code\': -32603, \'message\': \'Fork Error: Transport(Custom(reqwest::Error { kind: Request, url: ""https://mainnet.gateway.tenderly.co/YXEc9o0PFpWDR90xw86PQ"", source: hyper_util::clien"
anvil,25795072,25,6,discard,10.785084014059976,True,
anvil,25795072,25,7,acquire,895.7009590230882,True,
anvil,25795072,25,7,set_balance,149.21733300434425,True,
anvil,25795072,25,7,swap_eth_for_token,2666.7124580126256,True,
anvil,25795072,25,7,fund_token,2.2817080025561154,True,
anvil,25795072,25,7,discard,5.848958011483774,True,
anvil,25795072,25,7,acquire,1916.1514170118608,True,
anvil,25795072,25,7,set_balance,969.2319169989787,True,
anvil,25795072,25,7,transfer,925.4881249798927,True,
anvil,25795072,25,7,swap_eth_for_token,3156.3036250008736,True,
anvil,25795072,25,7,discard,4.561667010420933,True,
anvil,25795072,25,7,acquire,823.1369999994058,True,
anvil,25795072,25,7,set_balance,136.90008301637135,True,
anvil,25795072,25,7,get_balance,2.675708004971966,True,
anvil,25795072,25,7,transfer,731.5681250183843,True,
anvil,25795072,25,7,discard,5.691124999430031,True,
anvil,25795072,25,7,acquire,836.7790839984082,True,
anvil,25795072,25,7,set_balance,138.1794170010835,True,
anvil,25795072,25,7,fund_token,141.6577089985367,True,
anvil,25795072,25,7,get_balance,5.743582994909957,True,
anvil,25795072,25,7,discard,4.5725840027444065,True,
anvil,25795072,25,7,acquire,833.9952090173028,True,
anvil,25795072,25,7,set_balance,141.8209580006078,True,
anvil,25795072,25,7,fund_token,142.50158300274052,True,
anvil,25795072,25,7,approve,740.5721670074854,True,
anvil,25795072,25,7,discard,4.580000007990748,True,
anvil,25795072,25,7,acquire,835.4586669884156,True,
anvil,25795072,25,7,set_balance,143.24966701678932,True,
anvil,25795072,25,7,transfer,752.8279589896556,True,
anvil,25795072,25,7,transfer,515.1008749962784,True,
anvil,25795072,25,7,discard,4.636625002603978,True,
anvil,25795072,25,7,acquire,840.4201669909526,True,
anvil,25795072,25,7,set_balance,144.4301660230849,True,
anvil,25795072,25,7,transfer,723.2031250023283,True,
anvil,25795072,25,7,swap_eth_for_token,2210.845249996055,True,
anvil,25795072,25,7,discard,4.553250008029863,True,
anvil,25795072,25,7,acquire,833.4320000139996,True,
anvil,25795072,25,7,set_balance,143.32933397963643,True,
anvil,25795072,25,7,get_balance,2.448665996780619,True,
anvil,25795072,25,7,swap_eth_for_token,2466.564707981888,True,
anvil,25795072,25,7,discard,4.569457989418879,True,
anvil,25795072,25,7,acquire,844.7404170001391,True,
anvil,25795072,25,7,set_balance,144.61766599561088,True,
anvil,25795072,25,7,transfer,740.6994579941966,True,
anvil,25795072,25,7,swap_eth_for_token,2323.103833012283,True,
anvil,25795072,25,7,discard,4.62683301884681,True,
anvil,25795072,25,7,acquire,20050.20870800945,False,"RuntimeError('anvil on http://127.0.0.1:19079 did not become ready in 20.0s: HTTPConnectionPool(host=\'127.0.0.1\', port=19079): Max retries exceeded with url: / (Caused by NewConnectionError(""HTTPCon"
anvil,25795072,25,8,acquire,872.1564580046106,True,
anvil,25795072,25,8,set_balance,147.0128749788273,True,
anvil,25795072,25,8,get_balance,13.540999992983416,True,
anvil,25795072,25,8,fund_token,1285.6694999791216,True,
anvil,25795072,25,8,discard,4.566749994410202,True,
anvil,25795072,25,8,acquire,829.2803330114111,True,
anvil,25795072,25,8,set_balance,188.1860840076115,True,
anvil,25795072,25,8,get_balance,6.920458021340892,True,
anvil,25795072,25,8,transfer,1892.4598339945078,True,
anvil,25795072,25,8,discard,4.549750010482967,True,
anvil,25795072,25,8,acquire,2301.511582976673,True,
anvil,25795072,25,8,set_balance,187.25950000225566,True,
anvil,25795072,25,8,get_balance,3.043500008061528,True,
anvil,25795072,25,8,fund_token,143.04416699451394,True,
anvil,25795072,25,8,discard,4.555166990030557,True,
anvil,25795072,25,8,acquire,2708.869082998717,True,
anvil,25795072,25,8,set_balance,137.21870799781755,True,
anvil,25795072,25,8,fund_token,136.57124998280779,True,
anvil,25795072,25,8,fund_token,2.937415993073955,True,
anvil,25795072,25,8,discard,1.5432499931193888,True,
anvil,25795072,25,8,acquire,826.111791015137,True,
anvil,25795072,25,8,set_balance,137.62408401817083,True,
anvil,25795072,25,8,fund_token,144.16333299595863,True,
anvil,25795072,25,8,fund_token,1.5592910058330745,True,
anvil,25795072,25,8,discard,2.5548749836161733,True,
anvil,25795072,25,8,acquire,845.5698329780716,True,
anvil,25795072,25,8,set_balance,146.01745901745744,True,
anvil,25795072,25,8,fund_token,146.80033299373463,True,
anvil,25795072,25,8,transfer,749.1164160019252,True,
anvil,25795072,25,8,discard,5.031042004702613,True,
anvil,25795072,25,8,acquire,840.2078750077635,True,
anvil,25795072,25,8,set_balance,141.285916994093,True,
anvil,25795072,25,8,fund_token,139.55954101402313,True,
anvil,25795072,25,8,fund_token,0.8808339771348983,True,
anvil,25795072,25,8,discard,4.956791002769023,True,
anvil,25795072,25,8,acquire,850.2364169980865,True,
anvil,25795072,25,8,set_balance,143.65737501066178,True,
anvil,25795072,25,8,swap_eth_for_token,2439.992290979717,True,
anvil,25795072,25,8,transfer,492.64325000694953,True,
anvil,25795072,25,8,discard,4.391042020870373,True,
anvil,25795072,25,8,acquire,824.5408749789931,True,
anvil,25795072,25,8,set_balance,144.70295800128952,True,
anvil,25795072,25,8,fund_token,146.06716600246727,True,
anvil,25795072,25,8,transfer,742.84033299773,True,
anvil,25795072,25,8,discard,4.545667005004361,True,
anvil,25795072,25,8,acquire,837.3313329939265,True,
anvil,25795072,25,8,set_balance,142.5968749972526,True,
anvil,25795072,25,8,get_balance,1.438416016753763,True,
anvil,25795072,25,8,fund_token,149.41595800337382,True,
anvil,25795072,25,8,discard,4.539250017842278,True,
anvil,25795072,25,9,acquire,858.2897500018589,True,
anvil,25795072,25,9,set_balance,153.34658298525028,True,
anvil,25795072,25,9,fund_token,144.18745797593147,True,
anvil,25795072,25,9,swap_eth_for_token,2544.6140830172226,True,
anvil,25795072,25,9,discard,3.7122500070836395,True,
anvil,25795072,25,9,acquire,1282.8868329816032,True,
anvil,25795072,25,9,set_balance,310.9244579973165,True,
anvil,25795072,25,9,get_balance,2.046874986262992,True,
anvil,25795072,25,9,swap_eth_for_token,3703.8799159927294,True,
anvil,25795072,25,9,discard,4.571708006551489,True,
anvil,25795072,25,9,acquire,850.9332920075394,True,
anvil,25795072,25,9,set_balance,159.1362500039395,True,
anvil,25795072,25,9,transfer,728.804249985842,True,
anvil,25795072,25,9,transfer,503.594375011744,True,
anvil,25795072,25,9,discard,4.155750008067116,True,
anvil,25795072,25,9,acquire,835.8957079763059,True,
anvil,25795072,25,9,set_balance,143.5223330045119,True,
anvil,25795072,25,9,get_balance,1.9072919967584312,True,
anvil,25795072,25,9,fund_token,142.11583300493658,True,
anvil,25795072,25,9,discard,4.775416979100555,True,
anvil,25795072,25,9,acquire,839.0470839804038,True,
anvil,25795072,25,9,set_balance,143.86574999662116,True,
anvil,25795072,25,9,get_balance,2.08604201907292,True,
anvil,25795072,25,9,transfer,738.7654159974772,True,
anvil,25795072,25,9,discard,4.54629200976342,True,
anvil,25795072,25,9,acquire,828.0257080041338,True,
anvil,25795072,25,9,set_balance,142.42091699270532,True,
anvil,25795072,25,9,get_balance,1.7050000024028122,True,
anvil,25795072,25,9,fund_token,143.66187501582317,True,
anvil,25795072,25,9,discard,4.649291979148984,True,
anvil,25795072,25,9,acquire,830.0463750201743,True,
anvil,25795072,25,9,set_balance,146.90179098397493,True,
anvil,25795072,25,9,swap_eth_for_token,2449.103083985392,True,
anvil,25795072,25,9,get_balance,2.435875008814037,True,
anvil,25795072,25,9,discard,4.578749998472631,True,
anvil,25795072,25,9,acquire,826.7092499881983,True,
anvil,25795072,25,9,set_balance,142.95858299010433,True,
anvil,25795072,25,9,transfer,736.5763330017217,True,
anvil,25795072,25,9,get_balance,1.524917024653405,True,
anvil,25795072,25,9,discard,4.353916010586545,True,
anvil,25795072,25,9,acquire,835.95491698361,True,
anvil,25795072,25,9,set_balance,284.2174580146093,True,
anvil,25795072,25,9,swap_eth_for_token,2442.438124999171,True,
anvil,25795072,25,9,transfer,496.0205419920385,True,
anvil,25795072,25,9,discard,4.581499990308657,True,
anvil,25795072,25,9,acquire,826.3941659824923,True,
anvil,25795072,25,9,set_balance,142.79908299795352,True,
anvil,25795072,25,9,transfer,758.5482919821516,True,
anvil,25795072,25,9,transfer,492.4254159850534,True,
anvil,25795072,25,9,discard,7.93379099923186,True,
anvil,25795072,25,10,acquire,880.8632919972297,True,
anvil,25795072,25,10,set_balance,142.5235420174431,True,
anvil,25795072,25,10,transfer,737.1075840201229,True,
anvil,25795072,25,10,fund_token,140.5092080240138,True,
anvil,25795072,25,10,discard,4.686125001171604,True,
anvil,25795072,25,10,acquire,841.0824590246193,True,
anvil,25795072,25,10,set_balance,145.43812500778586,True,
anvil,25795072,25,10,get_balance,2.3319580068346113,True,
anvil,25795072,25,10,fund_token,144.05895801610313,True,
anvil,25795072,25,10,discard,4.729749984107912,True,
anvil,25795072,25,10,acquire,1274.773915996775,True,
anvil,25795072,25,10,set_balance,876.7587500042282,True,
anvil,25795072,25,10,get_balance,4.588875017361715,True,
anvil,25795072,25,10,fund_token,409.11691600922495,True,
anvil,25795072,25,10,discard,17.270834010560066,True,
anvil,25795072,25,10,acquire,2948.587500024587,True,
anvil,25795072,25,10,set_balance,187.44183299713768,True,
anvil,25795072,25,10,transfer,849.0467079973314,True,
anvil,25795072,25,10,swap_eth_for_token,2214.064125000732,True,
anvil,25795072,25,10,discard,4.662749997805804,True,
anvil,25795072,25,10,acquire,833.2481670076959,True,
anvil,25795072,25,10,set_balance,144.58575000753626,True,
anvil,25795072,25,10,fund_token,141.09962500515394,True,
anvil,25795072,25,10,approve,749.6189580124337,True,
anvil,25795072,25,10,discard,4.580792010528967,True,
anvil,25795072,25,10,acquire,828.9602499862667,True,
anvil,25795072,25,10,set_balance,144.77941699442454,True,
anvil,25795072,25,10,fund_token,142.90845798677765,True,
anvil,25795072,25,10,swap_eth_for_token,2223.9249999984168,True,
anvil,25795072,25,10,discard,6.587917014257982,True,
anvil,25795072,25,10,acquire,835.6603750144131,True,
anvil,25795072,25,10,set_balance,142.99737502005883,True,
anvil,25795072,25,10,get_balance,1.6808749933261424,True,
anvil,25795072,25,10,swap_eth_for_token,2454.0174170106184,True,
anvil,25795072,25,10,discard,4.564375005429611,True,
anvil,25795072,25,10,acquire,831.5526250225957,True,
anvil,25795072,25,10,set_balance,136.2447909777984,True,
anvil,25795072,25,10,fund_token,137.03158299904317,True,
anvil,25795072,25,10,fund_token,0.643207982648164,True,
anvil,25795072,25,10,discard,4.043374996399507,True,
anvil,25795072,25,10,acquire,843.8426250068005,True,
anvil,25795072,25,10,set_balance,145.35541698569432,True,
anvil,25795072,25,10,transfer,759.0169169998262,True,
anvil,25795072,25,10,get_balance,2.606249996460974,True,
anvil,25795072,25,10,discard,4.177666007308289,True,
anvil,25795072,25,10,acquire,842.7890409948304,True,
anvil,25795072,25,10,set_balance,136.95016701240093,True,
anvil,25795072,25,10,get_balance,3.2624999876134098,True,
anvil,25795072,25,10,swap_eth_for_token,2461.468124995008,True,
anvil,25795072,25,10,discard,4.353333002654836,True,
anvil,25795072,25,11,acquire,914.5365409785882,True,
anvil,25795072,25,11,set_balance,150.09341700351797,True,
anvil,25795072,25,11,fund_token,141.11816699733026,True,
anvil,25795072,25,11,fund_token,0.8291249978356063,True,
anvil,25795072,25,11,discard,4.569333017570898,True,
anvil,25795072,25,11,acquire,836.222749989247,True,
anvil,25795072,25,11,set_balance,137.53329101018608,True,
anvil,25795072,25,11,get_balance,3.7701250112149864,True,
anvil,25795072,25,11,get_balance,2.6029169966932386,True,
anvil,25795072,25,11,discard,4.587416973663494,True,
anvil,25795072,25,11,acquire,834.112875018036,True,
anvil,25795072,25,11,set_balance,295.78204100835137,True,
anvil,25795072,25,11,fund_token,179.9133750027977,True,
anvil,25795072,25,11,get_balance,2.2734169906470925,True,
anvil,25795072,25,11,discard,4.570291988784447,True,
anvil,25795072,25,11,acquire,1268.0622090119869,True,
anvil,25795072,25,11,set_balance,330.69041700218804,True,
anvil,25795072,25,11,transfer,3065.0442090118304,True,
anvil,25795072,25,11,fund_token,276.69295799569227,True,
anvil,25795072,25,11,discard,4.728500003693625,True,
anvil,25795072,25,11,acquire,1047.9665840102825,True,
anvil,25795072,25,11,set_balance,141.49479201296344,True,
anvil,25795072,25,11,transfer,738.678166992031,True,
anvil,25795072,25,11,transfer,492.77258399524726,True,
anvil,25795072,25,11,discard,4.549166973447427,True,
anvil,25795072,25,11,acquire,843.0214580148458,True,
anvil,25795072,25,11,set_balance,140.76508302241564,True,
anvil,25795072,25,11,get_balance,1.6760829894337803,True,
anvil,25795072,25,11,transfer,734.933458006708,True,
anvil,25795072,25,11,discard,4.635792021872476,True,
anvil,25795072,25,11,acquire,836.3152499950957,True,
anvil,25795072,25,11,set_balance,136.41191701753996,True,
anvil,25795072,25,11,swap_eth_for_token,2434.2636250075884,True,
anvil,25795072,25,11,get_balance,1.5727079880889505,True,
anvil,25795072,25,11,discard,4.726542014395818,True,
anvil,25795072,25,11,acquire,834.0462910127826,True,
anvil,25795072,25,11,set_balance,145.34374998765998,True,
anvil,25795072,25,11,swap_eth_for_token,2487.563583010342,True,
anvil,25795072,25,11,transfer,511.8519160023425,True,
anvil,25795072,25,11,discard,4.223916010232642,True,
anvil,25795072,25,11,acquire,836.7372079810593,True,
anvil,25795072,25,11,set_balance,142.25720797549002,True,
anvil,25795072,25,11,fund_token,141.82537500164472,True,
anvil,25795072,25,11,fund_token,1.7262079927604645,True,
anvil,25795072,25,11,discard,4.518250003457069,True,
anvil,25795072,25,11,acquire,843.2382500031963,True,
anvil,25795072,25,11,set_balance,145.33254198613577,True,
anvil,25795072,25,11,swap_eth_for_token,2493.663083994761,True,
anvil,25795072,25,11,get_balance,2.1113329858053476,True,
anvil,25795072,25,11,discard,4.550249985186383,True,
anvil,25795072,25,12,acquire,886.8171249923762,True,
anvil,25795072,25,12,set_balance,143.13124999171123,True,
anvil,25795072,25,12,fund_token,143.855166999856,True,
anvil,25795072,25,12,approve,750.791083992226,True,
anvil,25795072,25,12,discard,1.5381249831989408,True,
anvil,25795072,25,12,acquire,823.709415999474,True,
anvil,25795072,25,12,set_balance,141.7473329929635,True,
anvil,25795072,25,12,fund_token,145.34412501961924,True,
anvil,25795072,25,12,swap_eth_for_token,9167.39995899843,True,
anvil,25795072,25,12,discard,4.573207988869399,True,
anvil,25795072,25,12,acquire,824.0615419927053,True,
anvil,25795072,25,12,set_balance,137.52220800961368,True,
anvil,25795072,25,12,swap_eth_for_token,2459.4454579928424,True,
anvil,25795072,25,12,get_balance,1.7824170063249767,True,
anvil,25795072,25,12,discard,4.570999997667968,True,
anvil,25795072,25,12,acquire,834.331916004885,True,
anvil,25795072,25,12,set_balance,137.24350000848062,True,
anvil,25795072,25,12,get_balance,1.8617090245243162,True,
anvil,25795072,25,12,swap_eth_for_token,2439.901125006145,True,
anvil,25795072,25,12,discard,4.548166994936764,True,
anvil,25795072,25,12,acquire,841.8368749844376,True,
anvil,25795072,25,12,set_balance,145.25145801599137,True,
anvil,25795072,25,12,swap_eth_for_token,2452.0103330141865,True,
anvil,25795072,25,12,transfer,519.6936670108698,True,
anvil,25795072,25,12,discard,4.6443340252153575,True,
anvil,25795072,25,12,acquire,840.2294170227833,True,
anvil,25795072,25,12,set_balance,137.8256670141127,True,
anvil,25795072,25,12,transfer,742.0818749815226,True,
anvil,25795072,25,12,fund_token,142.17554201604798,True,
anvil,25795072,25,12,discard,4.536082997219637,True,
anvil,25795072,25,12,acquire,842.6917500037234,True,
anvil,25795072,25,12,set_balance,144.97262498480268,True,
anvil,25795072,25,12,transfer,752.200333023211,True,
anvil,25795072,25,12,get_balance,4.231875005643815,True,
anvil,25795072,25,12,discard,4.286249983124435,True,
anvil,25795072,25,12,acquire,852.5739579927176,True,
anvil,25795072,25,12,set_balance,154.4163750077132,True,
anvil,25795072,25,12,fund_token,141.87108300393447,True,
anvil,25795072,25,12,transfer,740.9966669802088,True,
anvil,25795072,25,12,discard,9.216124977683648,True,
anvil,25795072,25,12,acquire,20174.884499982,False,"RuntimeError('anvil on http://127.0.0.1:19128 did not become ready in 20.0s: HTTPConnectionPool(host=\'127.0.0.1\', port=19128): Max retries exceeded with url: / (Caused by NewConnectionError(""HTTPCon"
anvil,25795072,25,12,acquire,838.8447079923935,True,
anvil,25795072,25,12,set_balance,149.10212499671616,True,
anvil,25795072,25,12,get_balance,8.477875002427027,True,
anvil,25795072,25,12,get_balance,5.462167027872056,True,
anvil,25795072,25,12,discard,4.58683300530538,True,
anvil,25795072,25,13,acquire,930.2969169802964,True,
anvil,25795072,25,13,set_balance,149.65608299826272,True,
anvil,25795072,25,13,swap_eth_for_token,2603.3448750094976,True,
anvil,25795072,25,13,get_balance,10.42808301281184,True,
anvil,25795072,25,13,discard,2.4630829866509885,True,
anvil,25795072,25,13,acquire,1489.1630420170259,True,
anvil,25795072,25,13,set_balance,547.8082089975942,True,
anvil,25795072,25,13,get_balance,2.364625019254163,True,
anvil,25795072,25,13,get_balance,1.835417002439499,True,
anvil,25795072,25,13,discard,4.57166600972414,True,
anvil,25795072,25,13,acquire,848.5754170105793,True,
anvil,25795072,25,13,set_balance,190.33012498402968,True,
anvil,25795072,25,13,transfer,1577.9210829932708,True,
anvil,25795072,25,13,swap_eth_for_token,2480.1255420024972,True,
anvil,25795072,25,13,discard,3.398332977667451,True,
anvil,25795072,25,13,acquire,833.8501249963883,True,
anvil,25795072,25,13,set_balance,134.88358398899436,True,
anvil,25795072,25,13,fund_token,143.55379200424068,True,
anvil,25795072,25,13,approve,749.4565419910941,True,
anvil,25795072,25,13,discard,4.540458990959451,True,
anvil,25795072,25,13,acquire,828.3330420090351,True,
anvil,25795072,25,13,set_balance,141.663708986016,True,
anvil,25795072,25,13,get_balance,1.628541009267792,True,
anvil,25795072,25,13,swap_eth_for_token,2451.256958011072,True,
anvil,25795072,25,13,discard,5.05933299427852,True,
anvil,25795072,25,13,acquire,839.1778749937657,True,
anvil,25795072,25,13,set_balance,139.39291599672288,True,
anvil,25795072,25,13,fund_token,144.10741699975915,True,
anvil,25795072,25,13,swap_eth_for_token,2208.502125024097,True,
anvil,25795072,25,13,discard,6.03058299748227,True,
anvil,25795072,25,13,acquire,844.2000419890974,True,
anvil,25795072,25,13,set_balance,145.65116600715555,True,
anvil,25795072,25,13,get_balance,1.91291599185206,True,
anvil,25795072,25,13,fund_token,143.9165000047069,True,
anvil,25795072,25,13,discard,4.303791996790096,True,
anvil,25795072,25,13,acquire,829.4336249819025,True,
anvil,25795072,25,13,set_balance,138.34741699974984,True,
anvil,25795072,25,13,fund_token,138.3855419990141,True,
anvil,25795072,25,13,transfer,750.1072080049198,True,
anvil,25795072,25,13,discard,2.5121670041698962,True,
anvil,25795072,25,13,acquire,838.1658750004135,True,
anvil,25795072,25,13,set_balance,141.4674170082435,True,
anvil,25795072,25,13,swap_eth_for_token,2439.7902920027263,True,
anvil,25795072,25,13,get_balance,1.4063749986235052,True,
anvil,25795072,25,13,discard,4.5404169941321015,True,
anvil,25795072,25,13,acquire,841.8320000055246,True,
anvil,25795072,25,13,set_balance,150.81520800595172,True,
anvil,25795072,25,13,fund_token,140.16383301350288,True,
anvil,25795072,25,13,swap_eth_for_token,20043.423458002508,False,"Web3RPCError('{\'code\': -32603, \'message\': \'Fork Error: Transport(Custom(reqwest::Error { kind: Request, url: ""https://mainnet.gateway.tenderly.co/YXEc9o0PFpWDR90xw86PQ"", source: hyper_util::clien"
anvil,25795072,25,13,discard,5.574792012339458,True,
anvil,25795072,25,14,acquire,687.6495420001447,True,
anvil,25795072,25,14,set_balance,149.26445798482746,True,
anvil,25795072,25,14,transfer,756.7976250138599,True,
anvil,25795072,25,14,swap_eth_for_token,4650.802624993958,True,
anvil,25795072,25,14,discard,10.376416001236066,True,
anvil,25795072,25,14,acquire,1707.4378329853062,True,
anvil,25795072,25,14,set_balance,270.3877919993829,True,
anvil,25795072,25,14,swap_eth_for_token,3256.564332987182,True,
anvil,25795072,25,14,fund_token,1.3904169900342822,True,
anvil,25795072,25,14,discard,4.6037500142119825,True,
anvil,25795072,25,14,acquire,834.7742090118118,True,
anvil,25795072,25,14,set_balance,135.8567500137724,True,
anvil,25795072,25,14,fund_token,140.02599997911602,True,
anvil,25795072,25,14,fund_token,1.6184999840334058,True,
anvil,25795072,25,14,discard,11.195625003892928,True,
anvil,25795072,25,14,acquire,831.831957999384,True,
anvil,25795072,25,14,set_balance,143.1397080013994,True,
anvil,25795072,25,14,swap_eth_for_token,2450.5521249957383,True,
anvil,25795072,25,14,swap_eth_for_token,258.22329201037064,True,
anvil,25795072,25,14,discard,3.888999985065311,True,
anvil,25795072,25,14,acquire,834.4425830000546,True,
anvil,25795072,25,14,set_balance,144.74991700262763,True,
anvil,25795072,25,14,swap_eth_for_token,2482.2014589735772,True,
anvil,25795072,25,14,get_balance,2.3337089805863798,True,
anvil,25795072,25,14,discard,4.554541985271499,True,
anvil,25795072,25,14,acquire,830.5822080001235,True,
anvil,25795072,25,14,set_balance,148.20554200559855,True,
anvil,25795072,25,14,swap_eth_for_token,2473.659375013085,True,
anvil,25795072,25,14,transfer,507.10325001273304,True,
anvil,25795072,25,14,discard,3.2585409935563803,True,
anvil,25795072,25,14,acquire,839.4233339931816,True,
anvil,25795072,25,14,set_balance,143.50224999361672,True,
anvil,25795072,25,14,transfer,740.7204170012847,True,
anvil,25795072,25,14,transfer,506.0863340040669,True,
anvil,25795072,25,14,discard,4.54233301570639,True,
anvil,25795072,25,14,acquire,849.0021670004353,True,
anvil,25795072,25,14,set_balance,140.2989579946734,True,
anvil,25795072,25,14,swap_eth_for_token,50057.93083299068,False,"Web3RPCError('{\'code\': -32603, \'message\': \'Fork Error: Transport(Custom(reqwest::Error { kind: Request, url: ""https://mainnet.gateway.tenderly.co/YXEc9o0PFpWDR90xw86PQ"", source: hyper_util::clien"
anvil,25795072,25,14,fund_token,0.809666991699487,True,
anvil,25795072,25,14,discard,1.540166005725041,True,
anvil,25795072,25,14,acquire,7333.419082977343,True,
anvil,25795072,25,14,set_balance,169.45579199818894,True,
anvil,25795072,25,14,fund_token,170.03879198455252,True,
anvil,25795072,25,14,transfer,1456.437583983643,True,
anvil,25795072,25,14,discard,5.836041993461549,True,
anvil,25795072,25,14,acquire,1500.9251250012312,True,
anvil,25795072,25,14,set_balance,147.63620801386423,True,
anvil,25795072,25,14,get_balance,7.538959005614743,True,
anvil,25795072,25,14,fund_token,139.4629169953987,True,
anvil,25795072,25,14,discard,10.77241700841114,True,
anvil,25795072,25,15,acquire,700.2046669949777,True,
anvil,25795072,25,15,set_balance,144.47670802474022,True,
anvil,25795072,25,15,get_balance,9.784124995348975,True,
anvil,25795072,25,15,transfer,762.3666249855887,True,
anvil,25795072,25,15,discard,4.626750014722347,True,
anvil,25795072,25,15,acquire,826.0985410015564,True,
anvil,25795072,25,15,set_balance,149.0347500075586,True,
anvil,25795072,25,15,get_balance,2.674540999578312,True,
anvil,25795072,25,15,transfer,826.1216669925489,True,
anvil,25795072,25,15,discard,3.8825410010758787,True,
anvil,25795072,25,15,acquire,1479.5083749922924,True,
anvil,25795072,25,15,set_balance,671.5616669971496,True,
anvil,25795072,25,15,swap_eth_for_token,4407.141542003956,True,
anvil,25795072,25,15,transfer,502.51633301377296,True,
anvil,25795072,25,15,discard,3.5828750114887953,True,
anvil,25795072,25,15,acquire,842.797374993097,True,
anvil,25795072,25,15,set_balance,146.00550002069212,True,
anvil,25795072,25,15,fund_token,149.183958012145,True,
anvil,25795072,25,15,swap_eth_for_token,2219.9919590202626,True,
anvil,25795072,25,15,discard,4.4527919963002205,True,
anvil,25795072,25,15,acquire,845.655875018565,True,
anvil,25795072,25,15,set_balance,139.24708298873156,True,
anvil,25795072,25,15,swap_eth_for_token,2446.9137499982025,True,
anvil,25795072,25,15,get_balance,5.958458001259714,True,
anvil,25795072,25,15,discard,1.701208995655179,True,
anvil,25795072,25,15,acquire,837.2842079843394,True,
anvil,25795072,25,15,set_balance,142.57504101260565,True,
anvil,25795072,25,15,swap_eth_for_token,2463.7702080071904,True,
anvil,25795072,25,15,get_balance,2.7571250102482736,True,
anvil,25795072,25,15,discard,4.576292005367577,True,
anvil,25795072,25,15,acquire,843.6256659915671,True,
anvil,25795072,25,15,set_balance,139.72479198127985,True,
anvil,25795072,25,15,fund_token,144.96666702325456,True,
anvil,25795072,25,15,approve,744.3550410098396,True,
anvil,25795072,25,15,discard,4.588207986671478,True,
anvil,25795072,25,15,acquire,846.435624989681,True,
anvil,25795072,25,15,set_balance,143.31029198365286,True,
anvil,25795072,25,15,fund_token,140.18299998133443,True,
anvil,25795072,25,15,fund_token,1.9448329985607415,True,
anvil,25795072,25,15,discard,4.542874987237155,True,
anvil,25795072,25,15,acquire,833.5280419851188,True,
anvil,25795072,25,15,set_balance,143.32224999088794,True,
anvil,25795072,25,15,fund_token,139.99333398533054,True,
anvil,25795072,25,15,fund_token,0.6523750198539346,True,
anvil,25795072,25,15,discard,1.5219160122796893,True,
anvil,25795072,25,15,acquire,632.2669590008445,True,
anvil,25795072,25,15,set_balance,139.36216599540785,True,
anvil,25795072,25,15,transfer,736.4732080022804,True,
anvil,25795072,25,15,transfer,491.8012499983888,True,
anvil,25795072,25,15,discard,7.506666996050626,True,
anvil,25795072,25,16,acquire,699.5032500126399,True,
anvil,25795072,25,16,set_balance,143.0791660095565,True,
anvil,25795072,25,16,swap_eth_for_token,2573.3199999958742,True,
anvil,25795072,25,16,fund_token,1.11554199247621,True,
anvil,25795072,25,16,discard,4.612916993210092,True,
anvil,25795072,25,16,acquire,1273.1677909905557,True,
anvil,25795072,25,16,set_balance,222.76512498501688,True,
anvil,25795072,25,16,fund_token,251.37837501824833,True,
anvil,25795072,25,16,fund_token,10.822958021890372,True,
anvil,25795072,25,16,discard,4.5896670198999345,True,
anvil,25795072,25,16,acquire,2129.1383749921806,True,
anvil,25795072,25,16,set_balance,1852.0930829981808,True,
anvil,25795072,25,16,fund_token,154.05470799305476,True,
anvil,25795072,25,16,get_balance,3.3092499943450093,True,
anvil,25795072,25,16,discard,4.561292007565498,True,
anvil,25795072,25,16,acquire,832.5648329919204,True,
anvil,25795072,25,16,set_balance,143.06775000295602,True,
anvil,25795072,25,16,transfer,750.5749159900006,True,
anvil,25795072,25,16,swap_eth_for_token,2225.557916011894,True,
anvil,25795072,25,16,discard,4.549834004137665,True,
anvil,25795072,25,16,acquire,835.9577909868676,True,
anvil,25795072,25,16,set_balance,138.41054099611938,True,
anvil,25795072,25,16,get_balance,2.2157920175231993,True,
anvil,25795072,25,16,transfer,722.9574999946635,True,
anvil,25795072,25,16,discard,3.980540990596637,True,
anvil,25795072,25,16,acquire,841.6457079874817,True,
anvil,25795072,25,16,set_balance,141.4464169938583,True,
anvil,25795072,25,16,swap_eth_for_token,2450.519667007029,True,
anvil,25795072,25,16,get_balance,2.2194170160219073,True,
anvil,25795072,25,16,discard,3.7495410069823265,True,
anvil,25795072,25,16,acquire,835.8344999724068,True,
anvil,25795072,25,16,set_balance,148.36579098482616,True,
anvil,25795072,25,16,fund_token,140.03079201211222,True,
anvil,25795072,25,16,approve,738.9837079972494,True,
anvil,25795072,25,16,discard,5.542540980968624,True,
anvil,25795072,25,16,acquire,839.8624999972526,True,
anvil,25795072,25,16,set_balance,138.078084011795,True,
anvil,25795072,25,16,swap_eth_for_token,2450.105583004188,True,
anvil,25795072,25,16,swap_eth_for_token,248.84145898977295,True,
anvil,25795072,25,16,discard,3.825541993137449,True,
anvil,25795072,25,16,acquire,838.5721670056228,True,
anvil,25795072,25,16,set_balance,144.32304198271595,True,
anvil,25795072,25,16,transfer,735.021999978926,True,
anvil,25795072,25,16,fund_token,143.50520799052902,True,
anvil,25795072,25,16,discard,2.356625016545877,True,
anvil,25795072,25,16,acquire,874.7145840025041,True,
anvil,25795072,25,16,set_balance,152.06920800847,True,
anvil,25795072,25,16,get_balance,4.881291999481618,True,
anvil,25795072,25,16,transfer,750.0490410020575,True,
anvil,25795072,25,16,discard,3.452000004472211,True,
anvil,25795072,25,17,acquire,912.7483750053216,True,
anvil,25795072,25,17,set_balance,145.0939170026686,True,
anvil,25795072,25,17,fund_token,143.98362502106465,True,
anvil,25795072,25,17,swap_eth_for_token,2466.6396669927053,True,
anvil,25795072,25,17,discard,4.998874996090308,True,
anvil,25795072,25,17,acquire,2993.00904199481,True,
anvil,25795072,25,17,set_balance,188.50000001839362,True,
anvil,25795072,25,17,get_balance,3.8065000262577087,True,
anvil,25795072,25,17,transfer,1266.4278330048546,True,
anvil,25795072,25,17,discard,4.666374996304512,True,
anvil,25795072,25,17,acquire,1680.6235830008518,True,
anvil,25795072,25,17,set_balance,135.6627499917522,True,
anvil,25795072,25,17,get_balance,1.7183330201078206,True,
anvil,25795072,25,17,fund_token,137.47787498869002,True,
anvil,25795072,25,17,discard,4.362957988632843,True,
anvil,25795072,25,17,acquire,838.804250000976,True,
anvil,25795072,25,17,set_balance,142.52904200111516,True,
anvil,25795072,25,17,swap_eth_for_token,2461.592584004393,True,
anvil,25795072,25,17,get_balance,1.4656670100521296,True,
anvil,25795072,25,17,discard,4.548666998744011,True,
anvil,25795072,25,17,acquire,824.3976660014596,True,
anvil,25795072,25,17,set_balance,141.6671659972053,True,
anvil,25795072,25,17,get_balance,4.5747920230496675,True,
anvil,25795072,25,17,get_balance,4.69133400474675,True,
anvil,25795072,25,17,discard,4.553542006760836,True,
anvil,25795072,25,17,acquire,840.2960829844233,True,
anvil,25795072,25,17,set_balance,139.7435830149334,True,
anvil,25795072,25,17,swap_eth_for_token,2429.194166994421,True,
anvil,25795072,25,17,transfer,490.5109159881249,True,
anvil,25795072,25,17,discard,4.963916988344863,True,
anvil,25795072,25,17,acquire,828.5804579791147,True,
anvil,25795072,25,17,set_balance,136.91908397595398,True,
anvil,25795072,25,17,fund_token,136.95204199757427,True,
anvil,25795072,25,17,approve,741.3700000033714,True,
anvil,25795072,25,17,discard,4.574999999022111,True,
anvil,25795072,25,17,acquire,831.0632920183707,True,
anvil,25795072,25,17,set_balance,140.85537500795908,True,
anvil,25795072,25,17,fund_token,140.19483397714794,True,
anvil,25795072,25,17,transfer,750.6796670204494,True,
anvil,25795072,25,17,discard,4.5993750100024045,True,
anvil,25795072,25,17,acquire,841.3894579862244,True,
anvil,25795072,25,17,set_balance,144.06116597820073,True,
anvil,25795072,25,17,swap_eth_for_token,2423.7772909982596,True,
anvil,25795072,25,17,swap_eth_for_token,253.86508298106492,True,
anvil,25795072,25,17,discard,4.563166992738843,True,
anvil,25795072,25,17,acquire,838.4065420250408,True,
anvil,25795072,25,17,set_balance,143.76695902319625,True,
anvil,25795072,25,17,fund_token,160.7078340020962,True,
anvil,25795072,25,17,approve,773.8800419901963,True,
anvil,25795072,25,17,discard,4.556040978059173,True,
anvil,25795072,25,18,acquire,914.0242080029566,True,
anvil,25795072,25,18,set_balance,139.9634999979753,True,
anvil,25795072,25,18,get_balance,10.739624995039776,True,
anvil,25795072,25,18,fund_token,142.09704101085663,True,
anvil,25795072,25,18,discard,1.533207978354767,True,
anvil,25795072,25,18,acquire,837.9014579986688,True,
anvil,25795072,25,18,set_balance,136.14262497867458,True,
anvil,25795072,25,18,get_balance,6.581333000212908,True,
anvil,25795072,25,18,fund_token,140.0337909872178,True,
anvil,25795072,25,18,discard,4.543957998976111,True,
anvil,25795072,25,18,acquire,829.6879999979865,True,
anvil,25795072,25,18,set_balance,148.13783302088268,True,
anvil,25795072,25,18,get_balance,16.212958988035098,True,
anvil,25795072,25,18,swap_eth_for_token,5247.518249991117,True,
anvil,25795072,25,18,discard,4.675625008530915,True,
anvil,25795072,25,18,acquire,1484.4921250187326,True,
anvil,25795072,25,18,set_balance,135.44645797810517,True,
anvil,25795072,25,18,swap_eth_for_token,2421.6240420064423,True,
anvil,25795072,25,18,swap_eth_for_token,252.37091700546443,True,
anvil,25795072,25,18,discard,4.549290984869003,True,
anvil,25795072,25,18,acquire,827.3458750045393,True,
anvil,25795072,25,18,set_balance,146.56420901883394,True,
anvil,25795072,25,18,swap_eth_for_token,2483.4386250004172,True,
anvil,25795072,25,18,get_balance,5.443083995487541,True,
anvil,25795072,25,18,discard,4.577499988954514,True,
anvil,25795072,25,18,acquire,834.3605000118259,True,
anvil,25795072,25,18,set_balance,135.93920800485648,True,
anvil,25795072,25,18,get_balance,2.2272080241236836,True,
anvil,25795072,25,18,swap_eth_for_token,2426.650416018674,True,
anvil,25795072,25,18,discard,4.568791977362707,True,
anvil,25795072,25,18,acquire,842.5315419735853,True,
anvil,25795072,25,18,set_balance,142.43312500184402,True,
anvil,25795072,25,18,fund_token,139.39670799300075,True,
anvil,25795072,25,18,swap_eth_for_token,2193.7620409880765,True,
anvil,25795072,25,18,discard,4.76195800001733,True,
anvil,25795072,25,18,acquire,821.844542020699,True,
anvil,25795072,25,18,set_balance,137.75412499671802,True,
anvil,25795072,25,18,transfer,727.0379160181619,True,
anvil,25795072,25,18,fund_token,139.04770798399113,True,
anvil,25795072,25,18,discard,1.5382500132545829,True,
anvil,25795072,25,18,acquire,822.5815829937346,True,
anvil,25795072,25,18,set_balance,138.6117079819087,True,
anvil,25795072,25,18,fund_token,147.93404200463556,True,
anvil,25795072,25,18,approve,771.1509590153582,True,
anvil,25795072,25,18,discard,9.82504099374637,True,
anvil,25795072,25,18,acquire,849.3755829986185,True,
anvil,25795072,25,18,set_balance,137.80925000901334,True,
anvil,25795072,25,18,swap_eth_for_token,19318.041000020457,False,"Web3RPCError('{\'code\': -32603, \'message\': \'Fork Error: Transport(Custom(reqwest::Error { kind: Request, url: ""https://mainnet.gateway.tenderly.co/YXEc9o0PFpWDR90xw86PQ"", source: hyper_util::clien"
anvil,25795072,25,18,swap_eth_for_token,14.81600000988692,False,"Web3RPCError(""{'code': -32003, 'message': 'replacement transaction underpriced'}"")"
anvil,25795072,25,18,discard,4.561584006296471,True,
anvil,25795072,25,19,acquire,898.241249989951,True,
anvil,25795072,25,19,set_balance,145.2690000005532,True,
anvil,25795072,25,19,transfer,754.82341600582,True,
anvil,25795072,25,19,get_balance,1.8028750200755894,True,
anvil,25795072,25,19,discard,4.546125011984259,True,
anvil,25795072,25,19,acquire,830.5203339841682,True,
anvil,25795072,25,19,set_balance,141.80824998766184,True,
anvil,25795072,25,19,swap_eth_for_token,5375.171166000655,True,
anvil,25795072,25,19,get_balance,3.104625007836148,True,
anvil,25795072,25,19,discard,4.544040973996744,True,
anvil,25795072,25,19,acquire,1472.6812919834629,True,
anvil,25795072,25,19,set_balance,142.52533297985792,True,
anvil,25795072,25,19,transfer,734.5445420069154,True,
anvil,25795072,25,19,fund_token,141.04229101212695,True,
anvil,25795072,25,19,discard,4.544167022686452,True,
anvil,25795072,25,19,acquire,838.6950829881243,True,
anvil,25795072,25,19,set_balance,146.44966600462794,True,
anvil,25795072,25,19,swap_eth_for_token,2493.042084010085,True,
anvil,25795072,25,19,swap_eth_for_token,258.1075839989353,True,
anvil,25795072,25,19,discard,4.553167003905401,True,
anvil,25795072,25,19,acquire,828.974083007779,True,
anvil,25795072,25,19,set_balance,139.17974999640137,True,
anvil,25795072,25,19,transfer,743.8473749789409,True,
anvil,25795072,25,19,transfer,502.07704200875014,True,
anvil,25795072,25,19,discard,4.1118749941233546,True,
anvil,25795072,25,19,acquire,841.5864999988116,True,
anvil,25795072,25,19,set_balance,143.77587498165667,True,
anvil,25795072,25,19,transfer,738.7709580070805,True,
anvil,25795072,25,19,fund_token,141.94874998065643,True,
anvil,25795072,25,19,discard,4.539959016256034,True,
anvil,25795072,25,19,acquire,829.0517500136048,True,
anvil,25795072,25,19,set_balance,143.6364590190351,True,
anvil,25795072,25,19,transfer,755.8722080138978,True,
anvil,25795072,25,19,transfer,515.1344999903813,True,
anvil,25795072,25,19,discard,2.666584012331441,True,
anvil,25795072,25,19,acquire,835.2571249997709,True,
anvil,25795072,25,19,set_balance,138.1762910168618,True,
anvil,25795072,25,19,fund_token,146.9940830138512,True,
anvil,25795072,25,19,fund_token,7.083624979713932,True,
anvil,25795072,25,19,discard,5.874750000657514,True,
anvil,25795072,25,19,acquire,827.519416983705,True,
anvil,25795072,25,19,set_balance,141.4002089877613,True,
anvil,25795072,25,19,get_balance,1.8166250083595514,True,
anvil,25795072,25,19,get_balance,1.6137079801410437,True,
anvil,25795072,25,19,discard,4.542915994534269,True,
anvil,25795072,25,19,acquire,821.5156249934807,True,
anvil,25795072,25,19,set_balance,140.30874997843057,True,
anvil,25795072,25,19,get_balance,4.1813330026343465,True,
anvil,25795072,25,19,get_balance,1.4197500131558627,True,
anvil,25795072,25,19,discard,4.544833005638793,True,
anvil,25795072,25,20,acquire,885.8837500156369,True,
anvil,25795072,25,20,set_balance,140.54012499400415,True,
anvil,25795072,25,20,get_balance,1.7871669842861593,True,
anvil,25795072,25,20,transfer,733.2237910013646,True,
anvil,25795072,25,20,discard,4.568375006783754,True,
anvil,25795072,25,20,acquire,826.0655410122126,True,
anvil,25795072,25,20,set_balance,139.0021659899503,True,
anvil,25795072,25,20,get_balance,2.5012090045493096,True,
anvil,25795072,25,20,fund_token,144.73920801538043,True,
anvil,25795072,25,20,discard,4.648792004445568,True,
anvil,25795072,25,20,acquire,1048.33895797492,True,
anvil,25795072,25,20,set_balance,290.2602079848293,True,
anvil,25795072,25,20,transfer,1598.5175000096206,True,
anvil,25795072,25,20,get_balance,2.0382079819682986,True,
anvil,25795072,25,20,discard,4.5737079926766455,True,
anvil,25795072,25,20,acquire,1262.7314580022357,True,
anvil,25795072,25,20,set_balance,278.8632910232991,True,
anvil,25795072,25,20,fund_token,1783.8076670013834,True,
anvil,25795072,25,20,fund_token,5.064874974777922,True,
anvil,25795072,25,20,discard,4.760333016747609,True,
anvil,25795072,25,20,acquire,854.6144999854732,True,
anvil,25795072,25,20,set_balance,147.0161659817677,True,
anvil,25795072,25,20,get_balance,2.8182909882161766,True,
anvil,25795072,25,20,swap_eth_for_token,2453.861375019187,True,
anvil,25795072,25,20,discard,2.8946250095032156,True,
anvil,25795072,25,20,acquire,833.5943749989383,True,
anvil,25795072,25,20,set_balance,136.75641699228436,True,
anvil,25795072,25,20,fund_token,135.6158749840688,True,
anvil,25795072,25,20,approve,746.5411660086829,True,
anvil,25795072,25,20,discard,4.578833992127329,True,
anvil,25795072,25,20,acquire,833.9161670010071,True,
anvil,25795072,25,20,set_balance,142.645750020165,True,
anvil,25795072,25,20,transfer,758.2865419972222,True,
anvil,25795072,25,20,get_balance,2.0181250001769513,True,
anvil,25795072,25,20,discard,4.562165995594114,True,
anvil,25795072,25,20,acquire,836.0345829860307,True,
anvil,25795072,25,20,set_balance,137.52150000073016,True,
anvil,25795072,25,20,get_balance,2.0025410049129277,True,
anvil,25795072,25,20,transfer,734.5344579953235,True,
anvil,25795072,25,20,discard,4.568042000755668,True,
anvil,25795072,25,20,acquire,844.7442080068868,True,
anvil,25795072,25,20,set_balance,142.18183400225826,True,
anvil,25795072,25,20,swap_eth_for_token,2462.2039170062635,True,
anvil,25795072,25,20,swap_eth_for_token,259.3972089816816,True,
anvil,25795072,25,20,discard,4.555874998914078,True,
anvil,25795072,25,20,acquire,837.5929169997107,True,
anvil,25795072,25,20,set_balance,136.89258298836648,True,
anvil,25795072,25,20,get_balance,1.549957989482209,True,
anvil,25795072,25,20,transfer,745.7902079913765,True,
anvil,25795072,25,20,discard,6.310291006229818,True,
anvil,25795072,25,21,acquire,885.7568340026774,True,
anvil,25795072,25,21,set_balance,145.66008298425004,True,
anvil,25795072,25,21,get_balance,1.4092500205151737,True,
anvil,25795072,25,21,fund_token,140.01879098941572,True,
anvil,25795072,25,21,discard,1.5787080046720803,True,
anvil,25795072,25,21,acquire,828.8346249901224,True,
anvil,25795072,25,21,set_balance,139.59775000694208,True,
anvil,25795072,25,21,fund_token,140.30179200926796,True,
anvil,25795072,25,21,fund_token,1.4085829898249358,True,
anvil,25795072,25,21,discard,4.237750021275133,True,
anvil,25795072,25,21,acquire,831.9665000017267,True,
anvil,25795072,25,21,set_balance,162.01095801079646,True,
anvil,25795072,25,21,get_balance,6.058291997760534,True,
anvil,25795072,25,21,transfer,4499.144708010135,True,
anvil,25795072,25,21,discard,4.6008339850232005,True,
anvil,25795072,25,21,acquire,2709.1641669976525,True,
anvil,25795072,25,21,set_balance,140.97491698339581,True,
anvil,25795072,25,21,fund_token,141.98891699197702,True,
anvil,25795072,25,21,get_balance,2.1297500061336905,True,
anvil,25795072,25,21,discard,4.569833021378145,True,
anvil,25795072,25,21,acquire,832.2848330135457,True,
anvil,25795072,25,21,set_balance,150.5644170101732,True,
anvil,25795072,25,21,get_balance,5.01954200444743,True,
anvil,25795072,25,21,fund_token,148.76954100327566,True,
anvil,25795072,25,21,discard,1.5255409816745669,True,
anvil,25795072,25,21,acquire,838.4598749980796,True,
anvil,25795072,25,21,set_balance,139.15641698986292,True,
anvil,25795072,25,21,fund_token,142.03016698593274,True,
anvil,25795072,25,21,swap_eth_for_token,2202.677167020738,True,
anvil,25795072,25,21,discard,4.548833006992936,True,
anvil,25795072,25,21,acquire,823.8121249887627,True,
anvil,25795072,25,21,set_balance,149.59354198072106,True,
anvil,25795072,25,21,transfer,758.8858329982031,True,
anvil,25795072,25,21,transfer,519.0855420078151,True,
anvil,25795072,25,21,discard,6.535708991577849,True,
anvil,25795072,25,21,acquire,832.0767499972135,True,
anvil,25795072,25,21,set_balance,145.49020800041035,True,
anvil,25795072,25,21,transfer,742.2634589893278,True,
anvil,25795072,25,21,transfer,497.8362910042051,True,
anvil,25795072,25,21,discard,4.297959007089958,True,
anvil,25795072,25,21,acquire,825.0753339962102,True,
anvil,25795072,25,21,set_balance,140.64124997821636,True,
anvil,25795072,25,21,get_balance,10.100541025167331,True,
anvil,25795072,25,21,fund_token,137.677042017458,True,
anvil,25795072,25,21,discard,1.5228750125970691,True,
anvil,25795072,25,21,acquire,833.6076670093462,True,
anvil,25795072,25,21,set_balance,146.46041599917226,True,
anvil,25795072,25,21,get_balance,2.5559999921824783,True,
anvil,25795072,25,21,transfer,744.7130839864258,True,
anvil,25795072,25,21,discard,4.545415984466672,True,
anvil,25795072,25,22,acquire,875.1050839782692,True,
anvil,25795072,25,22,set_balance,158.25183401466347,True,
anvil,25795072,25,22,get_balance,9.068291983567178,True,
anvil,25795072,25,22,transfer,750.9427499899175,True,
anvil,25795072,25,22,discard,4.537750006420538,True,
anvil,25795072,25,22,acquire,841.1066670087166,True,
anvil,25795072,25,22,set_balance,146.76704202429391,True,
anvil,25795072,25,22,get_balance,2.233832987258211,True,
anvil,25795072,25,22,swap_eth_for_token,4724.309208017075,True,
anvil,25795072,25,22,discard,4.576499981340021,True,
anvil,25795072,25,22,acquire,1045.8454170147888,True,
anvil,25795072,25,22,set_balance,264.66566702583805,True,
anvil,25795072,25,22,get_balance,3.3377920044586062,True,
anvil,25795072,25,22,transfer,801.22495899559,True,
anvil,25795072,25,22,discard,4.591958015225828,True,
anvil,25795072,25,22,acquire,830.0386250193696,True,
anvil,25795072,25,22,set_balance,135.35616599256173,True,
anvil,25795072,25,22,get_balance,2.0485830027610064,True,
anvil,25795072,25,22,transfer,751.2959169980604,True,
anvil,25795072,25,22,discard,4.570166987832636,True,
anvil,25795072,25,22,acquire,835.2971660206094,True,
anvil,25795072,25,22,set_balance,137.9287080198992,True,
anvil,25795072,25,22,swap_eth_for_token,2452.9927920084447,True,
anvil,25795072,25,22,fund_token,1.9076669996138662,True,
anvil,25795072,25,22,discard,4.316250007832423,True,
anvil,25795072,25,22,acquire,836.2192499917,True,
anvil,25795072,25,22,set_balance,138.92145900172181,True,
anvil,25795072,25,22,get_balance,1.8747090070974082,True,
anvil,25795072,25,22,transfer,740.0817910092883,True,
anvil,25795072,25,22,discard,4.559416003758088,True,
anvil,25795072,25,22,acquire,830.6732499913778,True,
anvil,25795072,25,22,set_balance,140.44250000733882,True,
anvil,25795072,25,22,swap_eth_for_token,2486.5320419776253,True,
anvil,25795072,25,22,get_balance,2.165874990168959,True,
anvil,25795072,25,22,discard,4.551124991849065,True,
anvil,25795072,25,22,acquire,829.4308329932392,True,
anvil,25795072,25,22,set_balance,143.37995799724013,True,
anvil,25795072,25,22,swap_eth_for_token,2460.407167003723,True,
anvil,25795072,25,22,swap_eth_for_token,260.84362500114366,True,
anvil,25795072,25,22,discard,4.5530830102507025,True,
anvil,25795072,25,22,acquire,829.0717499912716,True,
anvil,25795072,25,22,set_balance,145.91658298741095,True,
anvil,25795072,25,22,get_balance,2.0742089836858213,True,
anvil,25795072,25,22,transfer,738.3010830089916,True,
anvil,25795072,25,22,discard,4.598500003339723,True,
anvil,25795072,25,22,acquire,838.427959010005,True,
anvil,25795072,25,22,set_balance,137.3667920124717,True,
anvil,25795072,25,22,transfer,604.5674580091145,True,
anvil,25795072,25,22,swap_eth_for_token,20059.43062499864,False,"Web3RPCError('{\'code\': -32603, \'message\': \'Fork Error: Transport(Custom(reqwest::Error { kind: Request, url: ""https://mainnet.gateway.tenderly.co/YXEc9o0PFpWDR90xw86PQ"", source: hyper_util::clien"
anvil,25795072,25,22,discard,4.6330830082297325,True,
anvil,25795072,25,23,acquire,886.9297499768436,True,
anvil,25795072,25,23,set_balance,141.83412498096004,True,
anvil,25795072,25,23,swap_eth_for_token,2476.728792011272,True,
anvil,25795072,25,23,transfer,2078.377833007835,True,
anvil,25795072,25,23,discard,4.549334000330418,True,
anvil,25795072,25,23,acquire,2535.7008329883683,True,
anvil,25795072,25,23,set_balance,282.1054169908166,True,
anvil,25795072,25,23,fund_token,459.5975420088507,True,
anvil,25795072,25,23,approve,844.131624995498,True,
anvil,25795072,25,23,discard,4.542500013485551,True,
anvil,25795072,25,23,acquire,833.9977910218295,True,
anvil,25795072,25,23,set_balance,150.34066699445248,True,
anvil,25795072,25,23,get_balance,1.679499982856214,True,
anvil,25795072,25,23,fund_token,146.62970800418407,True,
anvil,25795072,25,23,discard,4.52141699497588,True,
anvil,25795072,25,23,acquire,847.7638330077752,True,
anvil,25795072,25,23,set_balance,145.02329198876396,True,
anvil,25795072,25,23,get_balance,1.4553749933838844,True,
anvil,25795072,25,23,transfer,752.2567499836441,True,
anvil,25795072,25,23,discard,4.548917000647634,True,
anvil,25795072,25,23,acquire,834.5432500063907,True,
anvil,25795072,25,23,set_balance,142.26487497217022,True,
anvil,25795072,25,23,transfer,758.5772500024177,True,
anvil,25795072,25,23,fund_token,143.00345900119282,True,
anvil,25795072,25,23,discard,4.172417015070096,True,
anvil,25795072,25,23,acquire,836.047332995804,True,
anvil,25795072,25,23,set_balance,141.30508300149813,True,
anvil,25795072,25,23,fund_token,137.83533399691805,True,
anvil,25795072,25,23,transfer,741.2525830150116,True,
anvil,25795072,25,23,discard,4.560749977827072,True,
anvil,25795072,25,23,acquire,821.5354999992996,True,
anvil,25795072,25,23,set_balance,140.68733298336156,True,
anvil,25795072,25,23,transfer,746.8077910016291,True,
anvil,25795072,25,23,get_balance,1.6241249977611005,True,
anvil,25795072,25,23,discard,4.553040984319523,True,
anvil,25795072,25,23,acquire,850.954958004877,True,
anvil,25795072,25,23,set_balance,139.86175000900403,True,
anvil,25795072,25,23,swap_eth_for_token,2471.363457996631,True,
anvil,25795072,25,23,swap_eth_for_token,257.03812498250045,True,
anvil,25795072,25,23,discard,2.4952499952632934,True,
anvil,25795072,25,23,acquire,836.369458003901,True,
anvil,25795072,25,23,set_balance,138.63375000073574,True,
anvil,25795072,25,23,transfer,738.3523750177119,True,
anvil,25795072,25,23,get_balance,2.2699580003973097,True,
anvil,25795072,25,23,discard,4.606708011124283,True,
anvil,25795072,25,23,acquire,837.3194999876432,True,
anvil,25795072,25,23,set_balance,139.99450000119396,True,
anvil,25795072,25,23,fund_token,139.0945000166539,True,
anvil,25795072,25,23,get_balance,2.243708004243672,True,
anvil,25795072,25,23,discard,4.567750002024695,True,
anvil,25795072,25,24,acquire,874.5072080055252,True,
anvil,25795072,25,24,set_balance,144.92987500852905,True,
anvil,25795072,25,24,fund_token,151.02812499389984,True,
anvil,25795072,25,24,get_balance,2.3319580068346113,True,
anvil,25795072,25,24,discard,2.059999998891726,True,
anvil,25795072,25,24,acquire,833.7620410020463,True,
anvil,25795072,25,24,set_balance,137.74529201327823,True,
anvil,25795072,25,24,get_balance,3.2966670114547014,True,
anvil,25795072,25,24,transfer,773.3930419781245,True,
anvil,25795072,25,24,discard,4.583500005537644,True,
anvil,25795072,25,24,acquire,1468.9175410021562,True,
anvil,25795072,25,24,set_balance,310.00287499045953,True,
anvil,25795072,25,24,swap_eth_for_token,4432.9312079935335,True,
anvil,25795072,25,24,fund_token,3.1804580066818744,True,
anvil,25795072,25,24,discard,6.416707998141646,True,
anvil,25795072,25,24,acquire,848.0428750044666,True,
anvil,25795072,25,24,set_balance,141.78274999721907,True,
anvil,25795072,25,24,transfer,733.0882090027444,True,
anvil,25795072,25,24,get_balance,1.644000003580004,True,
anvil,25795072,25,24,discard,4.68791599269025,True,
anvil,25795072,25,24,acquire,828.1354590144474,True,
anvil,25795072,25,24,set_balance,137.8346249985043,True,
anvil,25795072,25,24,fund_token,140.96374998916872,True,
anvil,25795072,25,24,fund_token,0.8085830195341259,True,
anvil,25795072,25,24,discard,3.7745420122519135,True,
anvil,25795072,25,24,acquire,820.0371660059318,True,
anvil,25795072,25,24,set_balance,140.88845800142735,True,
anvil,25795072,25,24,swap_eth_for_token,2442.5146669964306,True,
anvil,25795072,25,24,swap_eth_for_token,264.7035420231987,True,
anvil,25795072,25,24,discard,4.5436669897753745,True,
anvil,25795072,25,24,acquire,834.163666004315,True,
anvil,25795072,25,24,set_balance,138.19370899000205,True,
anvil,25795072,25,24,transfer,734.4562080106698,True,
anvil,25795072,25,24,transfer,496.92229100037366,True,
anvil,25795072,25,24,discard,4.599291976774111,True,
anvil,25795072,25,24,acquire,832.1333749918267,True,
anvil,25795072,25,24,set_balance,135.43458300409839,True,
anvil,25795072,25,24,swap_eth_for_token,2451.9396669929847,True,
anvil,25795072,25,24,transfer,493.0783750023693,True,
anvil,25795072,25,24,discard,2.812499995343387,True,
anvil,25795072,25,24,acquire,838.9721249986906,True,
anvil,25795072,25,24,set_balance,136.97145800688304,True,
anvil,25795072,25,24,transfer,749.2054580070544,True,
anvil,25795072,25,24,get_balance,1.6887920210137963,True,
anvil,25795072,25,24,discard,4.552208993118256,True,
anvil,25795072,25,24,acquire,824.7053750092164,True,
anvil,25795072,25,24,set_balance,139.04587502474897,True,
anvil,25795072,25,24,swap_eth_for_token,2478.156833007233,True,
anvil,25795072,25,24,swap_eth_for_token,295.449124998413,True,
anvil,25795072,25,24,discard,4.607958981068805,True,
anvil,25795072,25,-1,__total__,88068.06908297585,False,
