backend,block_height,num_agents,agent_id,action,elapsed_ms,ok,error
forkyard,25795072,1,0,acquire,3.9487909816671163,True,
forkyard,25795072,1,0,set_balance,234.36662499443628,True,
forkyard,25795072,1,0,fund_token,4.230249993270263,True,
forkyard,25795072,1,0,transfer,303.8507919991389,True,
forkyard,25795072,1,0,approve,317.244625010062,True,
forkyard,25795072,1,0,swap_eth_for_token,1789.0198749955744,True,
forkyard,25795072,1,0,swap_eth_for_token,22.311833017738536,True,
forkyard,25795072,1,0,discard,1.1967500031460077,True,
forkyard,25795072,1,-1,__total__,2685.5755829892587,True,
anvil,25795072,1,0,acquire,867.2171249927487,True,
anvil,25795072,1,0,set_balance,151.7730829946231,True,
anvil,25795072,1,0,fund_token,152.58774999529123,True,
anvil,25795072,1,0,transfer,831.3486250117421,True,
anvil,25795072,1,0,approve,537.5930420123041,True,
anvil,25795072,1,0,swap_eth_for_token,3330.6623749958817,True,
anvil,25795072,1,0,swap_eth_for_token,291.53729099198245,True,
anvil,25795072,1,0,discard,4.6196249895729125,True,
anvil,25795072,1,-1,__total__,6178.734875022201,True,
forkyard,25795072,10,0,acquire,15.814082988072187,True,
forkyard,25795072,10,0,set_balance,565.4498749936465,True,
forkyard,25795072,10,0,fund_token,8.460499986540526,True,
forkyard,25795072,10,0,transfer,596.8301669927314,True,
forkyard,25795072,10,0,approve,504.88229098846205,True,
forkyard,25795072,10,0,swap_eth_for_token,1050.5712909798604,True,
forkyard,25795072,10,0,swap_eth_for_token,42.20287498901598,True,
forkyard,25795072,10,0,discard,0.7024579972494394,True,
forkyard,25795072,10,1,acquire,16.982957982691005,True,
forkyard,25795072,10,1,set_balance,581.7076250095852,True,
forkyard,25795072,10,1,get_balance,22.495833021821454,True,
forkyard,25795072,10,1,swap_eth_for_token,2161.7731250007637,True,
forkyard,25795072,10,1,fund_token,9.312250011134893,True,
forkyard,25795072,10,1,fund_token,6.526042008772492,True,
forkyard,25795072,10,1,get_balance,148.91654200619087,True,
forkyard,25795072,10,1,discard,15.005875000497326,True,
forkyard,25795072,10,2,acquire,19.84212500974536,True,
forkyard,25795072,10,2,set_balance,726.2912499718368,True,
forkyard,25795072,10,2,transfer,1882.5182500004303,True,
forkyard,25795072,10,2,transfer,454.8273750115186,True,
forkyard,25795072,10,2,get_balance,15.59920801082626,True,
forkyard,25795072,10,2,swap_eth_for_token,321.87866599997506,True,
forkyard,25795072,10,2,transfer,311.35829200502485,True,
forkyard,25795072,10,2,discard,0.6432500085793436,True,
forkyard,25795072,10,3,acquire,12.442125007510185,True,
forkyard,25795072,10,3,set_balance,587.8618340066168,True,
forkyard,25795072,10,3,get_balance,140.49570899805985,True,
forkyard,25795072,10,3,swap_eth_for_token,2052.833291993011,True,
forkyard,25795072,10,3,transfer,327.8530419920571,True,
forkyard,25795072,10,3,fund_token,0.9607909887563437,True,
forkyard,25795072,10,3,approve,282.03616599785164,True,
forkyard,25795072,10,3,discard,2.406999992672354,True,
forkyard,25795072,10,4,acquire,21.918667014688253,True,
forkyard,25795072,10,4,set_balance,560.9111670055427,True,
forkyard,25795072,10,4,get_balance,23.704416991677135,True,
forkyard,25795072,10,4,transfer,589.3457079946529,True,
forkyard,25795072,10,4,fund_token,5.108832992846146,True,
forkyard,25795072,10,4,transfer,497.61620798381045,True,
forkyard,25795072,10,4,transfer,1038.118124997709,True,
forkyard,25795072,10,4,discard,11.674665991449729,True,
forkyard,25795072,10,5,acquire,20.37033301894553,True,
forkyard,25795072,10,5,set_balance,567.9801250225864,True,
forkyard,25795072,10,5,swap_eth_for_token,2184.4748329895083,True,
forkyard,25795072,10,5,transfer,173.99637500056997,True,
forkyard,25795072,10,5,get_balance,11.185374984052032,True,
forkyard,25795072,10,5,get_balance,1.9212499901186675,True,
forkyard,25795072,10,5,swap_eth_for_token,10.728791006840765,True,
forkyard,25795072,10,5,discard,0.6922079774085432,True,
forkyard,25795072,10,6,acquire,19.42699999199249,True,
forkyard,25795072,10,6,set_balance,718.1978749867994,True,
forkyard,25795072,10,6,transfer,1883.9803750161082,True,
forkyard,25795072,10,6,swap_eth_for_token,458.6211669957265,True,
forkyard,25795072,10,6,transfer,170.5469169828575,True,
forkyard,25795072,10,6,fund_token,13.4372919856105,True,
forkyard,25795072,10,6,swap_eth_for_token,322.4246660247445,True,
forkyard,25795072,10,6,discard,11.88716699834913,True,
forkyard,25795072,10,7,acquire,16.163250023964792,True,
forkyard,25795072,10,7,set_balance,713.4297499724198,True,
forkyard,25795072,10,7,swap_eth_for_token,1902.367292001145,True,
forkyard,25795072,10,7,fund_token,2.3859159846324474,True,
forkyard,25795072,10,7,transfer,437.56295801722445,True,
forkyard,25795072,10,7,swap_eth_for_token,180.39558400050737,True,
forkyard,25795072,10,7,approve,343.96204201038927,True,
forkyard,25795072,10,7,discard,145.91516699874774,True,
forkyard,25795072,10,8,acquire,16.12537499750033,True,
forkyard,25795072,10,8,set_balance,697.3915839917026,True,
forkyard,25795072,10,8,get_balance,23.262124974280596,True,
forkyard,25795072,10,8,fund_token,9.065167017979547,True,
forkyard,25795072,10,8,get_balance,1854.888417001348,True,
forkyard,25795072,10,8,transfer,326.58966700546443,True,
forkyard,25795072,10,8,get_balance,153.9085420081392,True,
forkyard,25795072,10,8,discard,8.261417009634897,True,
forkyard,25795072,10,9,acquire,457.0202920003794,True,
forkyard,25795072,10,9,set_balance,274.8937090218533,True,
forkyard,25795072,10,9,fund_token,7.3390410107094795,True,
forkyard,25795072,10,9,swap_eth_for_token,2044.1665840044152,True,
forkyard,25795072,10,9,get_balance,159.98845899594016,True,
forkyard,25795072,10,9,swap_eth_for_token,173.3843749971129,True,
forkyard,25795072,10,9,approve,284.70179199939594,True,
forkyard,25795072,10,9,discard,1.6349159996025264,True,
forkyard,25795072,10,-1,__total__,3773.741165990941,True,
anvil,25795072,10,0,acquire,875.4017500032205,True,
anvil,25795072,10,0,set_balance,145.37725000991486,True,
anvil,25795072,10,0,fund_token,145.06133299437352,True,
anvil,25795072,10,0,transfer,758.5522920126095,True,
anvil,25795072,10,0,approve,519.693250011187,True,
anvil,25795072,10,0,swap_eth_for_token,2013.8775420200545,True,
anvil,25795072,10,0,swap_eth_for_token,267.7791669848375,True,
anvil,25795072,10,0,discard,10.51929101231508,True,
anvil,25795072,10,1,acquire,884.8419169953559,True,
anvil,25795072,10,1,set_balance,155.7083330117166,True,
anvil,25795072,10,1,get_balance,15.208708995487541,True,
anvil,25795072,10,1,swap_eth_for_token,2517.705667007249,True,
anvil,25795072,10,1,fund_token,13.316500000655651,True,
anvil,25795072,10,1,fund_token,5.658332986058667,True,
anvil,25795072,10,1,get_balance,15.704958990681916,True,
anvil,25795072,10,1,discard,4.618416976882145,True,
anvil,25795072,10,2,acquire,670.4124590032734,True,
anvil,25795072,10,2,set_balance,144.11125000333413,True,
anvil,25795072,10,2,transfer,743.7705409829505,True,
anvil,25795072,10,2,transfer,502.48579200706445,True,
anvil,25795072,10,2,get_balance,6.53716700617224,True,
anvil,25795072,10,2,swap_eth_for_token,2226.7010000068694,True,
anvil,25795072,10,2,transfer,507.94045798829757,True,
anvil,25795072,10,2,discard,8.340250002220273,True,
anvil,25795072,10,3,acquire,883.6689999734517,True,
anvil,25795072,10,3,set_balance,142.1480829885695,True,
anvil,25795072,10,3,get_balance,3.576833027182147,True,
anvil,25795072,10,3,swap_eth_for_token,2540.0509590108413,True,
anvil,25795072,10,3,transfer,527.5382910040207,True,
anvil,25795072,10,3,fund_token,8.399374986765906,True,
anvil,25795072,10,3,approve,496.31558402325027,True,
anvil,25795072,10,3,discard,3.5808749962598085,True,
anvil,25795072,10,4,acquire,858.454792003613,True,
anvil,25795072,10,4,set_balance,143.37362500373274,True,
anvil,25795072,10,4,get_balance,5.4318750044330955,True,
anvil,25795072,10,4,transfer,758.5871669871267,True,
anvil,25795072,10,4,fund_token,150.7968750083819,True,
anvil,25795072,10,4,transfer,530.8107500022743,True,
anvil,25795072,10,4,transfer,500.85554100223817,True,
anvil,25795072,10,4,discard,10.717750003095716,True,
anvil,25795072,10,5,acquire,869.2309999896679,True,
anvil,25795072,10,5,set_balance,163.81291698780842,True,
anvil,25795072,10,5,swap_eth_for_token,2530.64149999409,True,
anvil,25795072,10,5,transfer,530.2117909886874,True,
anvil,25795072,10,5,get_balance,11.01687498157844,True,
anvil,25795072,10,5,get_balance,14.576124987797812,True,
anvil,25795072,10,5,swap_eth_for_token,248.31729198922403,True,
anvil,25795072,10,5,discard,7.184042013250291,True,
anvil,25795072,10,6,acquire,887.0215829811059,True,
anvil,25795072,10,6,set_balance,138.91920901369303,True,
anvil,25795072,10,6,transfer,760.7653329905588,True,
anvil,25795072,10,6,swap_eth_for_token,2261.740624991944,True,
anvil,25795072,10,6,transfer,510.80779201583937,True,
anvil,25795072,10,6,fund_token,2.5101669889409095,True,
anvil,25795072,10,6,swap_eth_for_token,272.20500001567416,True,
anvil,25795072,10,6,discard,4.661874991143122,True,
anvil,25795072,10,7,acquire,880.2303340053186,True,
anvil,25795072,10,7,set_balance,144.74933399469592,True,
anvil,25795072,10,7,swap_eth_for_token,2529.378916020505,True,
anvil,25795072,10,7,fund_token,12.699041020823643,True,
anvil,25795072,10,7,transfer,523.7451249849983,True,
anvil,25795072,10,7,swap_eth_for_token,267.51270800014026,True,
anvil,25795072,10,7,approve,505.4358749766834,True,
anvil,25795072,10,7,discard,10.12783299665898,True,
anvil,25795072,10,8,acquire,874.2924999969546,True,
anvil,25795072,10,8,set_balance,161.96379100438207,True,
anvil,25795072,10,8,get_balance,21.536540996748954,True,
anvil,25795072,10,8,fund_token,145.0906660174951,True,
anvil,25795072,10,8,get_balance,2.2222090046852827,True,
anvil,25795072,10,8,transfer,743.357333005406,True,
anvil,25795072,10,8,get_balance,2.0983330032322556,True,
anvil,25795072,10,8,discard,4.575917002512142,True,
anvil,25795072,10,9,acquire,836.9352089939639,True,
anvil,25795072,10,9,set_balance,148.04429101059213,True,
anvil,25795072,10,9,fund_token,145.6328750064131,True,
anvil,25795072,10,9,swap_eth_for_token,2240.634834015509,True,
anvil,25795072,10,9,get_balance,6.188458006363362,True,
anvil,25795072,10,9,swap_eth_for_token,268.0415000068024,True,
anvil,25795072,10,9,approve,490.6182909908239,True,
anvil,25795072,10,9,discard,4.560041998047382,True,
anvil,25795072,10,-1,__total__,4897.510000009788,True,
forkyard,25795072,50,0,acquire,10.492458008229733,True,
forkyard,25795072,50,0,set_balance,505.65833298605867,True,
forkyard,25795072,50,0,fund_token,1134.124583011726,True,
forkyard,25795072,50,0,transfer,3136.807500006398,True,
forkyard,25795072,50,0,approve,1145.7044589915313,True,
forkyard,25795072,50,0,swap_eth_for_token,599.422291998053,True,
forkyard,25795072,50,0,swap_eth_for_token,562.9224589793012,True,
forkyard,25795072,50,0,discard,2.0345840021036565,True,
forkyard,25795072,50,1,acquire,13.698208989808336,True,
forkyard,25795072,50,1,set_balance,376.68079099967144,True,
forkyard,25795072,50,1,get_balance,1392.3103749984875,True,
forkyard,25795072,50,1,swap_eth_for_token,3151.712916995166,True,
forkyard,25795072,50,1,fund_token,117.13266701553948,True,
forkyard,25795072,50,1,fund_token,12.867415993241593,True,
forkyard,25795072,50,1,get_balance,168.82920800708234,True,
forkyard,25795072,50,1,discard,136.33116698474623,True,
forkyard,25795072,50,2,acquire,14.397958992049098,True,
forkyard,25795072,50,2,set_balance,768.583833007142,True,
forkyard,25795072,50,2,transfer,3575.2344579959754,True,
forkyard,25795072,50,2,transfer,1444.304042001022,True,
forkyard,25795072,50,2,get_balance,23.517041990999132,True,
forkyard,25795072,50,2,swap_eth_for_token,1004.2293330188841,True,
forkyard,25795072,50,2,transfer,735.0743749993853,True,
forkyard,25795072,50,2,discard,6.757957977242768,True,
forkyard,25795072,50,3,acquire,19.708334002643824,True,
forkyard,25795072,50,3,set_balance,609.0430829790421,True,
forkyard,25795072,50,3,get_balance,1109.1479579918087,True,
forkyard,25795072,50,3,swap_eth_for_token,2778.7987920164596,True,
forkyard,25795072,50,3,transfer,1382.770124997478,True,
forkyard,25795072,50,3,fund_token,11.080625001341105,True,
forkyard,25795072,50,3,approve,586.3273330032825,True,
forkyard,25795072,50,3,discard,22.768583992728963,True,
forkyard,25795072,50,4,acquire,24.400959024205804,True,
forkyard,25795072,50,4,set_balance,1299.5376249891706,True,
forkyard,25795072,50,4,get_balance,605.4855840047821,True,
forkyard,25795072,50,4,transfer,3033.6244580103084,True,
forkyard,25795072,50,4,fund_token,6.397832999937236,True,
forkyard,25795072,50,4,transfer,1392.187500023283,True,
forkyard,25795072,50,4,transfer,525.7848330074921,True,
forkyard,25795072,50,4,discard,2.1911249787081033,True,
forkyard,25795072,50,5,acquire,24.418833025265485,True,
forkyard,25795072,50,5,set_balance,1165.7265840040054,True,
forkyard,25795072,50,5,swap_eth_for_token,2588.5924579924904,True,
forkyard,25795072,50,5,transfer,1253.5516250063665,True,
forkyard,25795072,50,5,get_balance,166.0435840021819,True,
forkyard,25795072,50,5,get_balance,278.7862500117626,True,
forkyard,25795072,50,5,swap_eth_for_token,670.6768749863841,True,
forkyard,25795072,50,5,discard,15.066624997416511,True,
forkyard,25795072,50,6,acquire,24.82683298876509,True,
forkyard,25795072,50,6,set_balance,1301.284790999489,True,
forkyard,25795072,50,6,transfer,3290.6981659762096,True,
forkyard,25795072,50,6,swap_eth_for_token,1194.5929999928921,True,
forkyard,25795072,50,6,transfer,990.8535830036271,True,
forkyard,25795072,50,6,fund_token,20.211666997056454,True,
forkyard,25795072,50,6,swap_eth_for_token,189.0112910186872,True,
forkyard,25795072,50,6,discard,406.4780409971718,True,
forkyard,25795072,50,7,acquire,20.912749983835965,True,
forkyard,25795072,50,7,set_balance,1007.0479999994859,True,
forkyard,25795072,50,7,swap_eth_for_token,3074.9646250042133,True,
forkyard,25795072,50,7,fund_token,251.7994169902522,True,
forkyard,25795072,50,7,transfer,1348.923959012609,True,
forkyard,25795072,50,7,swap_eth_for_token,778.0994999920949,True,
forkyard,25795072,50,7,approve,448.0430840048939,True,
forkyard,25795072,50,7,discard,3.8442909717559814,True,
forkyard,25795072,50,8,acquire,31.95208401302807,True,
forkyard,25795072,50,8,set_balance,1027.0488749956712,True,
forkyard,25795072,50,8,get_balance,876.4805830141995,True,
forkyard,25795072,50,8,fund_token,9.790624986635521,True,
forkyard,25795072,50,8,get_balance,16.705332993296906,True,
forkyard,25795072,50,8,transfer,2974.2937079863623,True,
forkyard,25795072,50,8,get_balance,13.361916004214436,True,
forkyard,25795072,50,8,discard,4.82699999702163,True,
forkyard,25795072,50,9,acquire,26.13329200539738,True,
forkyard,25795072,50,9,set_balance,1170.9921669971664,True,
forkyard,25795072,50,9,fund_token,714.8963749932591,True,
forkyard,25795072,50,9,swap_eth_for_token,2473.033457994461,True,
forkyard,25795072,50,9,get_balance,551.8614590109792,True,
forkyard,25795072,50,9,swap_eth_for_token,872.031374979997,True,
forkyard,25795072,50,9,approve,879.6063750050962,True,
forkyard,25795072,50,9,discard,129.11566699040122,True,
forkyard,25795072,50,10,acquire,22.351374995196238,True,
forkyard,25795072,50,10,set_balance,1441.7430000030436,True,
forkyard,25795072,50,10,transfer,3131.8250829936005,True,
forkyard,25795072,50,10,fund_token,410.0107080012094,True,
forkyard,25795072,50,10,get_balance,32.056166004622355,True,
forkyard,25795072,50,10,fund_token,12.027874996419996,True,
forkyard,25795072,50,10,get_balance,25.633332988945767,True,
forkyard,25795072,50,10,discard,140.49416698981076,True,
forkyard,25795072,50,11,acquire,15.24779200553894,True,
forkyard,25795072,50,11,set_balance,1259.408666024683,True,
forkyard,25795072,50,11,fund_token,420.6751669989899,True,
forkyard,25795072,50,11,fund_token,23.600749991601333,True,
forkyard,25795072,50,11,get_balance,2334.5085839973763,True,
forkyard,25795072,50,11,approve,1080.5668339889962,True,
forkyard,25795072,50,11,fund_token,716.2733750010375,True,
forkyard,25795072,50,11,discard,10.922582994680852,True,
forkyard,25795072,50,12,acquire,233.6277500144206,True,
forkyard,25795072,50,12,set_balance,1527.9552499996498,True,
forkyard,25795072,50,12,fund_token,8.032459008973092,True,
forkyard,25795072,50,12,approve,2981.4388749946374,True,
forkyard,25795072,50,12,fund_token,136.8310000107158,True,
forkyard,25795072,50,12,swap_eth_for_token,616.48266701377,True,
forkyard,25795072,50,12,swap_eth_for_token,343.1933330139145,True,
forkyard,25795072,50,12,discard,10.033708007540554,True,
forkyard,25795072,50,13,acquire,221.0052909795195,True,
forkyard,25795072,50,13,set_balance,1679.947374999756,True,
forkyard,25795072,50,13,swap_eth_for_token,3136.9871250062715,True,
forkyard,25795072,50,13,get_balance,25.086957990424708,True,
forkyard,25795072,50,13,get_balance,20.41045800433494,True,
forkyard,25795072,50,13,get_balance,550.8488329942338,True,
forkyard,25795072,50,13,transfer,855.03524998785,True,
forkyard,25795072,50,13,discard,17.45875002234243,True,
forkyard,25795072,50,14,acquire,13.108707993524149,True,
forkyard,25795072,50,14,set_balance,997.5371659966186,True,
forkyard,25795072,50,14,transfer,3352.5297080050223,True,
forkyard,25795072,50,14,swap_eth_for_token,1507.1878749877214,True,
forkyard,25795072,50,14,swap_eth_for_token,613.9682500215713,True,
forkyard,25795072,50,14,fund_token,10.36879199091345,True,
forkyard,25795072,50,14,fund_token,144.66058401740156,True,
forkyard,25795072,50,14,discard,276.22387500014156,True,
forkyard,25795072,50,15,acquire,185.34624998574145,True,
forkyard,25795072,50,15,set_balance,1518.579833995318,True,
forkyard,25795072,50,15,get_balance,1935.675375018036,True,
forkyard,25795072,50,15,transfer,1098.1516249885317,True,
forkyard,25795072,50,15,get_balance,1109.1207499848679,True,
forkyard,25795072,50,15,transfer,444.67104200157337,True,
forkyard,25795072,50,15,swap_eth_for_token,613.3855409862008,True,
forkyard,25795072,50,15,discard,3.2375830051023513,True,
forkyard,25795072,50,16,acquire,216.55216699582525,True,
forkyard,25795072,50,16,set_balance,1529.8960419895593,True,
forkyard,25795072,50,16,swap_eth_for_token,3151.855333999265,True,
forkyard,25795072,50,16,fund_token,119.08383399713784,True,
forkyard,25795072,50,16,fund_token,15.71925001917407,True,
forkyard,25795072,50,16,fund_token,17.940791993169114,True,
forkyard,25795072,50,16,fund_token,145.5441250000149,True,
forkyard,25795072,50,16,discard,138.28441698569804,True,
forkyard,25795072,50,17,acquire,15.277250000508502,True,
forkyard,25795072,50,17,set_balance,1446.2392500136048,True,
forkyard,25795072,50,17,fund_token,424.9163329950534,True,
forkyard,25795072,50,17,swap_eth_for_token,2458.2742089987732,True,
forkyard,25795072,50,17,get_balance,564.1452079871669,True,
forkyard,25795072,50,17,transfer,1429.5247920090333,True,
forkyard,25795072,50,17,get_balance,424.2381250078324,True,
forkyard,25795072,50,17,discard,18.68962502339855,True,
forkyard,25795072,50,18,acquire,210.1219579926692,True,
forkyard,25795072,50,18,set_balance,1692.2220420092344,True,
forkyard,25795072,50,18,get_balance,27.213583001866937,True,
forkyard,25795072,50,18,fund_token,5.531125003471971,True,
forkyard,25795072,50,18,get_balance,25.478583993390203,True,
forkyard,25795072,50,18,fund_token,1684.0193750103936,True,
forkyard,25795072,50,18,get_balance,1249.3869170139078,True,
forkyard,25795072,50,18,discard,135.29341699904762,True,
forkyard,25795072,50,19,acquire,216.83916699839756,True,
forkyard,25795072,50,19,set_balance,1680.14070900972,True,
forkyard,25795072,50,19,transfer,2671.439708006801,True,
forkyard,25795072,50,19,get_balance,429.4776250026189,True,
forkyard,25795072,50,19,swap_eth_for_token,1462.2509999899194,True,
forkyard,25795072,50,19,get_balance,16.478917008498684,True,
forkyard,25795072,50,19,transfer,547.9549999872688,True,
forkyard,25795072,50,19,discard,2.0586249884217978,True,
forkyard,25795072,50,20,acquire,216.44600000581704,True,
forkyard,25795072,50,20,set_balance,1510.0741670175921,True,
forkyard,25795072,50,20,get_balance,18.619790993398055,True,
forkyard,25795072,50,20,transfer,3120.621874986682,True,
forkyard,25795072,50,20,get_balance,145.18024999415502,True,
forkyard,25795072,50,20,fund_token,13.87937500840053,True,
forkyard,25795072,50,20,transfer,705.6712080084253,True,
forkyard,25795072,50,20,discard,11.802749999333173,True,
forkyard,25795072,50,21,acquire,181.96412498946302,True,
forkyard,25795072,50,21,set_balance,1510.0729999830946,True,
forkyard,25795072,50,21,get_balance,1930.0092080084141,True,
forkyard,25795072,50,21,fund_token,438.81108399364166,True,
forkyard,25795072,50,21,fund_token,260.39258399396203,True,
forkyard,25795072,50,21,fund_token,140.33316599670798,True,
forkyard,25795072,50,21,approve,1399.1766249819193,True,
forkyard,25795072,50,21,discard,8.386792003875598,True,
forkyard,25795072,50,22,acquire,216.22387500246987,True,
forkyard,25795072,50,22,set_balance,1513.4761669905856,True,
forkyard,25795072,50,22,get_balance,1886.3863330043387,True,
forkyard,25795072,50,22,transfer,1366.9425830012187,True,
forkyard,25795072,50,22,get_balance,27.059540996560827,True,
forkyard,25795072,50,22,swap_eth_for_token,725.4891250049695,True,
forkyard,25795072,50,22,get_balance,39.97416698257439,True,
forkyard,25795072,50,22,discard,15.102417004527524,True,
forkyard,25795072,50,23,acquire,193.53154199779965,True,
forkyard,25795072,50,23,set_balance,1695.0655420077965,True,
forkyard,25795072,50,23,swap_eth_for_token,2474.4717499997932,True,
forkyard,25795072,50,23,transfer,1427.340499998536,True,
forkyard,25795072,50,23,fund_token,9.592584014171734,True,
forkyard,25795072,50,23,approve,981.7793749971315,True,
forkyard,25795072,50,23,swap_token_for_token,769.6029580256436,True,
forkyard,25795072,50,23,discard,5.619250005111098,True,
forkyard,25795072,50,24,acquire,175.76945800101385,True,
forkyard,25795072,50,24,set_balance,1519.2162090097554,True,
forkyard,25795072,50,24,fund_token,29.23874999396503,True,
forkyard,25795072,50,24,get_balance,2325.8292079844978,True,
forkyard,25795072,50,24,get_balance,406.85587501502596,True,
forkyard,25795072,50,24,transfer,1396.9034170149826,True,
forkyard,25795072,50,24,swap_eth_for_token,620.8399579918478,True,
forkyard,25795072,50,24,discard,4.660415987018496,True,
forkyard,25795072,50,25,acquire,206.9134580087848,True,
forkyard,25795072,50,25,set_balance,1520.5304159899242,True,
forkyard,25795072,50,25,fund_token,2.4516250123269856,True,
forkyard,25795072,50,25,get_balance,2020.0712920050137,True,
forkyard,25795072,50,25,fund_token,956.3697499979753,True,
forkyard,25795072,50,25,swap_eth_for_token,326.80641699698754,True,
forkyard,25795072,50,25,swap_eth_for_token,746.3231250003446,True,
forkyard,25795072,50,25,discard,18.999332998646423,True,
forkyard,25795072,50,26,acquire,185.70599998929538,True,
forkyard,25795072,50,26,set_balance,1695.1603750057984,True,
forkyard,25795072,50,26,get_balance,28.805334004573524,True,
forkyard,25795072,50,26,fund_token,8.633666002424434,True,
forkyard,25795072,50,26,get_balance,16.211415990255773,True,
forkyard,25795072,50,26,transfer,2894.2627500218805,True,
forkyard,25795072,50,26,fund_token,3.088792000198737,True,
forkyard,25795072,50,26,discard,8.909583993954584,True,
forkyard,25795072,50,27,acquire,200.76020798296668,True,
forkyard,25795072,50,27,set_balance,1677.4654579930939,True,
forkyard,25795072,50,27,fund_token,14.014458021847531,True,
forkyard,25795072,50,27,swap_eth_for_token,3121.365083992714,True,
forkyard,25795072,50,27,transfer,718.9745000214316,True,
forkyard,25795072,50,27,swap_eth_for_token,711.6708329995163,True,
forkyard,25795072,50,27,swap_eth_for_token,561.8007079756353,True,
forkyard,25795072,50,27,discard,3.010791988344863,True,
forkyard,25795072,50,28,acquire,200.51599998259917,True,
forkyard,25795072,50,28,set_balance,1511.2697079894133,True,
forkyard,25795072,50,28,transfer,3126.654708001297,True,
forkyard,25795072,50,28,get_balance,136.85275000170805,True,
forkyard,25795072,50,28,get_balance,160.05070801475085,True,
forkyard,25795072,50,28,fund_token,137.3428750084713,True,
forkyard,25795072,50,28,get_balance,425.6327080074698,True,
forkyard,25795072,50,28,discard,18.275999987963587,True,
forkyard,25795072,50,29,acquire,318.77812498714775,True,
forkyard,25795072,50,29,set_balance,1561.4113750052638,True,
forkyard,25795072,50,29,transfer,2427.3280829947907,True,
forkyard,25795072,50,29,swap_eth_for_token,1441.0462920204736,True,
forkyard,25795072,50,29,swap_eth_for_token,1021.4525000192225,True,
forkyard,25795072,50,29,fund_token,149.10787498229183,True,
forkyard,25795072,50,29,transfer,591.7398750025313,True,
forkyard,25795072,50,29,discard,4.019124986371025,True,
forkyard,25795072,50,30,acquire,191.51270799920894,True,
forkyard,25795072,50,30,set_balance,1695.4072499938775,True,
forkyard,25795072,50,30,swap_eth_for_token,3136.670458014123,True,
forkyard,25795072,50,30,get_balance,18.729667004663497,True,
forkyard,25795072,50,30,transfer,1095.2718330081552,True,
forkyard,25795072,50,30,fund_token,274.4569169881288,True,
forkyard,25795072,50,30,transfer,454.0914169920143,True,
forkyard,25795072,50,30,discard,138.62683399929665,True,
forkyard,25795072,50,31,acquire,437.42166701122187,True,
forkyard,25795072,50,31,set_balance,1242.7465840009972,True,
forkyard,25795072,50,31,transfer,2759.4679169997107,True,
forkyard,25795072,50,31,transfer,1367.6412499917205,True,
forkyard,25795072,50,31,get_balance,17.10633299080655,True,
forkyard,25795072,50,31,get_balance,424.7474590083584,True,
forkyard,25795072,50,31,get_balance,172.32858299394138,True,
forkyard,25795072,50,31,discard,15.964582999004051,True,
forkyard,25795072,50,32,acquire,187.91845798841678,True,
forkyard,25795072,50,32,set_balance,1672.377167007653,True,
forkyard,25795072,50,32,transfer,2669.124667008873,True,
forkyard,25795072,50,32,get_balance,420.93812499661,True,
forkyard,25795072,50,32,get_balance,32.39999999641441,True,
forkyard,25795072,50,32,transfer,1079.8447089910042,True,
forkyard,25795072,50,32,transfer,621.1672920035198,True,
forkyard,25795072,50,32,discard,109.0601249889005,True,
forkyard,25795072,50,33,acquire,451.91895801690407,True,
forkyard,25795072,50,33,set_balance,1421.4965410064906,True,
forkyard,25795072,50,33,get_balance,23.058167018461972,True,
forkyard,25795072,50,33,swap_eth_for_token,2439.381999982288,True,
forkyard,25795072,50,33,get_balance,563.3257080044132,True,
forkyard,25795072,50,33,fund_token,8.094124990748242,True,
forkyard,25795072,50,33,swap_eth_for_token,867.5012080057058,True,
forkyard,25795072,50,33,discard,17.727875005220994,True,
forkyard,25795072,50,34,acquire,326.79449999704957,True,
forkyard,25795072,50,34,set_balance,1384.9737500131596,True,
forkyard,25795072,50,34,swap_eth_for_token,3142.6962919940706,True,
forkyard,25795072,50,34,get_balance,141.38795802136883,True,
forkyard,25795072,50,34,fund_token,20.933207997586578,True,
forkyard,25795072,50,34,transfer,705.260749993613,True,
forkyard,25795072,50,34,swap_eth_for_token,344.83975000330247,True,
forkyard,25795072,50,34,discard,22.40425001946278,True,
forkyard,25795072,50,35,acquire,311.9702079857234,True,
forkyard,25795072,50,35,set_balance,1557.8327499970328,True,
forkyard,25795072,50,35,swap_eth_for_token,3002.9765839863103,True,
forkyard,25795072,50,35,swap_eth_for_token,167.27537498809397,True,
forkyard,25795072,50,35,swap_eth_for_token,718.0032080214005,True,
forkyard,25795072,50,35,swap_eth_for_token,711.1204170214478,True,
forkyard,25795072,50,35,swap_eth_for_token,331.5889590012375,True,
forkyard,25795072,50,35,discard,95.04933402058668,True,
forkyard,25795072,50,36,acquire,583.2069590105675,True,
forkyard,25795072,50,36,set_balance,1280.7590420125052,True,
forkyard,25795072,50,36,swap_eth_for_token,2591.35524998419,True,
forkyard,25795072,50,36,transfer,1313.3439169905614,True,
forkyard,25795072,50,36,transfer,953.5242079873569,True,
forkyard,25795072,50,36,get_balance,170.58583401376382,True,
forkyard,25795072,50,36,swap_eth_for_token,602.2381249931641,True,
forkyard,25795072,50,36,discard,4.239082976710051,True,
forkyard,25795072,50,37,acquire,424.209749995498,True,
forkyard,25795072,50,37,set_balance,1238.121250004042,True,
forkyard,25795072,50,37,transfer,2629.1934170003515,True,
forkyard,25795072,50,37,swap_eth_for_token,1348.4922909992747,True,
forkyard,25795072,50,37,transfer,775.9748750249855,True,
forkyard,25795072,50,37,swap_eth_for_token,447.14216698776,True,
forkyard,25795072,50,37,fund_token,2.6972089835908264,True,
forkyard,25795072,50,37,discard,1.005832978989929,True,
forkyard,25795072,50,38,acquire,726.2749579967931,True,
forkyard,25795072,50,38,set_balance,1132.1691670164,True,
forkyard,25795072,50,38,fund_token,19.47591599309817,True,
forkyard,25795072,50,38,transfer,2900.7375829969533,True,
forkyard,25795072,50,38,swap_eth_for_token,1750.8058329985943,True,
forkyard,25795072,50,38,swap_eth_for_token,335.1862079871353,True,
forkyard,25795072,50,38,approve,569.7044169937726,True,
forkyard,25795072,50,38,discard,9.218874998623505,True,
forkyard,25795072,50,39,acquire,565.9583329979796,True,
forkyard,25795072,50,39,set_balance,1094.5524589915294,True,
forkyard,25795072,50,39,get_balance,1932.055458019022,True,
forkyard,25795072,50,39,fund_token,426.48837500019,True,
forkyard,25795072,50,39,get_balance,413.9163330255542,True,
forkyard,25795072,50,39,fund_token,260.25716701406054,True,
forkyard,25795072,50,39,swap_eth_for_token,1133.7435420136899,True,
forkyard,25795072,50,39,discard,12.890250014606863,True,
forkyard,25795072,50,40,acquire,318.4684999869205,True,
forkyard,25795072,50,40,set_balance,1392.993707995629,True,
forkyard,25795072,50,40,fund_token,16.764875006629154,True,
forkyard,25795072,50,40,get_balance,2007.2738750022836,True,
forkyard,25795072,50,40,get_balance,1099.645167007111,True,
forkyard,25795072,50,40,swap_eth_for_token,190.55741600459442,True,
forkyard,25795072,50,40,fund_token,133.93016599002294,True,
forkyard,25795072,50,40,discard,137.32641597744077,True,
forkyard,25795072,50,41,acquire,561.234875000082,True,
forkyard,25795072,50,41,set_balance,1091.9161250058096,True,
forkyard,25795072,50,41,fund_token,23.72725002351217,True,
forkyard,25795072,50,41,get_balance,1919.8536250041798,True,
forkyard,25795072,50,41,fund_token,418.86329199769534,True,
forkyard,25795072,50,41,approve,944.5099580043461,True,
forkyard,25795072,50,41,swap_token_for_token,1304.805874999147,True,
forkyard,25795072,50,41,discard,139.62345800246112,True,
forkyard,25795072,50,42,acquire,318.2664579944685,True,
forkyard,25795072,50,42,set_balance,1382.4334160017315,True,
forkyard,25795072,50,42,transfer,3118.498499999987,True,
forkyard,25795072,50,42,swap_eth_for_token,593.0365000094753,True,
forkyard,25795072,50,42,get_balance,315.57941701612435,True,
forkyard,25795072,50,42,transfer,334.07804201124236,True,
forkyard,25795072,50,42,fund_token,14.352208003401756,True,
forkyard,25795072,50,42,discard,4.77391597814858,True,
forkyard,25795072,50,43,acquire,724.4520829990506,True,
forkyard,25795072,50,43,set_balance,1122.532500012312,True,
forkyard,25795072,50,43,transfer,2923.9190410007723,True,
forkyard,25795072,50,43,get_balance,14.090624987147748,True,
forkyard,25795072,50,43,swap_eth_for_token,1325.9289580164477,True,
forkyard,25795072,50,43,fund_token,398.05620798142627,True,
forkyard,25795072,50,43,approve,335.95116599462926,True,
forkyard,25795072,50,43,discard,19.481291994452477,True,
forkyard,25795072,50,44,acquire,449.20062500750646,True,
forkyard,25795072,50,44,set_balance,1412.4192919989582,True,
forkyard,25795072,50,44,fund_token,15.422083000885323,True,
forkyard,25795072,50,44,get_balance,14.229583000997081,True,
forkyard,25795072,50,44,get_balance,24.925624980824068,True,
forkyard,25795072,50,44,transfer,3070.3134999785107,True,
forkyard,25795072,50,44,transfer,599.048666015733,True,
forkyard,25795072,50,44,discard,391.1414159811102,True,
forkyard,25795072,50,45,acquire,559.6014590119012,True,
forkyard,25795072,50,45,set_balance,1102.5484580022749,True,
forkyard,25795072,50,45,swap_eth_for_token,2652.02258300269,True,
forkyard,25795072,50,45,fund_token,111.83879201416858,True,
forkyard,25795072,50,45,transfer,1401.6886250174139,True,
forkyard,25795072,50,45,swap_eth_for_token,602.2152500227094,True,
forkyard,25795072,50,45,transfer,432.36708399490453,True,
forkyard,25795072,50,45,discard,5.6863329955376685,True,
forkyard,25795072,50,46,acquire,316.6263340099249,True,
forkyard,25795072,50,46,set_balance,1388.8467499928083,True,
forkyard,25795072,50,46,transfer,3123.9398330217227,True,
forkyard,25795072,50,46,transfer,436.74524998641573,True,
forkyard,25795072,50,46,get_balance,420.7549159764312,True,
forkyard,25795072,50,46,transfer,357.04208398237824,True,
forkyard,25795072,50,46,swap_eth_for_token,176.03774997405708,True,
forkyard,25795072,50,46,discard,0.8836659835651517,True,
forkyard,25795072,50,47,acquire,443.5849579749629,True,
forkyard,25795072,50,47,set_balance,1420.8311249967664,True,
forkyard,25795072,50,47,swap_eth_for_token,2456.852292001713,True,
forkyard,25795072,50,47,fund_token,525.3590829961468,True,
forkyard,25795072,50,47,approve,911.2460409814958,True,
forkyard,25795072,50,47,approve,695.320291997632,True,
forkyard,25795072,50,47,approve,437.50845798058435,True,
forkyard,25795072,50,47,discard,138.58016597805545,True,
forkyard,25795072,50,48,acquire,723.41674999916,True,
forkyard,25795072,50,48,set_balance,1134.768832998816,True,
forkyard,25795072,50,48,swap_eth_for_token,3026.364666002337,True,
forkyard,25795072,50,48,swap_eth_for_token,872.7120000112336,True,
forkyard,25795072,50,48,fund_token,14.123417000519112,True,
forkyard,25795072,50,48,get_balance,165.90537497540936,True,
forkyard,25795072,50,48,fund_token,274.6242080174852,True,
forkyard,25795072,50,48,discard,406.064625014551,True,
forkyard,25795072,50,49,acquire,443.39729100465775,True,
forkyard,25795072,50,49,set_balance,1414.62783300085,True,
forkyard,25795072,50,49,transfer,3071.60841600853,True,
forkyard,25795072,50,49,fund_token,15.803500020410866,True,
forkyard,25795072,50,49,swap_eth_for_token,591.7519170034211,True,
forkyard,25795072,50,49,transfer,845.5539579736069,True,
forkyard,25795072,50,49,get_balance,152.00041700154543,True,
forkyard,25795072,50,49,discard,137.7096249780152,True,
forkyard,25795072,50,-1,__total__,7628.25833298848,True,
anvil,25795072,50,0,acquire,859.7177079936955,True,
anvil,25795072,50,0,set_balance,1650.7378749956843,True,
anvil,25795072,50,0,fund_token,663.6794170190115,True,
anvil,25795072,50,0,transfer,1234.3485839955974,True,
anvil,25795072,50,0,approve,641.9606250128709,True,
anvil,25795072,50,0,swap_eth_for_token,3482.82033301075,True,
anvil,25795072,50,0,swap_eth_for_token,263.7900000263471,True,
anvil,25795072,50,0,discard,4.551833000732586,True,
anvil,25795072,50,1,acquire,892.920000012964,True,
anvil,25795072,50,1,set_balance,1626.2715000193566,True,
anvil,25795072,50,1,get_balance,55.08091699448414,True,
anvil,25795072,50,1,swap_eth_for_token,5769.018666003831,True,
anvil,25795072,50,1,fund_token,0.7830829999875277,True,
anvil,25795072,50,1,fund_token,1.653749990509823,True,
anvil,25795072,50,1,get_balance,2.0792089926544577,True,
anvil,25795072,50,1,discard,4.5429580204654485,True,
anvil,25795072,50,2,acquire,889.8404999927152,True,
anvil,25795072,50,2,set_balance,1631.5289589983877,True,
anvil,25795072,50,2,transfer,3010.3715829900466,True,
anvil,25795072,50,2,transfer,973.826832982013,True,
anvil,25795072,50,2,get_balance,4.596290993504226,True,
anvil,25795072,50,2,swap_eth_for_token,2785.797792021185,True,
anvil,25795072,50,2,transfer,505.685333017027,True,
anvil,25795072,50,2,discard,4.544791008811444,True,
anvil,25795072,50,3,acquire,861.9070409913547,True,
anvil,25795072,50,3,set_balance,1652.7785419893917,True,
anvil,25795072,50,3,get_balance,56.65433302056044,True,
anvil,25795072,50,3,swap_eth_for_token,6069.563291996019,True,
anvil,25795072,50,3,transfer,490.52108300384134,True,
anvil,25795072,50,3,fund_token,0.8572090009693056,True,
anvil,25795072,50,3,approve,501.2497919960879,True,
anvil,25795072,50,3,discard,2.9533340130001307,True,
anvil,25795072,50,4,acquire,853.7711660028435,True,
anvil,25795072,50,4,set_balance,1660.112957993988,True,
anvil,25795072,50,4,get_balance,46.00979099632241,True,
anvil,25795072,50,4,transfer,1415.447207982652,True,
anvil,25795072,50,4,fund_token,200.49241700326093,True,
anvil,25795072,50,4,transfer,674.4925410021096,True,
anvil,25795072,50,4,transfer,817.7573749853764,True,
anvil,25795072,50,4,discard,4.8477500095032156,True,
anvil,25795072,50,5,acquire,2126.117375009926,True,
anvil,25795072,50,5,set_balance,391.19758299784735,True,
anvil,25795072,50,5,swap_eth_for_token,6598.23362500174,True,
anvil,25795072,50,5,transfer,504.19541701558046,True,
anvil,25795072,50,5,get_balance,1.862625009380281,True,
anvil,25795072,50,5,get_balance,1.8440829881001264,True,
anvil,25795072,50,5,swap_eth_for_token,247.58770898915827,True,
anvil,25795072,50,5,discard,4.61391598219052,True,
anvil,25795072,50,6,acquire,868.9659579831641,True,
anvil,25795072,50,6,set_balance,1625.0525829964317,True,
anvil,25795072,50,6,transfer,1255.904791993089,True,
anvil,25795072,50,6,swap_eth_for_token,3277.432500006398,True,
anvil,25795072,50,6,transfer,727.9938329884317,True,
anvil,25795072,50,6,fund_token,15.95937498495914,True,
anvil,25795072,50,6,swap_eth_for_token,272.0293330203276,True,
anvil,25795072,50,6,discard,4.580374981742352,True,
anvil,25795072,50,7,acquire,871.2541249988135,True,
anvil,25795072,50,7,set_balance,1625.6550420075655,True,
anvil,25795072,50,7,swap_eth_for_token,7842.924458003836,True,
anvil,25795072,50,7,fund_token,1.3151669991202652,True,
anvil,25795072,50,7,transfer,489.07870799303055,True,
anvil,25795072,50,7,swap_eth_for_token,266.58445899374783,True,
anvil,25795072,50,7,approve,518.3408329903614,True,
anvil,25795072,50,7,discard,4.576916981022805,True,
anvil,25795072,50,8,acquire,876.8386669980828,True,
anvil,25795072,50,8,set_balance,1612.4963749898598,True,
anvil,25795072,50,8,get_balance,62.09970798227005,True,
anvil,25795072,50,8,fund_token,978.7237079872284,True,
anvil,25795072,50,8,get_balance,18.529542023316026,True,
anvil,25795072,50,8,transfer,1284.6565829822794,True,
anvil,25795072,50,8,get_balance,6.081749976146966,True,
anvil,25795072,50,8,discard,7.465582981240004,True,
anvil,25795072,50,9,acquire,869.8764579894487,True,
anvil,25795072,50,9,set_balance,1613.9542080054525,True,
anvil,25795072,50,9,fund_token,1042.2827079892159,True,
anvil,25795072,50,9,swap_eth_for_token,4725.57991600479,True,
anvil,25795072,50,9,get_balance,1.8930840014945716,True,
anvil,25795072,50,9,swap_eth_for_token,245.76766599784605,True,
anvil,25795072,50,9,approve,507.5289160013199,True,
anvil,25795072,50,9,discard,4.543541988823563,True,
anvil,25795072,50,10,acquire,870.9909580065869,True,
anvil,25795072,50,10,set_balance,1610.3491249959916,True,
anvil,25795072,50,10,transfer,8074.640917009674,True,
anvil,25795072,50,10,fund_token,152.05566698568873,True,
anvil,25795072,50,10,get_balance,2.669084002263844,True,
anvil,25795072,50,10,fund_token,1.059875008650124,True,
anvil,25795072,50,10,get_balance,2.459207986248657,True,
anvil,25795072,50,10,discard,4.564957984257489,True,
anvil,25795072,50,11,acquire,872.7108750026673,True,
anvil,25795072,50,11,set_balance,1608.2719590049237,True,
anvil,25795072,50,11,fund_token,1036.1545000050683,True,
anvil,25795072,50,11,fund_token,14.757791010197252,True,
anvil,25795072,50,11,get_balance,17.239458014955744,True,
anvil,25795072,50,11,approve,1778.5024580080062,True,
anvil,25795072,50,11,fund_token,16.004707984393463,True,
anvil,25795072,50,11,discard,12.200333003420383,True,
anvil,25795072,50,12,acquire,864.3169999995735,True,
anvil,25795072,50,12,set_balance,1615.473749989178,True,
anvil,25795072,50,12,fund_token,1035.9010840184055,True,
anvil,25795072,50,12,approve,1823.3680830162484,True,
anvil,25795072,50,12,fund_token,9.392583015142009,True,
anvil,25795072,50,12,swap_eth_for_token,3001.5995840076357,True,
anvil,25795072,50,12,swap_eth_for_token,251.26358401030302,True,
anvil,25795072,50,12,discard,3.2706249912735075,True,
anvil,25795072,50,13,acquire,889.9937919923104,True,
anvil,25795072,50,13,set_balance,1580.1381669880357,True,
anvil,25795072,50,13,swap_eth_for_token,5288.2532499788795,True,
anvil,25795072,50,13,get_balance,22.50837499741465,True,
anvil,25795072,50,13,get_balance,11.904082988621667,True,
anvil,25795072,50,13,get_balance,1.9555410253815353,True,
anvil,25795072,50,13,transfer,517.706457991153,True,
anvil,25795072,50,13,discard,4.562250018352643,True,
anvil,25795072,50,14,acquire,3414.7545419982634,True,
anvil,25795072,50,14,set_balance,198.56687501305714,True,
anvil,25795072,50,14,transfer,1053.0068340012804,True,
anvil,25795072,50,14,swap_eth_for_token,4979.594083008124,True,
anvil,25795072,50,14,swap_eth_for_token,259.711792023154,True,
anvil,25795072,50,14,fund_token,1.2707500136457384,True,
anvil,25795072,50,14,fund_token,0.6890409858897328,True,
anvil,25795072,50,14,discard,4.570249991957098,True,
anvil,25795072,50,15,acquire,857.954041013727,True,
anvil,25795072,50,15,set_balance,1600.2495420107152,True,
anvil,25795072,50,15,get_balance,51.07583399512805,True,
anvil,25795072,50,15,transfer,1106.4012499991804,True,
anvil,25795072,50,15,get_balance,6.577624997589737,True,
anvil,25795072,50,15,transfer,827.5909590010997,True,
anvil,25795072,50,15,swap_eth_for_token,3538.0202920059673,True,
anvil,25795072,50,15,discard,3.423874994041398,True,
anvil,25795072,50,16,acquire,896.1133340199012,True,
anvil,25795072,50,16,set_balance,1564.4228750024922,True,
anvil,25795072,50,16,swap_eth_for_token,6802.951125020627,True,
anvil,25795072,50,16,fund_token,0.9297909855376929,True,
anvil,25795072,50,16,fund_token,0.7805839995853603,True,
anvil,25795072,50,16,fund_token,0.7433749851770699,True,
anvil,25795072,50,16,fund_token,1.074708008673042,True,
anvil,25795072,50,16,discard,4.536458989605308,True,
anvil,25795072,50,17,acquire,885.3022079856601,True,
anvil,25795072,50,17,set_balance,1555.6959999958053,True,
anvil,25795072,50,17,fund_token,1047.1472089993767,True,
anvil,25795072,50,17,swap_eth_for_token,3613.665000011679,True,
anvil,25795072,50,17,get_balance,2.6887500134762377,True,
anvil,25795072,50,17,transfer,652.8503330191597,True,
anvil,25795072,50,17,get_balance,13.91112501733005,True,
anvil,25795072,50,17,discard,7.020291988737881,True,
anvil,25795072,50,18,acquire,868.8165000057779,True,
anvil,25795072,50,18,set_balance,1580.4319579910953,True,
anvil,25795072,50,18,get_balance,50.041416980093345,True,
anvil,25795072,50,18,fund_token,981.3288330042269,True,
anvil,25795072,50,18,get_balance,16.840416996274143,True,
anvil,25795072,50,18,fund_token,7.057999988319352,True,
anvil,25795072,50,18,get_balance,29.565292003098875,True,
anvil,25795072,50,18,discard,3.903792006894946,True,
anvil,25795072,50,19,acquire,872.0182090182789,True,
anvil,25795072,50,19,set_balance,1576.6648330027238,True,
anvil,25795072,50,19,transfer,5637.1584169974085,True,
anvil,25795072,50,19,get_balance,12.053209007717669,True,
anvil,25795072,50,19,swap_eth_for_token,2227.338958007749,True,
anvil,25795072,50,19,get_balance,1.6042919887695462,True,
anvil,25795072,50,19,transfer,498.3399579941761,True,
anvil,25795072,50,19,discard,4.562334012007341,True,
anvil,25795072,50,20,acquire,873.716208996484,True,
anvil,25795072,50,20,set_balance,1572.9652919981163,True,
anvil,25795072,50,20,get_balance,57.43670801166445,True,
anvil,25795072,50,20,transfer,1394.4795410207007,True,
anvil,25795072,50,20,get_balance,2.992249996168539,True,
anvil,25795072,50,20,fund_token,138.1228340032976,True,
anvil,25795072,50,20,transfer,592.4585000029765,True,
anvil,25795072,50,20,discard,9.299874975113198,True,
anvil,25795072,50,21,acquire,887.3268750030547,True,
anvil,25795072,50,21,set_balance,1533.7581670028158,True,
anvil,25795072,50,21,get_balance,62.23350000800565,True,
anvil,25795072,50,21,fund_token,419.3645839986857,True,
anvil,25795072,50,21,fund_token,1.513374998467043,True,
anvil,25795072,50,21,fund_token,1.2813339999411255,True,
anvil,25795072,50,21,approve,1097.8100420034025,True,
anvil,25795072,50,21,discard,4.572333011310548,True,
anvil,25795072,50,22,acquire,864.430582994828,True,
anvil,25795072,50,22,set_balance,1559.6879579825327,True,
anvil,25795072,50,22,get_balance,63.704708009026945,True,
anvil,25795072,50,22,transfer,2000.5503749998752,True,
anvil,25795072,50,22,get_balance,5.877457995666191,True,
anvil,25795072,50,22,swap_eth_for_token,4388.46950000152,True,
anvil,25795072,50,22,get_balance,9.37329200678505,True,
anvil,25795072,50,22,discard,6.319125008303672,True,
anvil,25795072,50,23,acquire,2551.0711660026573,True,
anvil,25795072,50,23,set_balance,515.222874993924,True,
anvil,25795072,50,23,swap_eth_for_token,4734.315083012916,True,
anvil,25795072,50,23,transfer,485.28879100922495,True,
anvil,25795072,50,23,fund_token,0.798500026576221,True,
anvil,25795072,50,23,approve,499.2452920123469,True,
anvil,25795072,50,23,swap_token_for_token,516.4083749987185,True,
anvil,25795072,50,23,discard,6.685416999971494,True,
anvil,25795072,50,24,acquire,837.9525829805061,True,
anvil,25795072,50,24,set_balance,1586.723249987699,True,
anvil,25795072,50,24,fund_token,1032.9119579982944,True,
anvil,25795072,50,24,get_balance,18.608916987432167,True,
anvil,25795072,50,24,get_balance,20.07241701357998,True,
anvil,25795072,50,24,transfer,1771.6805420059245,True,
anvil,25795072,50,24,swap_eth_for_token,2963.673124992056,True,
anvil,25795072,50,24,discard,4.550665995338932,True,
anvil,25795072,50,25,acquire,2541.187416994944,True,
anvil,25795072,50,25,set_balance,184.73395801265724,True,
anvil,25795072,50,25,fund_token,499.05087501974776,True,
anvil,25795072,50,25,get_balance,4.899916995782405,True,
anvil,25795072,50,25,fund_token,1.4217910065781325,True,
anvil,25795072,50,25,swap_eth_for_token,4814.720666996436,True,
anvil,25795072,50,25,swap_eth_for_token,266.910917009227,True,
anvil,25795072,50,25,discard,4.1063749813474715,True,
anvil,25795072,50,26,acquire,869.6563330013305,True,
anvil,25795072,50,26,set_balance,1599.1079999948852,True,
anvil,25795072,50,26,get_balance,20.714459009468555,True,
anvil,25795072,50,26,fund_token,171.34816601173952,True,
anvil,25795072,50,26,get_balance,4.670084017561749,True,
anvil,25795072,50,26,transfer,1855.6803329847753,True,
anvil,25795072,50,26,fund_token,6.214207998709753,True,
anvil,25795072,50,26,discard,4.923417000100017,True,
anvil,25795072,50,27,acquire,3598.6761250242125,True,
anvil,25795072,50,27,set_balance,179.99545799102634,True,
anvil,25795072,50,27,fund_token,424.1340839944314,True,
anvil,25795072,50,27,swap_eth_for_token,5472.398291982245,True,
anvil,25795072,50,27,transfer,501.7374169838149,True,
anvil,25795072,50,27,swap_eth_for_token,279.26741700503044,True,
anvil,25795072,50,27,swap_eth_for_token,264.3555410031695,True,
anvil,25795072,50,27,discard,4.996417002985254,True,
anvil,25795072,50,28,acquire,3581.294125004206,True,
anvil,25795072,50,28,set_balance,192.50299999839626,True,
anvil,25795072,50,28,transfer,973.1587499845773,True,
anvil,25795072,50,28,get_balance,7.6185000070836395,True,
anvil,25795072,50,28,get_balance,2.049875009106472,True,
anvil,25795072,50,28,fund_token,3706.9847079983447,True,
anvil,25795072,50,28,get_balance,3.723208006704226,True,
anvil,25795072,50,28,discard,4.539584013400599,True,
anvil,25795072,50,29,acquire,3369.4499589910265,True,
anvil,25795072,50,29,set_balance,202.44679201277904,True,
anvil,25795072,50,29,transfer,4110.575625003548,True,
anvil,25795072,50,29,swap_eth_for_token,2250.2773750165943,True,
anvil,25795072,50,29,swap_eth_for_token,277.9262499825563,True,
anvil,25795072,50,29,fund_token,6.952791998628527,True,
anvil,25795072,50,29,transfer,504.839583998546,True,
anvil,25795072,50,29,discard,5.6027499958872795,True,
anvil,25795072,50,30,acquire,3371.4154589979444,True,
anvil,25795072,50,30,set_balance,196.12658300320618,True,
anvil,25795072,50,30,swap_eth_for_token,5707.909332995769,True,
anvil,25795072,50,30,get_balance,2.083291008602828,True,
anvil,25795072,50,30,transfer,507.01604201458395,True,
anvil,25795072,50,30,fund_token,0.8492920023854822,True,
anvil,25795072,50,30,transfer,515.3122500050813,True,
anvil,25795072,50,30,discard,1.5232910227496177,True,
anvil,25795072,50,31,acquire,3631.321000022581,True,
anvil,25795072,50,31,set_balance,145.56720800464973,True,
anvil,25795072,50,31,transfer,931.4641660021152,True,
anvil,25795072,50,31,transfer,665.3073329944164,True,
anvil,25795072,50,31,get_balance,1.8937500135507435,True,
anvil,25795072,50,31,get_balance,1.7383329977747053,True,
anvil,25795072,50,31,get_balance,1.662166992900893,True,
anvil,25795072,50,31,discard,4.568290984025225,True,
anvil,25795072,50,32,acquire,3365.778625011444,True,
anvil,25795072,50,32,set_balance,189.16554198949598,True,
anvil,25795072,50,32,transfer,928.1124999979511,True,
anvil,25795072,50,32,get_balance,2.858500025467947,True,
anvil,25795072,50,32,get_balance,3.0433330102823675,True,
anvil,25795072,50,32,transfer,1368.2422080019023,True,
anvil,25795072,50,32,transfer,674.0155419975054,True,
anvil,25795072,50,32,discard,4.223791998811066,True,
anvil,25795072,50,33,acquire,4856.772125000134,True,
anvil,25795072,50,33,set_balance,173.589499987429,True,
anvil,25795072,50,33,get_balance,3.5461250226944685,True,
anvil,25795072,50,33,swap_eth_for_token,4773.66004200303,True,
anvil,25795072,50,33,get_balance,2.1082080202177167,True,
anvil,25795072,50,33,fund_token,0.7868749962653965,True,
anvil,25795072,50,33,swap_eth_for_token,265.85183301358484,True,
anvil,25795072,50,33,discard,5.011707980884239,True,
anvil,25795072,50,34,acquire,4008.799542003544,True,
anvil,25795072,50,34,set_balance,173.68108298978768,True,
anvil,25795072,50,34,swap_eth_for_token,6050.519250013167,True,
anvil,25795072,50,34,get_balance,1.493416988523677,True,
anvil,25795072,50,34,fund_token,0.6212080188561231,True,
anvil,25795072,50,34,transfer,499.70354200922884,True,
anvil,25795072,50,34,swap_eth_for_token,254.71599999582395,True,
anvil,25795072,50,34,discard,4.555916995741427,True,
anvil,25795072,50,35,acquire,4028.1723749940284,True,
anvil,25795072,50,35,set_balance,156.01958299521357,True,
anvil,25795072,50,35,swap_eth_for_token,5193.373042013263,True,
anvil,25795072,50,35,swap_eth_for_token,256.97654197574593,True,
anvil,25795072,50,35,swap_eth_for_token,271.2106670078356,True,
anvil,25795072,50,35,swap_eth_for_token,271.90112497191876,True,
anvil,25795072,50,35,swap_eth_for_token,272.59825001237914,True,
anvil,25795072,50,35,discard,4.6247080026660115,True,
anvil,25795072,50,36,acquire,3981.565916998079,True,
anvil,25795072,50,36,set_balance,185.1910839905031,True,
anvil,25795072,50,36,swap_eth_for_token,4970.742750010686,True,
anvil,25795072,50,36,transfer,500.5833330214955,True,
anvil,25795072,50,36,transfer,515.4094999888912,True,
anvil,25795072,50,36,get_balance,14.65600001392886,True,
anvil,25795072,50,36,swap_eth_for_token,272.4925840157084,True,
anvil,25795072,50,36,discard,4.345416004071012,True,
anvil,25795072,50,37,acquire,3998.895291995723,True,
anvil,25795072,50,37,set_balance,167.4498750071507,True,
anvil,25795072,50,37,transfer,3920.8871249866206,True,
anvil,25795072,50,37,swap_eth_for_token,2258.535208005924,True,
anvil,25795072,50,37,transfer,521.4929170033429,True,
anvil,25795072,50,37,swap_eth_for_token,259.37916699331254,True,
anvil,25795072,50,37,fund_token,2.4542500032112002,True,
anvil,25795072,50,37,discard,10.738584009232,True,
anvil,25795072,50,38,acquire,4112.527833000058,True,
anvil,25795072,50,38,set_balance,236.00662499666214,True,
anvil,25795072,50,38,fund_token,335.7418749947101,True,
anvil,25795072,50,38,transfer,1042.9986249946523,True,
anvil,25795072,50,38,swap_eth_for_token,2675.732750009047,True,
anvil,25795072,50,38,swap_eth_for_token,248.91579101677053,True,
anvil,25795072,50,38,approve,487.780791008845,True,
anvil,25795072,50,38,discard,4.541291011264548,True,
anvil,25795072,50,39,acquire,4064.2864590045065,True,
anvil,25795072,50,39,set_balance,280.2530830085743,True,
anvil,25795072,50,39,get_balance,9.152208018349484,True,
anvil,25795072,50,39,fund_token,850.9342919860501,True,
anvil,25795072,50,39,get_balance,29.5570409798529,True,
anvil,25795072,50,39,fund_token,4.029500007163733,True,
anvil,25795072,50,39,swap_eth_for_token,4090.627666999353,True,
anvil,25795072,50,39,discard,4.539416986517608,True,
anvil,25795072,50,40,acquire,4098.845415981486,True,
anvil,25795072,50,40,set_balance,241.73891701502725,True,
anvil,25795072,50,40,fund_token,1797.284458996728,True,
anvil,25795072,50,40,get_balance,5.881624994799495,True,
anvil,25795072,50,40,get_balance,5.5886250047478825,True,
anvil,25795072,50,40,swap_eth_for_token,3097.2163749975152,True,
anvil,25795072,50,40,fund_token,0.7130419835448265,True,
anvil,25795072,50,40,discard,4.540208989055827,True,
anvil,25795072,50,41,acquire,4814.364082994871,True,
anvil,25795072,50,41,set_balance,173.23887499514967,True,
anvil,25795072,50,41,fund_token,220.9919169836212,True,
anvil,25795072,50,41,get_balance,22.16816699365154,True,
anvil,25795072,50,41,fund_token,12.307583005167544,True,
anvil,25795072,50,41,approve,2370.5444170045666,True,
anvil,25795072,50,41,swap_token_for_token,1993.353500001831,True,
anvil,25795072,50,41,discard,4.806125012692064,True,
anvil,25795072,50,42,acquire,4276.732166996226,True,
anvil,25795072,50,42,set_balance,267.3130420153029,True,
anvil,25795072,50,42,transfer,984.5612499921117,True,
anvil,25795072,50,42,swap_eth_for_token,3296.000583010027,True,
anvil,25795072,50,42,get_balance,4.532958002528176,True,
anvil,25795072,50,42,transfer,498.3152089989744,True,
anvil,25795072,50,42,fund_token,0.6317919760476798,True,
anvil,25795072,50,42,discard,4.796541994437575,True,
anvil,25795072,50,43,acquire,4276.184665999608,True,
anvil,25795072,50,43,set_balance,264.49079101439565,True,
anvil,25795072,50,43,transfer,988.1637499784119,True,
anvil,25795072,50,43,get_balance,6.610791984712705,True,
anvil,25795072,50,43,swap_eth_for_token,3935.612041008426,True,
anvil,25795072,50,43,fund_token,0.8355840109288692,True,
anvil,25795072,50,43,approve,506.4666250254959,True,
anvil,25795072,50,43,discard,4.551040998194367,True,
anvil,25795072,50,44,acquire,4506.81020799675,True,
anvil,25795072,50,44,set_balance,894.311584008392,True,
anvil,25795072,50,44,fund_token,286.34416600107215,True,
anvil,25795072,50,44,get_balance,5.636791989672929,True,
anvil,25795072,50,44,get_balance,4.317665996495634,True,
anvil,25795072,50,44,transfer,2025.2473329892382,True,
anvil,25795072,50,44,transfer,501.5147910162341,True,
anvil,25795072,50,44,discard,4.592042008880526,True,
anvil,25795072,50,45,acquire,7854.178958979901,True,
anvil,25795072,50,45,set_balance,137.39254101528786,True,
anvil,25795072,50,45,swap_eth_for_token,2417.690624977695,True,
anvil,25795072,50,45,fund_token,1.3207079900894314,True,
anvil,25795072,50,45,transfer,498.428499995498,True,
anvil,25795072,50,45,swap_eth_for_token,277.74175000377,True,
anvil,25795072,50,45,transfer,504.3377080000937,True,
anvil,25795072,50,45,discard,10.229790990706533,True,
anvil,25795072,50,46,acquire,4880.0749169895425,True,
anvil,25795072,50,46,set_balance,915.2737080003135,True,
anvil,25795072,50,46,transfer,982.7857500058599,True,
anvil,25795072,50,46,transfer,515.5326249951031,True,
anvil,25795072,50,46,get_balance,3.7877089926041663,True,
anvil,25795072,50,46,transfer,649.9912920116913,True,
anvil,25795072,50,46,swap_eth_for_token,2244.813500001328,True,
anvil,25795072,50,46,discard,4.55691700335592,True,
anvil,25795072,50,47,acquire,4881.451833003666,True,
anvil,25795072,50,47,set_balance,274.42604198586196,True,
anvil,25795072,50,47,swap_eth_for_token,3718.4424589795526,True,
anvil,25795072,50,47,fund_token,1.055875007295981,True,
anvil,25795072,50,47,approve,498.05254201055504,True,
anvil,25795072,50,47,approve,253.40279200463556,True,
anvil,25795072,50,47,approve,243.96420799894258,True,
anvil,25795072,50,47,discard,4.557290987577289,True,
anvil,25795072,50,48,acquire,4899.244583008112,True,
anvil,25795072,50,48,set_balance,251.08575000194833,True,
anvil,25795072,50,48,swap_eth_for_token,3912.7429999934975,True,
anvil,25795072,50,48,swap_eth_for_token,258.75970799825154,True,
anvil,25795072,50,48,fund_token,0.7288339838851243,True,
anvil,25795072,50,48,get_balance,1.4298750029411167,True,
anvil,25795072,50,48,fund_token,0.6221249932423234,True,
anvil,25795072,50,48,discard,4.196499998215586,True,
anvil,25795072,50,49,acquire,5738.631750020431,True,
anvil,25795072,50,49,set_balance,246.57529199612327,True,
anvil,25795072,50,49,transfer,2379.8480419791304,True,
anvil,25795072,50,49,fund_token,146.73191698966548,True,
anvil,25795072,50,49,swap_eth_for_token,1984.25966699142,True,
anvil,25795072,50,49,transfer,528.1297080218792,True,
anvil,25795072,50,49,get_balance,4.265415976988152,True,
anvil,25795072,50,49,discard,4.307166003854945,True,
anvil,25795072,50,-1,__total__,11915.191416977905,True,
forkyard,25795072,100,0,acquire,14.343999995617196,True,
forkyard,25795072,100,0,set_balance,672.9578750091605,True,
forkyard,25795072,100,0,fund_token,1271.1418340040836,True,
forkyard,25795072,100,0,transfer,2599.5689580158796,True,
forkyard,25795072,100,0,approve,3271.0985000012442,True,
forkyard,25795072,100,0,swap_eth_for_token,1540.1051669905428,True,
forkyard,25795072,100,0,swap_eth_for_token,1687.4890420003794,True,
forkyard,25795072,100,0,discard,133.07179100229405,True,
forkyard,25795072,100,1,acquire,23.791665997123346,True,
forkyard,25795072,100,1,set_balance,1061.0367079789285,True,
forkyard,25795072,100,1,get_balance,2578.6725000070874,True,
forkyard,25795072,100,1,swap_eth_for_token,3545.264958986081,True,
forkyard,25795072,100,1,fund_token,551.7244999937247,True,
forkyard,25795072,100,1,fund_token,420.00141699099913,True,
forkyard,25795072,100,1,get_balance,857.4689579836559,True,
forkyard,25795072,100,1,discard,275.6251670070924,True,
forkyard,25795072,100,2,acquire,22.837750002508983,True,
forkyard,25795072,100,2,set_balance,665.9106249862816,True,
forkyard,25795072,100,2,transfer,3541.6593340050895,True,
forkyard,25795072,100,2,transfer,3391.6741669818293,True,
forkyard,25795072,100,2,get_balance,658.7775420048274,True,
forkyard,25795072,100,2,swap_eth_for_token,1555.5686250154395,True,
forkyard,25795072,100,2,transfer,1259.5834170060698,True,
forkyard,25795072,100,2,discard,15.879458020208403,True,
forkyard,25795072,100,3,acquire,30.36566701484844,True,
forkyard,25795072,100,3,set_balance,1047.5939169991761,True,
forkyard,25795072,100,3,get_balance,2591.677749995142,True,
forkyard,25795072,100,3,swap_eth_for_token,3534.3202910153195,True,
forkyard,25795072,100,3,transfer,1843.7774170015473,True,
forkyard,25795072,100,3,fund_token,258.93974999780767,True,
forkyard,25795072,100,3,approve,1437.4021670082584,True,
forkyard,25795072,100,3,discard,444.79345899890177,True,
forkyard,25795072,100,4,acquire,18.502916005672887,True,
forkyard,25795072,100,4,set_balance,629.3589579872787,True,
forkyard,25795072,100,4,get_balance,3012.9686660075095,True,
forkyard,25795072,100,4,transfer,4709.970000025351,True,
forkyard,25795072,100,4,fund_token,11.225042020669207,True,
forkyard,25795072,100,4,transfer,1670.4319169803057,True,
forkyard,25795072,100,4,transfer,601.0746669780929,True,
forkyard,25795072,100,4,discard,16.532499983441085,True,
forkyard,25795072,100,5,acquire,27.431084017734975,True,
forkyard,25795072,100,5,set_balance,1458.8076249929145,True,
forkyard,25795072,100,5,swap_eth_for_token,5036.203083989676,True,
forkyard,25795072,100,5,transfer,1777.1442500234116,True,
forkyard,25795072,100,5,get_balance,970.0504170032218,True,
forkyard,25795072,100,5,get_balance,845.9036670101341,True,
forkyard,25795072,100,5,swap_eth_for_token,1200.4657499783207,True,
forkyard,25795072,100,5,discard,546.4879999926779,True,
forkyard,25795072,100,6,acquire,25.582875008694828,True,
forkyard,25795072,100,6,set_balance,1872.1409580030013,True,
forkyard,25795072,100,6,transfer,4766.072708007414,True,
forkyard,25795072,100,6,swap_eth_for_token,1964.9802089843433,True,
forkyard,25795072,100,6,transfer,2233.5152919986285,True,
forkyard,25795072,100,6,fund_token,417.67900000559166,True,
forkyard,25795072,100,6,swap_eth_for_token,1010.1946659851819,True,
forkyard,25795072,100,6,discard,8.02858400857076,True,
forkyard,25795072,100,7,acquire,13.84570900700055,True,
forkyard,25795072,100,7,set_balance,669.7073749965057,True,
forkyard,25795072,100,7,swap_eth_for_token,5172.911707981257,True,
forkyard,25795072,100,7,fund_token,847.0833750034217,True,
forkyard,25795072,100,7,transfer,1979.3953750049695,True,
forkyard,25795072,100,7,swap_eth_for_token,2252.7910000062548,True,
forkyard,25795072,100,7,approve,1421.9873330148403,True,
forkyard,25795072,100,7,discard,7.462084002327174,True,
forkyard,25795072,100,8,acquire,28.629208012716845,True,
forkyard,25795072,100,8,set_balance,1463.1762920180336,True,
forkyard,25795072,100,8,get_balance,2183.5817499959376,True,
forkyard,25795072,100,8,fund_token,6.6596249816939235,True,
forkyard,25795072,100,8,get_balance,24.41858302336186,True,
forkyard,25795072,100,8,transfer,4210.157041001366,True,
forkyard,25795072,100,8,get_balance,573.0744580214377,True,
forkyard,25795072,100,8,discard,13.709125021705404,True,
forkyard,25795072,100,9,acquire,29.347583011258394,True,
forkyard,25795072,100,9,set_balance,1732.703167013824,True,
forkyard,25795072,100,9,fund_token,1864.2052090144716,True,
forkyard,25795072,100,9,swap_eth_for_token,4049.2935839865822,True,
forkyard,25795072,100,9,get_balance,963.7286659853999,True,
forkyard,25795072,100,9,swap_eth_for_token,2116.5795830020215,True,
forkyard,25795072,100,9,approve,1567.1754170034546,True,
forkyard,25795072,100,9,discard,9.172958991257474,True,
forkyard,25795072,100,10,acquire,23.221374984132126,True,
forkyard,25795072,100,10,set_balance,1594.362750009168,True,
forkyard,25795072,100,10,transfer,6128.320582996821,True,
forkyard,25795072,100,10,fund_token,702.6888749969658,True,
forkyard,25795072,100,10,get_balance,31.292500003473833,True,
forkyard,25795072,100,10,fund_token,10.670166986528784,True,
forkyard,25795072,100,10,get_balance,24.25904100527987,True,
forkyard,25795072,100,10,discard,14.148082991596311,True,
forkyard,25795072,100,11,acquire,16.44595799734816,True,
forkyard,25795072,100,11,set_balance,664.908042002935,True,
forkyard,25795072,100,11,fund_token,1266.7924580164254,True,
forkyard,25795072,100,11,fund_token,2011.4533749874681,True,
forkyard,25795072,100,11,get_balance,277.8314579918515,True,
forkyard,25795072,100,11,approve,3471.6408750100527,True,
forkyard,25795072,100,11,fund_token,105.42583401547745,True,
forkyard,25795072,100,11,discard,550.5149580130819,True,
forkyard,25795072,100,12,acquire,22.8947080031503,True,
forkyard,25795072,100,12,set_balance,1745.2635420195293,True,
forkyard,25795072,100,12,fund_token,2153.8392920047045,True,
forkyard,25795072,100,12,approve,2603.767832973972,True,
forkyard,25795072,100,12,fund_token,969.6410000033211,True,
forkyard,25795072,100,12,swap_eth_for_token,1270.2050830121152,True,
forkyard,25795072,100,12,swap_eth_for_token,1391.5124580089469,True,
forkyard,25795072,100,12,discard,849.2634170106612,True,
forkyard,25795072,100,13,acquire,17.230500001460314,True,
forkyard,25795072,100,13,set_balance,1073.0248749896418,True,
forkyard,25795072,100,13,swap_eth_for_token,5606.128707993776,True,
forkyard,25795072,100,13,get_balance,981.8297500023618,True,
forkyard,25795072,100,13,get_balance,983.2076249876991,True,
forkyard,25795072,100,13,get_balance,858.7602079787757,True,
forkyard,25795072,100,13,transfer,2134.627166989958,True,
forkyard,25795072,100,13,discard,532.2906249784864,True,
forkyard,25795072,100,14,acquire,13.883709005312994,True,
forkyard,25795072,100,14,set_balance,1589.812541991705,True,
forkyard,25795072,100,14,transfer,6409.446167002898,True,
forkyard,25795072,100,14,swap_eth_for_token,1777.4119169916958,True,
forkyard,25795072,100,14,swap_eth_for_token,1035.0755830004346,True,
forkyard,25795072,100,14,fund_token,19.529083016095683,True,
forkyard,25795072,100,14,fund_token,7.697958004428074,True,
forkyard,25795072,100,14,discard,10.575666994554922,True,
forkyard,25795072,100,15,acquire,13.724459015065804,True,
forkyard,25795072,100,15,set_balance,1874.644833005732,True,
forkyard,25795072,100,15,get_balance,2000.4995420167688,True,
forkyard,25795072,100,15,transfer,3775.4255830077454,True,
forkyard,25795072,100,15,get_balance,551.508875010768,True,
forkyard,25795072,100,15,transfer,1830.478415999096,True,
forkyard,25795072,100,15,swap_eth_for_token,1597.852042003069,True,
forkyard,25795072,100,15,discard,142.96191700850613,True,
forkyard,25795072,100,16,acquire,219.42470798967406,True,
forkyard,25795072,100,16,set_balance,3428.8163330056705,True,
forkyard,25795072,100,16,swap_eth_for_token,3775.7386660086922,True,
forkyard,25795072,100,16,fund_token,384.2696249776054,True,
forkyard,25795072,100,16,fund_token,693.1997089996003,True,
forkyard,25795072,100,16,fund_token,726.9942920247559,True,
forkyard,25795072,100,16,fund_token,282.67054198659025,True,
forkyard,25795072,100,16,discard,1116.368417016929,True,
forkyard,25795072,100,17,acquire,535.0667919847183,True,
forkyard,25795072,100,17,set_balance,3397.022499993909,True,
forkyard,25795072,100,17,fund_token,137.8416249935981,True,
forkyard,25795072,100,17,swap_eth_for_token,3318.0156660091598,True,
forkyard,25795072,100,17,get_balance,402.8932499932125,True,
forkyard,25795072,100,17,transfer,1542.2485420131125,True,
forkyard,25795072,100,17,get_balance,537.6887090096716,True,
forkyard,25795072,100,17,discard,569.8223329964094,True,
forkyard,25795072,100,18,acquire,222.9338749893941,True,
forkyard,25795072,100,18,set_balance,3423.813291999977,True,
forkyard,25795072,100,18,get_balance,2174.222000001464,True,
forkyard,25795072,100,18,fund_token,850.4421669931617,True,
forkyard,25795072,100,18,get_balance,996.0635830066167,True,
forkyard,25795072,100,18,fund_token,693.0654579773545,True,
forkyard,25795072,100,18,get_balance,863.9059999841265,True,
forkyard,25795072,100,18,discard,285.64133297186345,True,
forkyard,25795072,100,19,acquire,12.960749998455867,True,
forkyard,25795072,100,19,set_balance,1052.3894580255728,True,
forkyard,25795072,100,19,transfer,4609.804415988037,True,
forkyard,25795072,100,19,get_balance,2044.2158340010792,True,
forkyard,25795072,100,19,swap_eth_for_token,1575.4875410057139,True,
forkyard,25795072,100,19,get_balance,823.2486250053626,True,
forkyard,25795072,100,19,transfer,1497.5778750085738,True,
forkyard,25795072,100,19,discard,253.0101250158623,True,
forkyard,25795072,100,20,acquire,505.83300000289455,True,
forkyard,25795072,100,20,set_balance,3399.0654579829425,True,
forkyard,25795072,100,20,get_balance,302.1504170028493,True,
forkyard,25795072,100,20,transfer,3431.899582996266,True,
forkyard,25795072,100,20,get_balance,670.9823749843054,True,
forkyard,25795072,100,20,fund_token,420.8062080142554,True,
forkyard,25795072,100,20,transfer,1399.016582989134,True,
forkyard,25795072,100,20,discard,849.020333000226,True,
forkyard,25795072,100,21,acquire,190.78483400517143,True,
forkyard,25795072,100,21,set_balance,3417.024708003737,True,
forkyard,25795072,100,21,get_balance,56.2490829906892,True,
forkyard,25795072,100,21,fund_token,8.96095801726915,True,
forkyard,25795072,100,21,fund_token,3.4681250108405948,True,
forkyard,25795072,100,21,fund_token,16.131249984027818,True,
forkyard,25795072,100,21,approve,4776.173790975008,True,
forkyard,25795072,100,21,discard,21.870416996534914,True,
forkyard,25795072,100,22,acquire,13.124333985615522,True,
forkyard,25795072,100,22,set_balance,1595.2154159895144,True,
forkyard,25795072,100,22,get_balance,2297.9611249757,True,
forkyard,25795072,100,22,transfer,3794.855499989353,True,
forkyard,25795072,100,22,get_balance,543.6335410049651,True,
forkyard,25795072,100,22,swap_eth_for_token,1847.6408749993425,True,
forkyard,25795072,100,22,get_balance,876.3899590121582,True,
forkyard,25795072,100,22,discard,287.51595801441,True,
forkyard,25795072,100,23,acquire,213.62791597493924,True,
forkyard,25795072,100,23,set_balance,3426.316333003342,True,
forkyard,25795072,100,23,swap_eth_for_token,4043.2715000060853,True,
forkyard,25795072,100,23,transfer,1813.3000829839148,True,
forkyard,25795072,100,23,fund_token,1110.0364999729209,True,
forkyard,25795072,100,23,approve,1580.0413750112057,True,
forkyard,25795072,100,23,swap_token_for_token,442.9739589977544,True,
forkyard,25795072,100,23,discard,135.8104580140207,True,
forkyard,25795072,100,24,acquire,187.62695798068307,True,
forkyard,25795072,100,24,set_balance,3431.6059999982826,True,
forkyard,25795072,100,24,fund_token,40.50862501026131,True,
forkyard,25795072,100,24,get_balance,19.994250003946945,True,
forkyard,25795072,100,24,get_balance,1859.8526249988936,True,
forkyard,25795072,100,24,transfer,2924.948416999541,True,
forkyard,25795072,100,24,swap_eth_for_token,1336.119666986633,True,
forkyard,25795072,100,24,discard,405.2530830085743,True,
forkyard,25795072,100,25,acquire,531.6203330003191,True,
forkyard,25795072,100,25,set_balance,3386.6957089921925,True,
forkyard,25795072,100,25,fund_token,143.68941698921844,True,
forkyard,25795072,100,25,get_balance,452.3979999939911,True,
forkyard,25795072,100,25,fund_token,2006.8496669991873,True,
forkyard,25795072,100,25,swap_eth_for_token,1834.0157920029014,True,
forkyard,25795072,100,25,swap_eth_for_token,1116.3686249929015,True,
forkyard,25795072,100,25,discard,403.4224580100272,True,
forkyard,25795072,100,26,acquire,489.88470900803804,True,
forkyard,25795072,100,26,set_balance,3128.478999977233,True,
forkyard,25795072,100,26,get_balance,2045.6815419893246,True,
forkyard,25795072,100,26,fund_token,813.4988340025302,True,
forkyard,25795072,100,26,get_balance,1253.1969170086086,True,
forkyard,25795072,100,26,transfer,1549.9352079932578,True,
forkyard,25795072,100,26,fund_token,274.7987090260722,True,
forkyard,25795072,100,26,discard,561.4508329890668,True,
forkyard,25795072,100,27,acquire,355.2221670106519,True,
forkyard,25795072,100,27,set_balance,3286.294707999332,True,
forkyard,25795072,100,27,fund_token,1891.6838750010356,True,
forkyard,25795072,100,27,swap_eth_for_token,2151.0907920019235,True,
forkyard,25795072,100,27,transfer,1812.9377920122351,True,
forkyard,25795072,100,27,swap_eth_for_token,2121.6322079999372,True,
forkyard,25795072,100,27,swap_eth_for_token,692.5968750147149,True,
forkyard,25795072,100,27,discard,11.53929199790582,True,
forkyard,25795072,100,28,acquire,499.7206670232117,True,
forkyard,25795072,100,28,set_balance,3399.4319579796866,True,
forkyard,25795072,100,28,transfer,3414.4175419933163,True,
forkyard,25795072,100,28,get_balance,399.4160830043256,True,
forkyard,25795072,100,28,get_balance,973.0437499820255,True,
forkyard,25795072,100,28,fund_token,570.4030409979168,True,
forkyard,25795072,100,28,get_balance,551.08087498229,True,
forkyard,25795072,100,28,discard,571.270167012699,True,
forkyard,25795072,100,29,acquire,182.04774998594075,True,
forkyard,25795072,100,29,set_balance,3429.7120420087595,True,
forkyard,25795072,100,29,transfer,4748.683082987554,True,
forkyard,25795072,100,29,swap_eth_for_token,1761.8310000107158,True,
forkyard,25795072,100,29,swap_eth_for_token,609.2701249872334,True,
forkyard,25795072,100,29,fund_token,15.185958007350564,True,
forkyard,25795072,100,29,transfer,596.582166996086,True,
forkyard,25795072,100,29,discard,2.1514580002985895,True,
forkyard,25795072,100,30,acquire,8.19041600334458,True,
forkyard,25795072,100,30,set_balance,1463.0291670036968,True,
forkyard,25795072,100,30,swap_eth_for_token,4320.810625009472,True,
forkyard,25795072,100,30,get_balance,1934.4677090120967,True,
forkyard,25795072,100,30,transfer,1573.0397909937892,True,
forkyard,25795072,100,30,fund_token,404.9521250126418,True,
forkyard,25795072,100,30,transfer,1631.280917004915,True,
forkyard,25795072,100,30,discard,535.0725410098676,True,
forkyard,25795072,100,31,acquire,494.38416701741517,True,
forkyard,25795072,100,31,set_balance,3401.123874995392,True,
forkyard,25795072,100,31,transfer,3416.966374992626,True,
forkyard,25795072,100,31,transfer,1386.8629169883206,True,
forkyard,25795072,100,31,get_balance,690.1196250109933,True,
forkyard,25795072,100,31,get_balance,989.3211250018794,True,
forkyard,25795072,100,31,get_balance,708.9161660114769,True,
forkyard,25795072,100,31,discard,10.330624994821846,True,
forkyard,25795072,100,32,acquire,476.9437919894699,True,
forkyard,25795072,100,32,set_balance,3153.23675001855,True,
forkyard,25795072,100,32,transfer,3394.692791014677,True,
forkyard,25795072,100,32,get_balance,974.836375011364,True,
forkyard,25795072,100,32,get_balance,850.1143330067862,True,
forkyard,25795072,100,32,transfer,1704.0293329919223,True,
forkyard,25795072,100,32,transfer,1185.045291989809,True,
forkyard,25795072,100,32,discard,4.988541011698544,True,
forkyard,25795072,100,33,acquire,173.59508300432935,True,
forkyard,25795072,100,33,set_balance,3429.9064169754274,True,
forkyard,25795072,100,33,get_balance,39.50337501009926,True,
forkyard,25795072,100,33,swap_eth_for_token,4812.727999989875,True,
forkyard,25795072,100,33,get_balance,36.97350001311861,True,
forkyard,25795072,100,33,fund_token,18.61983400885947,True,
forkyard,25795072,100,33,swap_eth_for_token,1715.3863339917734,True,
forkyard,25795072,100,33,discard,9.14895799360238,True,
forkyard,25795072,100,34,acquire,338.43324999907054,True,
forkyard,25795072,100,34,set_balance,3266.363833012292,True,
forkyard,25795072,100,34,swap_eth_for_token,3773.8282499776687,True,
forkyard,25795072,100,34,get_balance,1092.2111670079175,True,
forkyard,25795072,100,34,fund_token,717.7167920162901,True,
forkyard,25795072,100,34,transfer,2112.0425420231186,True,
forkyard,25795072,100,34,swap_eth_for_token,989.1270840016659,True,
forkyard,25795072,100,34,discard,8.4824159857817,True,
forkyard,25795072,100,35,acquire,473.53741599363275,True,
forkyard,25795072,100,35,set_balance,3111.189415998524,True,
forkyard,25795072,100,35,swap_eth_for_token,3557.2886670124717,True,
forkyard,25795072,100,35,swap_eth_for_token,1837.3659999924712,True,
forkyard,25795072,100,35,swap_eth_for_token,1400.4616669844836,True,
forkyard,25795072,100,35,swap_eth_for_token,1489.807167003164,True,
forkyard,25795072,100,35,swap_eth_for_token,18.118417006917298,True,
forkyard,25795072,100,35,discard,0.7287079934030771,True,
forkyard,25795072,100,36,acquire,346.2781249836553,True,
forkyard,25795072,100,36,set_balance,3271.8477910093497,True,
forkyard,25795072,100,36,swap_eth_for_token,3763.5742500133347,True,
forkyard,25795072,100,36,transfer,1836.5482079971116,True,
forkyard,25795072,100,36,transfer,2065.1064999983646,True,
forkyard,25795072,100,36,get_balance,821.7804589949083,True,
forkyard,25795072,100,36,swap_eth_for_token,472.19833300914615,True,
forkyard,25795072,100,36,discard,134.7027920128312,True,
forkyard,25795072,100,37,acquire,517.0714170089923,True,
forkyard,25795072,100,37,set_balance,3381.0578749980778,True,
forkyard,25795072,100,37,transfer,3565.364916983526,True,
forkyard,25795072,100,37,swap_eth_for_token,1822.9542910121381,True,
forkyard,25795072,100,37,transfer,1662.653749983292,True,
forkyard,25795072,100,37,swap_eth_for_token,626.1442920076661,True,
forkyard,25795072,100,37,fund_token,11.92637498024851,True,
forkyard,25795072,100,37,discard,1.0686669847927988,True,
forkyard,25795072,100,38,acquire,308.8868330232799,True,
forkyard,25795072,100,38,set_balance,3280.589832982514,True,
forkyard,25795072,100,38,fund_token,50.5389159952756,True,
forkyard,25795072,100,38,transfer,4763.137874979293,True,
forkyard,25795072,100,38,swap_eth_for_token,1776.4449169917498,True,
forkyard,25795072,100,38,swap_eth_for_token,611.5100420138333,True,
forkyard,25795072,100,38,approve,607.2559159947559,True,
forkyard,25795072,100,38,discard,3.181375010171905,True,
forkyard,25795072,100,39,acquire,488.13758400501683,True,
forkyard,25795072,100,39,set_balance,3386.9669580017217,True,
forkyard,25795072,100,39,get_balance,300.4589579941239,True,
forkyard,25795072,100,39,fund_token,295.643374993233,True,
forkyard,25795072,100,39,get_balance,2984.4316660019103,True,
forkyard,25795072,100,39,fund_token,153.31687501748092,True,
forkyard,25795072,100,39,swap_eth_for_token,1682.331999996677,True,
forkyard,25795072,100,39,discard,118.71133299428038,True,
forkyard,25795072,100,40,acquire,164.54674999113195,True,
forkyard,25795072,100,40,set_balance,3416.825041989796,True,
forkyard,25795072,100,40,fund_token,55.48641600762494,True,
forkyard,25795072,100,40,get_balance,22.868665982969105,True,
forkyard,25795072,100,40,get_balance,28.991375002078712,True,
forkyard,25795072,100,40,swap_eth_for_token,4759.852249990217,True,
forkyard,25795072,100,40,fund_token,12.20399999874644,True,
forkyard,25795072,100,40,discard,11.371958011295646,True,
forkyard,25795072,100,41,acquire,167.17633401276544,True,
forkyard,25795072,100,41,set_balance,3412.4277920054737,True,
forkyard,25795072,100,41,fund_token,45.64312499132939,True,
forkyard,25795072,100,41,get_balance,20.340457995189354,True,
forkyard,25795072,100,41,fund_token,9.91349999094382,True,
forkyard,25795072,100,41,approve,4201.022292021662,True,
forkyard,25795072,100,41,swap_token_for_token,2203.422374994261,True,
forkyard,25795072,100,41,discard,136.4948750124313,True,
forkyard,25795072,100,42,acquire,619.434457999887,True,
forkyard,25795072,100,42,set_balance,3226.3244159985334,True,
forkyard,25795072,100,42,transfer,3417.1138330129907,True,
forkyard,25795072,100,42,swap_eth_for_token,1373.2279169780668,True,
forkyard,25795072,100,42,get_balance,688.8662080164067,True,
forkyard,25795072,100,42,transfer,1562.3856669990346,True,
forkyard,25795072,100,42,fund_token,129.48500001220964,True,
forkyard,25795072,100,42,discard,11.945250007556751,True,
forkyard,25795072,100,43,acquire,324.3881670059636,True,
forkyard,25795072,100,43,set_balance,3285.0861659971997,True,
forkyard,25795072,100,43,transfer,3725.8190420106985,True,
forkyard,25795072,100,43,get_balance,1124.5193329814356,True,
forkyard,25795072,100,43,swap_eth_for_token,2263.1055419915356,True,
forkyard,25795072,100,43,fund_token,418.43154100934044,True,
forkyard,25795072,100,43,approve,1004.26966699888,True,
forkyard,25795072,100,43,discard,7.022042002063245,True,
forkyard,25795072,100,44,acquire,746.8624589964747,True,
forkyard,25795072,100,44,set_balance,2861.3976660126355,True,
forkyard,25795072,100,44,fund_token,278.6062090017367,True,
forkyard,25795072,100,44,get_balance,2568.6944159970153,True,
forkyard,25795072,100,44,get_balance,1251.4580419810954,True,
forkyard,25795072,100,44,transfer,1566.069458000129,True,
forkyard,25795072,100,44,transfer,1687.2846669866703,True,
forkyard,25795072,100,44,discard,274.994749983307,True,
forkyard,25795072,100,45,acquire,330.95812500687316,True,
forkyard,25795072,100,45,set_balance,3269.003082998097,True,
forkyard,25795072,100,45,swap_eth_for_token,4044.124916981673,True,
forkyard,25795072,100,45,fund_token,670.4777500126511,True,
forkyard,25795072,100,45,transfer,2259.8608749976847,True,
forkyard,25795072,100,45,swap_eth_for_token,1569.652041012887,True,
forkyard,25795072,100,45,transfer,567.9730410047341,True,
forkyard,25795072,100,45,discard,2.6910000015050173,True,
forkyard,25795072,100,46,acquire,470.2428749878891,True,
forkyard,25795072,100,46,set_balance,3388.258124992717,True,
forkyard,25795072,100,46,transfer,3412.381957983598,True,
forkyard,25795072,100,46,transfer,1373.6518750083633,True,
forkyard,25795072,100,46,get_balance,684.7831250051968,True,
forkyard,25795072,100,46,transfer,1556.0253750008997,True,
forkyard,25795072,100,46,swap_eth_for_token,622.6580000075046,True,
forkyard,25795072,100,46,discard,20.82454098854214,True,
forkyard,25795072,100,47,acquire,883.9298330130987,True,
forkyard,25795072,100,47,set_balance,2713.8386250007898,True,
forkyard,25795072,100,47,swap_eth_for_token,3552.4605420068838,True,
forkyard,25795072,100,47,fund_token,552.0623750053346,True,
forkyard,25795072,100,47,approve,1561.188082996523,True,
forkyard,25795072,100,47,approve,1425.732041010633,True,
forkyard,25795072,100,47,approve,1173.3994999958668,True,
forkyard,25795072,100,47,discard,18.309042003238574,True,
forkyard,25795072,100,48,acquire,574.2442079936154,True,
forkyard,25795072,100,48,set_balance,3001.3143340183888,True,
forkyard,25795072,100,48,swap_eth_for_token,3856.6875840188004,True,
forkyard,25795072,100,48,swap_eth_for_token,2619.4461660052184,True,
forkyard,25795072,100,48,fund_token,134.61612499668263,True,
forkyard,25795072,100,48,get_balance,31.067750009242445,True,
forkyard,25795072,100,48,fund_token,14.288374979514629,True,
forkyard,25795072,100,48,discard,11.541999992914498,True,
forkyard,25795072,100,49,acquire,450.6566660129465,True,
forkyard,25795072,100,49,set_balance,3116.284625022672,True,
forkyard,25795072,100,49,transfer,3721.311291999882,True,
forkyard,25795072,100,49,fund_token,392.1845000004396,True,
forkyard,25795072,100,49,swap_eth_for_token,1709.3136670009699,True,
forkyard,25795072,100,49,transfer,2116.990334005095,True,
forkyard,25795072,100,49,get_balance,680.9627500188071,True,
forkyard,25795072,100,49,discard,16.219542012549937,True,
forkyard,25795072,100,50,acquire,874.0190000098664,True,
forkyard,25795072,100,50,set_balance,2713.2107080251444,True,
forkyard,25795072,100,50,fund_token,291.60091700032353,True,
forkyard,25795072,100,50,swap_eth_for_token,3820.8852499956265,True,
forkyard,25795072,100,50,fund_token,419.87529199104756,True,
forkyard,25795072,100,50,transfer,1403.7288329855073,True,
forkyard,25795072,100,50,get_balance,1117.475209000986,True,
forkyard,25795072,100,50,discard,319.7012079763226,True,
forkyard,25795072,100,51,acquire,607.447417016374,True,
forkyard,25795072,100,51,set_balance,3234.139458014397,True,
forkyard,25795072,100,51,get_balance,287.7075829892419,True,
forkyard,25795072,100,51,get_balance,2313.255957997171,True,
forkyard,25795072,100,51,swap_eth_for_token,1828.3272919943556,True,
forkyard,25795072,100,51,fund_token,410.05045900237747,True,
forkyard,25795072,100,51,approve,1549.5372920122463,True,
forkyard,25795072,100,51,discard,703.4579160099383,True,
forkyard,25795072,100,52,acquire,571.880958013935,True,
forkyard,25795072,100,52,set_balance,2924.0606669918634,True,
forkyard,25795072,100,52,swap_eth_for_token,4854.220624984009,True,
forkyard,25795072,100,52,fund_token,18.10250000562519,True,
forkyard,25795072,100,52,fund_token,10.643999994499609,True,
forkyard,25795072,100,52,get_balance,22.933415981242433,True,
forkyard,25795072,100,52,fund_token,12.431582988938317,True,
forkyard,25795072,100,52,discard,146.53145801275969,True,
forkyard,25795072,100,53,acquire,599.3642919929698,True,
forkyard,25795072,100,53,set_balance,2971.343291021185,True,
forkyard,25795072,100,53,get_balance,2173.4932500112336,True,
forkyard,25795072,100,53,fund_token,853.8909579801839,True,
forkyard,25795072,100,53,fund_token,716.7959169892129,True,
forkyard,25795072,100,53,transfer,1857.9324580205139,True,
forkyard,25795072,100,53,swap_eth_for_token,2097.4304160044994,True,
forkyard,25795072,100,53,discard,266.26666702213697,True,
forkyard,25795072,100,54,acquire,1012.6591669977643,True,
forkyard,25795072,100,54,set_balance,2555.8369159989525,True,
forkyard,25795072,100,54,get_balance,2032.3025419784244,True,
forkyard,25795072,100,54,swap_eth_for_token,2356.4142500108574,True,
forkyard,25795072,100,54,fund_token,281.5660000196658,True,
forkyard,25795072,100,54,get_balance,986.3530409929808,True,
forkyard,25795072,100,54,swap_eth_for_token,1582.7397079847287,True,
forkyard,25795072,100,54,discard,442.88595800753683,True,
forkyard,25795072,100,55,acquire,595.7954589975998,True,
forkyard,25795072,100,55,set_balance,3254.73729200894,True,
forkyard,25795072,100,55,transfer,2982.178500009468,True,
forkyard,25795072,100,55,get_balance,848.0573749984615,True,
forkyard,25795072,100,55,transfer,1683.0114579934161,True,
forkyard,25795072,100,55,swap_eth_for_token,1695.3835829917807,True,
forkyard,25795072,100,55,swap_eth_for_token,476.76395799499005,True,
forkyard,25795072,100,55,discard,16.601250012172386,True,
forkyard,25795072,100,56,acquire,576.7820840119384,True,
forkyard,25795072,100,56,set_balance,2979.1772500029765,True,
forkyard,25795072,100,56,transfer,4724.88491598051,True,
forkyard,25795072,100,56,swap_eth_for_token,1759.2330829938874,True,
forkyard,25795072,100,56,get_balance,20.151249977061525,True,
forkyard,25795072,100,56,swap_eth_for_token,599.4130829931237,True,
forkyard,25795072,100,56,swap_eth_for_token,608.8598749774974,True,
forkyard,25795072,100,56,discard,3.053916007047519,True,
forkyard,25795072,100,57,acquire,598.853000003146,True,
forkyard,25795072,100,57,set_balance,4812.919457996031,True,
forkyard,25795072,100,57,transfer,2127.109749999363,True,
forkyard,25795072,100,57,transfer,1812.9677920078393,True,
forkyard,25795072,100,57,swap_eth_for_token,2114.6903749904595,True,
forkyard,25795072,100,57,swap_eth_for_token,702.9289999918547,True,
forkyard,25795072,100,57,fund_token,17.47191700269468,True,
forkyard,25795072,100,57,discard,141.34020800702274,True,
forkyard,25795072,100,58,acquire,596.3751669914927,True,
forkyard,25795072,100,58,set_balance,3248.8023749901913,True,
forkyard,25795072,100,58,get_balance,294.31495800963603,True,
forkyard,25795072,100,58,get_balance,2307.2699579934124,True,
forkyard,25795072,100,58,get_balance,1125.5819580110256,True,
forkyard,25795072,100,58,fund_token,137.71279199863784,True,
forkyard,25795072,100,58,swap_eth_for_token,1686.336625018157,True,
forkyard,25795072,100,58,discard,544.8237080127001,True,
forkyard,25795072,100,59,acquire,593.3588329935446,True,
forkyard,25795072,100,59,set_balance,4834.286790981423,True,
forkyard,25795072,100,59,get_balance,1123.8693339983001,True,
forkyard,25795072,100,59,fund_token,719.3815410137177,True,
forkyard,25795072,100,59,get_balance,1113.0365419958252,True,
forkyard,25795072,100,59,transfer,2250.507542019477,True,
forkyard,25795072,100,59,fund_token,559.1234999883454,True,
forkyard,25795072,100,59,discard,298.676834005164,True,
forkyard,25795072,100,60,acquire,573.5513340041507,True,
forkyard,25795072,100,60,set_balance,2977.388625004096,True,
forkyard,25795072,100,60,swap_eth_for_token,3591.6397089895327,True,
forkyard,25795072,100,60,get_balance,1276.4803330064751,True,
forkyard,25795072,100,60,get_balance,37.28762498940341,True,
forkyard,25795072,100,60,fund_token,16.944332979619503,True,
forkyard,25795072,100,60,transfer,1416.5975420037284,True,
forkyard,25795072,100,60,discard,276.0225420061033,True,
forkyard,25795072,100,61,acquire,1013.5297079978045,True,
forkyard,25795072,100,61,set_balance,2810.6763329997193,True,
forkyard,25795072,100,61,fund_token,1749.1422919847537,True,
forkyard,25795072,100,61,approve,2526.624833990354,True,
forkyard,25795072,100,61,swap_eth_for_token,1400.1567910017911,True,
forkyard,25795072,100,61,swap_token_for_token,1749.2159999965224,True,
forkyard,25795072,100,61,swap_eth_for_token,582.4197080219164,True,
forkyard,25795072,100,61,discard,6.722457997966558,True,
forkyard,25795072,100,62,acquire,573.7634999968577,True,
forkyard,25795072,100,62,set_balance,2980.2667920012027,True,
forkyard,25795072,100,62,get_balance,55.42950000381097,True,
forkyard,25795072,100,62,get_balance,29.54179100925103,True,
forkyard,25795072,100,62,swap_eth_for_token,4780.8421660156455,True,
forkyard,25795072,100,62,get_balance,30.186332995072007,True,
forkyard,25795072,100,62,get_balance,22.90066599380225,True,
forkyard,25795072,100,62,discard,6.09637500019744,True,
forkyard,25795072,100,63,acquire,1008.098374994006,True,
forkyard,25795072,100,63,set_balance,2821.2345000065397,True,
forkyard,25795072,100,63,fund_token,1750.0877910060808,True,
forkyard,25795072,100,63,swap_eth_for_token,2351.3677500013728,True,
forkyard,25795072,100,63,fund_token,280.8743749919813,True,
forkyard,25795072,100,63,fund_token,706.1398340156302,True,
forkyard,25795072,100,63,transfer,1415.7438749971334,True,
forkyard,25795072,100,63,discard,430.88454101234674,True,
forkyard,25795072,100,64,acquire,596.3631669874303,True,
forkyard,25795072,100,64,set_balance,3275.526500015985,True,
forkyard,25795072,100,64,fund_token,136.55495797866024,True,
forkyard,25795072,100,64,approve,3324.9016249901615,True,
forkyard,25795072,100,64,get_balance,386.78287499351427,True,
forkyard,25795072,100,64,swap_token_for_token,1692.6783749950118,True,
forkyard,25795072,100,64,fund_token,542.1672090014908,True,
forkyard,25795072,100,64,discard,852.0564589998685,True,
forkyard,25795072,100,65,acquire,570.1905419991817,True,
forkyard,25795072,100,65,set_balance,2917.701500002295,True,
forkyard,25795072,100,65,fund_token,20.035749999806285,True,
forkyard,25795072,100,65,swap_eth_for_token,4823.212334013078,True,
forkyard,25795072,100,65,fund_token,17.215041996678337,True,
forkyard,25795072,100,65,approve,1748.222041002009,True,
forkyard,25795072,100,65,swap_token_for_token,610.1710840011947,True,
forkyard,25795072,100,65,discard,14.64683297672309,True,
forkyard,25795072,100,66,acquire,595.0766250025481,True,
forkyard,25795072,100,66,set_balance,2955.5597089929506,True,
forkyard,25795072,100,66,transfer,3723.550583992619,True,
forkyard,25795072,100,66,fund_token,827.9883329814766,True,
forkyard,25795072,100,66,fund_token,291.93566701724194,True,
forkyard,25795072,100,66,swap_eth_for_token,2116.7610840057023,True,
forkyard,25795072,100,66,fund_token,559.9591660138685,True,
forkyard,25795072,100,66,discard,284.3602909997571,True,
forkyard,25795072,100,67,acquire,1015.842791995965,True,
forkyard,25795072,100,67,set_balance,2812.2159159975126,True,
forkyard,25795072,100,67,transfer,3836.2550829770043,True,
forkyard,25795072,100,67,fund_token,541.4498340105638,True,
forkyard,25795072,100,67,fund_token,706.1022080015391,True,
forkyard,25795072,100,67,approve,1426.8418330175336,True,
forkyard,25795072,100,67,approve,1311.6802500153426,True,
forkyard,25795072,100,67,discard,144.96037500794046,True,
forkyard,25795072,100,68,acquire,595.7976250210777,True,
forkyard,25795072,100,68,set_balance,3340.0963330059312,True,
forkyard,25795072,100,68,fund_token,144.00458300951868,True,
forkyard,25795072,100,68,approve,3469.2656669940334,True,
forkyard,25795072,100,68,fund_token,105.4640410002321,True,
forkyard,25795072,100,68,swap_token_for_token,1697.9707079881337,True,
forkyard,25795072,100,68,get_balance,1391.9570840080269,True,
forkyard,25795072,100,68,discard,285.80829201382585,True,
forkyard,25795072,100,69,acquire,598.4795000113081,True,
forkyard,25795072,100,69,set_balance,2953.9160420245025,True,
forkyard,25795072,100,69,transfer,3722.4065829941537,True,
forkyard,25795072,100,69,get_balance,1081.4633750123903,True,
forkyard,25795072,100,69,swap_eth_for_token,2271.507625002414,True,
forkyard,25795072,100,69,fund_token,554.5265830005519,True,
forkyard,25795072,100,69,fund_token,289.04124998371117,True,
forkyard,25795072,100,69,discard,563.4980000031646,True,
forkyard,25795072,100,70,acquire,1010.9152920194902,True,
forkyard,25795072,100,70,set_balance,2825.606833997881,True,
forkyard,25795072,100,70,transfer,3813.1406249885913,True,
forkyard,25795072,100,70,fund_token,542.2629580134526,True,
forkyard,25795072,100,70,get_balance,991.5696250100154,True,
forkyard,25795072,100,70,transfer,1574.7422499989625,True,
forkyard,25795072,100,70,approve,1037.80070898938,True,
forkyard,25795072,100,70,discard,8.570125006372109,True,
forkyard,25795072,100,71,acquire,598.6685829993803,True,
forkyard,25795072,100,71,set_balance,3237.698124983581,True,
forkyard,25795072,100,71,swap_eth_for_token,3450.4519999900367,True,
forkyard,25795072,100,71,swap_eth_for_token,975.1722500077449,True,
forkyard,25795072,100,71,get_balance,969.4667909934651,True,
forkyard,25795072,100,71,transfer,1681.6498750122264,True,
forkyard,25795072,100,71,transfer,623.2260830001906,True,
forkyard,25795072,100,71,discard,21.79541700752452,True,
forkyard,25795072,100,72,acquire,570.6435829924885,True,
forkyard,25795072,100,72,set_balance,2991.3222499890253,True,
forkyard,25795072,100,72,transfer,4734.0492910007015,True,
forkyard,25795072,100,72,swap_eth_for_token,1601.1026250198483,True,
forkyard,25795072,100,72,swap_eth_for_token,178.37804098962806,True,
forkyard,25795072,100,72,swap_eth_for_token,584.9251660110895,True,
forkyard,25795072,100,72,fund_token,17.418500006897375,True,
forkyard,25795072,100,72,discard,7.505791989387944,True,
forkyard,25795072,100,73,acquire,587.6669579884037,True,
forkyard,25795072,100,73,set_balance,2974.594875006005,True,
forkyard,25795072,100,73,swap_eth_for_token,3779.757166019408,True,
forkyard,25795072,100,73,fund_token,384.8713749903254,True,
forkyard,25795072,100,73,fund_token,695.5485829967074,True,
forkyard,25795072,100,73,approve,2264.2507499840576,True,
forkyard,25795072,100,73,fund_token,562.2203329985496,True,
forkyard,25795072,100,73,discard,286.0672500100918,True,
forkyard,25795072,100,74,acquire,598.1131669832394,True,
forkyard,25795072,100,74,set_balance,3243.8787079881877,True,
forkyard,25795072,100,74,transfer,3411.722082993947,True,
forkyard,25795072,100,74,transfer,1389.1090840043034,True,
forkyard,25795072,100,74,get_balance,692.9406249837484,True,
forkyard,25795072,100,74,swap_eth_for_token,1708.458207984222,True,
forkyard,25795072,100,74,fund_token,15.10870800120756,True,
forkyard,25795072,100,74,discard,149.62800001376309,True,
forkyard,25795072,100,75,acquire,596.7512500064913,True,
forkyard,25795072,100,75,set_balance,4822.159000003012,True,
forkyard,25795072,100,75,fund_token,284.72408300149255,True,
forkyard,25795072,100,75,fund_token,848.1102910009213,True,
forkyard,25795072,100,75,approve,1984.2454159806948,True,
forkyard,25795072,100,75,transfer,2238.402041984955,True,
forkyard,25795072,100,75,transfer,1427.3296659812331,True,
forkyard,25795072,100,75,discard,9.999208006775007,True,
forkyard,25795072,100,76,acquire,1001.2831249914598,True,
forkyard,25795072,100,76,set_balance,2568.254584009992,True,
forkyard,25795072,100,76,swap_eth_for_token,3544.752666988643,True,
forkyard,25795072,100,76,fund_token,554.0501659852453,True,
forkyard,25795072,100,76,swap_eth_for_token,1569.0487079846207,True,
forkyard,25795072,100,76,fund_token,408.11466600280255,True,
forkyard,25795072,100,76,swap_eth_for_token,1632.524040993303,True,
forkyard,25795072,100,76,discard,394.5344160019886,True,
forkyard,25795072,100,77,acquire,559.1470829967875,True,
forkyard,25795072,100,77,set_balance,2950.677207991248,True,
forkyard,25795072,100,77,swap_eth_for_token,4843.956041004276,True,
forkyard,25795072,100,77,get_balance,18.388541997410357,True,
forkyard,25795072,100,77,get_balance,15.03879198571667,True,
forkyard,25795072,100,77,swap_eth_for_token,1720.1540420064703,True,
forkyard,25795072,100,77,get_balance,24.492875003488734,True,
forkyard,25795072,100,77,discard,8.973500021966174,True,
forkyard,25795072,100,78,acquire,1012.1627499756869,True,
forkyard,25795072,100,78,set_balance,2844.4314579828642,True,
forkyard,25795072,100,78,get_balance,2551.4311250008177,True,
forkyard,25795072,100,78,swap_eth_for_token,1837.4569169827737,True,
forkyard,25795072,100,78,fund_token,688.7496660056058,True,
forkyard,25795072,100,78,get_balance,563.5352090175729,True,
forkyard,25795072,100,78,get_balance,1133.001999987755,True,
forkyard,25795072,100,78,discard,321.2786660005804,True,
forkyard,25795072,100,79,acquire,588.3571250014938,True,
forkyard,25795072,100,79,set_balance,3257.0872090000194,True,
forkyard,25795072,100,79,get_balance,290.54595800698735,True,
forkyard,25795072,100,79,swap_eth_for_token,3456.2392919906415,True,
forkyard,25795072,100,79,get_balance,657.7554169925861,True,
forkyard,25795072,100,79,fund_token,417.03275000327267,True,
forkyard,25795072,100,79,transfer,1690.2215830050409,True,
forkyard,25795072,100,79,discard,565.9682079858612,True,
forkyard,25795072,100,80,acquire,563.2031669956632,True,
forkyard,25795072,100,80,set_balance,2905.9811670158524,True,
forkyard,25795072,100,80,swap_eth_for_token,2896.1894160020165,True,
forkyard,25795072,100,80,fund_token,1515.8941670088097,True,
forkyard,25795072,100,80,swap_eth_for_token,2217.4977920076344,True,
forkyard,25795072,100,80,swap_eth_for_token,610.2869159949478,True,
forkyard,25795072,100,80,approve,609.4692089827731,True,
forkyard,25795072,100,80,discard,3.983000002335757,True,
forkyard,25795072,100,81,acquire,1004.0753750072327,True,
forkyard,25795072,100,81,set_balance,2820.0079159869347,True,
forkyard,25795072,100,81,fund_token,1759.6792920085136,True,
forkyard,25795072,100,81,approve,2347.459833981702,True,
forkyard,25795072,100,81,transfer,1556.500832986785,True,
forkyard,25795072,100,81,get_balance,1130.651166982716,True,
forkyard,25795072,100,81,swap_token_for_token,1202.9184589919169,True,
forkyard,25795072,100,81,discard,8.517875015968457,True,
forkyard,25795072,100,82,acquire,1010.0370419968385,True,
forkyard,25795072,100,82,set_balance,2818.6120000027586,True,
forkyard,25795072,100,82,get_balance,2553.106334002223,True,
forkyard,25795072,100,82,swap_eth_for_token,1831.5517499868292,True,
forkyard,25795072,100,82,get_balance,978.8838750100695,True,
forkyard,25795072,100,82,get_balance,844.230416987557,True,
forkyard,25795072,100,82,fund_token,569.8198750033043,True,
forkyard,25795072,100,82,discard,320.7042080175597,True,
forkyard,25795072,100,83,acquire,594.3390829779673,True,
forkyard,25795072,100,83,set_balance,4805.553500016686,True,
forkyard,25795072,100,83,fund_token,281.8197080050595,True,
forkyard,25795072,100,83,transfer,2524.7885839780793,True,
forkyard,25795072,100,83,fund_token,282.9408750112634,True,
forkyard,25795072,100,83,transfer,2118.253291992005,True,
forkyard,25795072,100,83,get_balance,848.6496660043485,True,
forkyard,25795072,100,83,discard,570.0541670084931,True,
forkyard,25795072,100,84,acquire,564.1683749854565,True,
forkyard,25795072,100,84,set_balance,2946.580208983505,True,
forkyard,25795072,100,84,swap_eth_for_token,4406.934375001583,True,
forkyard,25795072,100,84,fund_token,416.76104100770317,True,
forkyard,25795072,100,84,approve,1792.4725829798263,True,
forkyard,25795072,100,84,fund_token,12.272207997739315,True,
forkyard,25795072,100,84,approve,594.1105000092648,True,
forkyard,25795072,100,84,discard,17.22204202087596,True,
forkyard,25795072,100,85,acquire,582.1974169812165,True,
forkyard,25795072,100,85,set_balance,3232.8924169996753,True,
forkyard,25795072,100,85,get_balance,280.3364999999758,True,
forkyard,25795072,100,85,swap_eth_for_token,3465.2895829931367,True,
forkyard,25795072,100,85,get_balance,662.9905000154395,True,
forkyard,25795072,100,85,swap_eth_for_token,1128.1602090166416,True,
forkyard,25795072,100,85,fund_token,409.57220798009075,True,
forkyard,25795072,100,85,discard,570.811292011058,True,
forkyard,25795072,100,86,acquire,584.704166976735,True,
forkyard,25795072,100,86,set_balance,3353.2692499866243,True,
forkyard,25795072,100,86,transfer,3603.5689169948455,True,
forkyard,25795072,100,86,transfer,1641.986500006169,True,
forkyard,25795072,100,86,swap_eth_for_token,1547.0535839849617,True,
forkyard,25795072,100,86,transfer,750.92920899624,True,
forkyard,25795072,100,86,fund_token,20.77950001694262,True,
forkyard,25795072,100,86,discard,8.042542001930997,True,
forkyard,25795072,100,87,acquire,590.9042499843054,True,
forkyard,25795072,100,87,set_balance,4824.0031659952365,True,
forkyard,25795072,100,87,get_balance,1126.3176670181565,True,
forkyard,25795072,100,87,transfer,1820.4703749797773,True,
forkyard,25795072,100,87,swap_eth_for_token,2260.7128329982515,True,
forkyard,25795072,100,87,transfer,1563.373374985531,True,
forkyard,25795072,100,87,transfer,439.7137919731904,True,
forkyard,25795072,100,87,discard,3.0207919771783054,True,
forkyard,25795072,100,88,acquire,583.2237089925911,True,
forkyard,25795072,100,88,set_balance,2980.855291010812,True,
forkyard,25795072,100,88,fund_token,1900.8086249814369,True,
forkyard,25795072,100,88,swap_eth_for_token,1972.5423750060145,True,
forkyard,25795072,100,88,transfer,1850.530499999877,True,
forkyard,25795072,100,88,swap_eth_for_token,1965.2774999849498,True,
forkyard,25795072,100,88,get_balance,835.0603340077214,True,
forkyard,25795072,100,88,discard,140.12808300321922,True,
forkyard,25795072,100,89,acquire,561.8679170147516,True,
forkyard,25795072,100,89,set_balance,2973.466166004073,True,
forkyard,25795072,100,89,transfer,4736.987374984892,True,
forkyard,25795072,100,89,get_balance,25.31120800995268,True,
forkyard,25795072,100,89,transfer,1678.4570419986267,True,
forkyard,25795072,100,89,fund_token,14.382875000592321,True,
forkyard,25795072,100,89,get_balance,27.05545799108222,True,
forkyard,25795072,100,89,discard,144.27604101365432,True,
forkyard,25795072,100,90,acquire,1005.278750002617,True,
forkyard,25795072,100,90,set_balance,2810.855958989123,True,
forkyard,25795072,100,90,get_balance,2565.7750420214143,True,
forkyard,25795072,100,90,fund_token,692.2734169929754,True,
forkyard,25795072,100,90,swap_eth_for_token,1845.2772089804057,True,
forkyard,25795072,100,90,approve,1407.3068340076134,True,
forkyard,25795072,100,90,fund_token,427.7142499922775,True,
forkyard,25795072,100,90,discard,456.23729200451635,True,
forkyard,25795072,100,91,acquire,579.0310419979505,True,
forkyard,25795072,100,91,set_balance,3283.343207993312,True,
forkyard,25795072,100,91,transfer,3410.4667080100626,True,
forkyard,25795072,100,91,get_balance,414.42004099371843,True,
forkyard,25795072,100,91,fund_token,550.7672499807086,True,
forkyard,25795072,100,91,fund_token,417.8241249755956,True,
forkyard,25795072,100,91,swap_eth_for_token,1408.8356670108624,True,
forkyard,25795072,100,91,discard,850.2315410005394,True,
forkyard,25795072,100,92,acquire,565.7055000192486,True,
forkyard,25795072,100,92,set_balance,2975.1798750075977,True,
forkyard,25795072,100,92,fund_token,27.84529101336375,True,
forkyard,25795072,100,92,transfer,4696.2127500155475,True,
forkyard,25795072,100,92,get_balance,36.39145800843835,True,
forkyard,25795072,100,92,approve,1730.7733749912586,True,
forkyard,25795072,100,92,transfer,589.1121250169817,True,
forkyard,25795072,100,92,discard,15.415332978591323,True,
forkyard,25795072,100,93,acquire,997.7608750050422,True,
forkyard,25795072,100,93,set_balance,2814.4382079772186,True,
forkyard,25795072,100,93,fund_token,1751.5651249850634,True,
forkyard,25795072,100,93,transfer,2525.3732499841135,True,
forkyard,25795072,100,93,swap_eth_for_token,1398.588457988808,True,
forkyard,25795072,100,93,get_balance,1116.187000006903,True,
forkyard,25795072,100,93,transfer,1187.497875012923,True,
forkyard,25795072,100,93,discard,17.131458007497713,True,
forkyard,25795072,100,94,acquire,582.6624580076896,True,
forkyard,25795072,100,94,set_balance,4822.375458024908,True,
forkyard,25795072,100,94,get_balance,1140.923415980069,True,
forkyard,25795072,100,94,swap_eth_for_token,1984.9890840123408,True,
forkyard,25795072,100,94,fund_token,567.5514999893494,True,
forkyard,25795072,100,94,fund_token,284.66512498562224,True,
forkyard,25795072,100,94,swap_eth_for_token,2139.742917002877,True,
forkyard,25795072,100,94,discard,534.9495420232415,True,
forkyard,25795072,100,95,acquire,552.3768749844749,True,
forkyard,25795072,100,95,set_balance,2987.9794169974048,True,
forkyard,25795072,100,95,get_balance,48.479749995749444,True,
forkyard,25795072,100,95,transfer,4759.366415994009,True,
forkyard,25795072,100,95,transfer,1437.4388750002254,True,
forkyard,25795072,100,95,swap_eth_for_token,903.5512910049874,True,
forkyard,25795072,100,95,transfer,612.453582987655,True,
forkyard,25795072,100,95,discard,2.815374988131225,True,
forkyard,25795072,100,96,acquire,582.9397499910556,True,
forkyard,25795072,100,96,set_balance,3252.8587499982677,True,
forkyard,25795072,100,96,swap_eth_for_token,3457.2951669979375,True,
forkyard,25795072,100,96,fund_token,251.0353339894209,True,
forkyard,25795072,100,96,transfer,1674.5977909886278,True,
forkyard,25795072,100,96,transfer,1652.0240420068149,True,
forkyard,25795072,100,96,get_balance,155.16512500471435,True,
forkyard,25795072,100,96,discard,153.89099999447353,True,
forkyard,25795072,100,97,acquire,580.0590830040164,True,
forkyard,25795072,100,97,set_balance,2939.4994169997517,True,
forkyard,25795072,100,97,get_balance,2174.416832975112,True,
forkyard,25795072,100,97,swap_eth_for_token,2415.020375017775,True,
forkyard,25795072,100,97,transfer,1974.6076249866746,True,
forkyard,25795072,100,97,transfer,1989.2779159999918,True,
forkyard,25795072,100,97,swap_eth_for_token,447.72549998015165,True,
forkyard,25795072,100,97,discard,135.58470801217481,True,
forkyard,25795072,100,98,acquire,999.4055420102086,True,
forkyard,25795072,100,98,set_balance,2828.7396669911686,True,
forkyard,25795072,100,98,swap_eth_for_token,3846.8115830037277,True,
forkyard,25795072,100,98,swap_eth_for_token,1549.5717079902533,True,
forkyard,25795072,100,98,transfer,1695.4820840037428,True,
forkyard,25795072,100,98,swap_eth_for_token,873.2406249910127,True,
forkyard,25795072,100,98,fund_token,9.785125002963468,True,
forkyard,25795072,100,98,discard,2.5045840011443943,True,
forkyard,25795072,100,99,acquire,549.4278339901939,True,
forkyard,25795072,100,99,set_balance,3018.881791998865,True,
forkyard,25795072,100,99,fund_token,29.284499993082136,True,
forkyard,25795072,100,99,get_balance,34.745165990898386,True,
forkyard,25795072,100,99,get_balance,2791.962416988099,True,
forkyard,25795072,100,99,get_balance,1958.9609160029795,True,
forkyard,25795072,100,99,swap_eth_for_token,1360.5530830100179,True,
forkyard,25795072,100,99,discard,407.5170840078499,True,
forkyard,25795072,100,-1,__total__,12841.373833012767,True,
anvil,25795072,100,0,acquire,789.4455000059679,True,
anvil,25795072,100,0,set_balance,1270.7747910171747,True,
anvil,25795072,100,0,fund_token,30003.36287499522,False,"ReadTimeout(ReadTimeoutError(""HTTPConnectionPool(host='127.0.0.1', port=19000): Read timed out. (read timeout=30.0)""))"
anvil,25795072,100,0,transfer,18228.411374991992,False,"Web3RPCError('{\'code\': -32603, \'message\': \'Fork Error: Transport(Custom(reqwest::Error { kind: Request, url: ""https://mainnet.gateway.tenderly.co/YXEc9o0PFpWDR90xw86PQ"", source: hyper_util::clien"
anvil,25795072,100,0,approve,4.635749995941296,False,"ConnectionError(MaxRetryError('HTTPConnectionPool(host=\'127.0.0.1\', port=19000): Max retries exceeded with url: / (Caused by NewConnectionError(""HTTPConnection(host=\'127.0.0.1\', port=19000): Faile"
anvil,25795072,100,0,swap_eth_for_token,6.659292004769668,False,"ConnectionError(MaxRetryError('HTTPConnectionPool(host=\'127.0.0.1\', port=19000): Max retries exceeded with url: / (Caused by NewConnectionError(""HTTPConnection(host=\'127.0.0.1\', port=19000): Faile"
anvil,25795072,100,0,swap_eth_for_token,6.0537079989444464,False,"ConnectionError(MaxRetryError('HTTPConnectionPool(host=\'127.0.0.1\', port=19000): Max retries exceeded with url: / (Caused by NewConnectionError(""HTTPConnection(host=\'127.0.0.1\', port=19000): Faile"
anvil,25795072,100,0,discard,0.0237500062212348,True,
anvil,25795072,100,1,acquire,841.8950839841273,True,
anvil,25795072,100,1,set_balance,30005.55549998535,False,"ReadTimeout(ReadTimeoutError(""HTTPConnectionPool(host='127.0.0.1', port=19001): Read timed out. (read timeout=30.0)""))"
anvil,25795072,100,1,get_balance,18892.402583005605,False,"Web3RPCError(""{'code': -32603, 'message': 'failed to get account for 0x2A534E6083450671F666D0bC3F9394D00b31c3f9: error sending request for url (https://mainnet.gateway.tenderly.co/YXEc9o0PFpWDR90xw86P"
anvil,25795072,100,1,swap_eth_for_token,6916.236749995733,False,"Web3RPCError(""{'code': -32003, 'message': 'Insufficient funds for gas * price + value'}"")"
anvil,25795072,100,1,fund_token,140.7234159996733,True,
anvil,25795072,100,1,fund_token,10.00341700273566,True,
anvil,25795072,100,1,get_balance,11.270957998931408,True,
anvil,25795072,100,1,discard,1.868749997811392,True,
anvil,25795072,100,2,acquire,997.5553329859395,True,
anvil,25795072,100,2,set_balance,19258.90841599903,False,"Web3RPCError(""{'code': -32603, 'message': 'failed to get account for 0x4E1d38404aD7bc310E97557C6ad865eF1927195a: error sending request for url (https://mainnet.gateway.tenderly.co/YXEc9o0PFpWDR90xw86P"
anvil,25795072,100,2,transfer,417.1375420119148,False,"Web3RPCError(""{'code': -32003, 'message': 'Insufficient funds for gas * price + value'}"")"
anvil,25795072,100,2,transfer,7.094625005265698,False,"Web3RPCError(""{'code': -32003, 'message': 'Insufficient funds for gas * price + value'}"")"
anvil,25795072,100,2,get_balance,1.8968749791383743,True,
anvil,25795072,100,2,swap_eth_for_token,8.668499998748302,False,"Web3RPCError(""{'code': -32003, 'message': 'Insufficient funds for gas * price + value'}"")"
anvil,25795072,100,2,transfer,5.5480829905718565,False,"Web3RPCError(""{'code': -32003, 'message': 'Insufficient funds for gas * price + value'}"")"
anvil,25795072,100,2,discard,4.583333997288719,True,
anvil,25795072,100,3,acquire,804.271791013889,True,
anvil,25795072,100,3,set_balance,30005.989958008286,False,"ReadTimeout(ReadTimeoutError(""HTTPConnectionPool(host='127.0.0.1', port=19003): Read timed out. (read timeout=30.0)""))"
anvil,25795072,100,3,get_balance,18763.00316597917,False,"Web3RPCError(""{'code': -32603, 'message': 'failed to get account for 0x4f7bF72E064Eaa0f4AfC485472F76B976857B2a0: error sending request for url (https://mainnet.gateway.tenderly.co/YXEc9o0PFpWDR90xw86P"
anvil,25795072,100,3,swap_eth_for_token,5966.722957993625,False,"Web3RPCError(""{'code': -32603, 'message': 'failed to get account for 0x4f7bF72E064Eaa0f4AfC485472F76B976857B2a0: error sending request for url (https://mainnet.gateway.tenderly.co/YXEc9o0PFpWDR90xw86P"
anvil,25795072,100,3,transfer,24.95679198182188,False,"Web3RPCError(""{'code': -32003, 'message': 'Insufficient funds for gas * price + value'}"")"
anvil,25795072,100,3,fund_token,198.36812501307577,True,
anvil,25795072,100,3,approve,10.952708020340651,False,"Web3RPCError(""{'code': -32003, 'message': 'Insufficient funds for gas * price + value'}"")"
anvil,25795072,100,3,discard,1.515916985226795,True,
anvil,25795072,100,4,acquire,825.2169999759644,True,
anvil,25795072,100,4,set_balance,148.5602500033565,True,
anvil,25795072,100,4,get_balance,6.619000021601096,True,
anvil,25795072,100,4,transfer,19233.424083009595,False,"Web3RPCError('{\'code\': -32603, \'message\': \'Fork Error: Transport(Custom(reqwest::Error { kind: Request, url: ""https://mainnet.gateway.tenderly.co/YXEc9o0PFpWDR90xw86PQ"", source: hyper_util::clien"
anvil,25795072,100,4,fund_token,1.3693340006284416,False,"ConnectionError(MaxRetryError('HTTPConnectionPool(host=\'127.0.0.1\', port=19004): Max retries exceeded with url: / (Caused by NewConnectionError(""HTTPConnection(host=\'127.0.0.1\', port=19004): Faile"
anvil,25795072,100,4,transfer,0.6859170098323375,False,"ConnectionError(MaxRetryError('HTTPConnectionPool(host=\'127.0.0.1\', port=19004): Max retries exceeded with url: / (Caused by NewConnectionError(""HTTPConnection(host=\'127.0.0.1\', port=19004): Faile"
anvil,25795072,100,4,transfer,0.6133329879958183,False,"ConnectionError(MaxRetryError('HTTPConnectionPool(host=\'127.0.0.1\', port=19004): Max retries exceeded with url: / (Caused by NewConnectionError(""HTTPConnection(host=\'127.0.0.1\', port=19004): Faile"
anvil,25795072,100,4,discard,0.01066701952368021,True,
anvil,25795072,100,5,acquire,798.238624993246,True,
anvil,25795072,100,5,set_balance,19336.45654199063,False,"Web3RPCError(""{'code': -32603, 'message': 'failed to get account for 0x92dc396598BdFf3Bc462BC0A33534c697a650863: error sending request for url (https://mainnet.gateway.tenderly.co/YXEc9o0PFpWDR90xw86P"
anvil,25795072,100,5,swap_eth_for_token,582.6619580038823,False,"Web3RPCError(""{'code': -32003, 'message': 'Insufficient funds for gas * price + value'}"")"
anvil,25795072,100,5,transfer,6.087499990826473,False,"Web3RPCError(""{'code': -32003, 'message': 'Insufficient funds for gas * price + value'}"")"
anvil,25795072,100,5,get_balance,1.7467089928686619,True,
anvil,25795072,100,5,get_balance,1.6000829928088933,True,
anvil,25795072,100,5,swap_eth_for_token,7.598750002216548,False,"Web3RPCError(""{'code': -32003, 'message': 'Insufficient funds for gas * price + value'}"")"
anvil,25795072,100,5,discard,4.559915978461504,True,
anvil,25795072,100,6,acquire,905.1867090165615,True,
anvil,25795072,100,6,set_balance,30004.31899999967,False,"ReadTimeout(ReadTimeoutError(""HTTPConnectionPool(host='127.0.0.1', port=19006): Read timed out. (read timeout=30.0)""))"
anvil,25795072,100,6,transfer,20982.65612500836,False,"Web3RPCError(""{'code': -32603, 'message': 'failed to get account for 0x6d6Ef436629D74921e3fb190183F17eF359F5129: error sending request for url (https://mainnet.gateway.tenderly.co/YXEc9o0PFpWDR90xw86P"
anvil,25795072,100,6,swap_eth_for_token,30.03487500245683,False,"Web3RPCError(""{'code': -32003, 'message': 'Insufficient funds for gas * price + value'}"")"
anvil,25795072,100,6,transfer,7.723707996774465,False,"Web3RPCError(""{'code': -32003, 'message': 'Insufficient funds for gas * price + value'}"")"
anvil,25795072,100,6,fund_token,145.26266700704582,True,
anvil,25795072,100,6,swap_eth_for_token,38.16987501340918,False,"Web3RPCError(""{'code': -32003, 'message': 'Insufficient funds for gas * price + value'}"")"
anvil,25795072,100,6,discard,5.472207994898781,True,
anvil,25795072,100,7,acquire,816.0572919878177,True,
anvil,25795072,100,7,set_balance,142.3886659904383,True,
anvil,25795072,100,7,swap_eth_for_token,19400.35887499107,False,"Web3RPCError('{\'code\': -32603, \'message\': \'Fork Error: Transport(Custom(reqwest::Error { kind: Request, url: ""https://mainnet.gateway.tenderly.co/YXEc9o0PFpWDR90xw86PQ"", source: hyper_util::clien"
anvil,25795072,100,7,fund_token,1.3138749927747995,False,"ConnectionError(MaxRetryError('HTTPConnectionPool(host=\'127.0.0.1\', port=19007): Max retries exceeded with url: / (Caused by NewConnectionError(""HTTPConnection(host=\'127.0.0.1\', port=19007): Faile"
anvil,25795072,100,7,transfer,0.5949999904260039,False,"ConnectionError(MaxRetryError('HTTPConnectionPool(host=\'127.0.0.1\', port=19007): Max retries exceeded with url: / (Caused by NewConnectionError(""HTTPConnection(host=\'127.0.0.1\', port=19007): Faile"
anvil,25795072,100,7,swap_eth_for_token,2.5075840239878744,False,"ConnectionError(MaxRetryError('HTTPConnectionPool(host=\'127.0.0.1\', port=19007): Max retries exceeded with url: / (Caused by NewConnectionError(""HTTPConnection(host=\'127.0.0.1\', port=19007): Faile"
anvil,25795072,100,7,approve,0.6556250154972076,False,"ConnectionError(MaxRetryError('HTTPConnectionPool(host=\'127.0.0.1\', port=19007): Max retries exceeded with url: / (Caused by NewConnectionError(""HTTPConnection(host=\'127.0.0.1\', port=19007): Faile"
anvil,25795072,100,7,discard,0.0045000051613897085,True,
anvil,25795072,100,8,acquire,798.5327079950366,True,
anvil,25795072,100,8,set_balance,30004.739708005218,False,"ReadTimeout(ReadTimeoutError(""HTTPConnectionPool(host='127.0.0.1', port=19008): Read timed out. (read timeout=30.0)""))"
anvil,25795072,100,8,get_balance,19107.2777909867,False,"Web3RPCError(""{'code': -32603, 'message': 'failed to get account for 0x75beA046FB54ec261138515dC479915E16454818: error sending request for url (https://mainnet.gateway.tenderly.co/YXEc9o0PFpWDR90xw86P"
anvil,25795072,100,8,fund_token,6733.074416988529,True,
anvil,25795072,100,8,get_balance,156.19866602355614,True,
anvil,25795072,100,8,transfer,4.665250016842037,False,"Web3RPCError(""{'code': -32003, 'message': 'Insufficient funds for gas * price + value'}"")"
anvil,25795072,100,8,get_balance,1.2768340238835663,True,
anvil,25795072,100,8,discard,1.543457998195663,True,
anvil,25795072,100,9,acquire,814.1259999829344,True,
anvil,25795072,100,9,set_balance,30006.725667015417,False,"ReadTimeout(ReadTimeoutError(""HTTPConnectionPool(host='127.0.0.1', port=19009): Read timed out. (read timeout=30.0)""))"
anvil,25795072,100,9,fund_token,18944.86895800219,False,"Web3RPCError(""{'code': -32603, 'message': 'failed to get account for 0x6B175474E89094C44Da98b954EedeAC495271d0F: error sending request for url (https://mainnet.gateway.tenderly.co/YXEc9o0PFpWDR90xw86P"
anvil,25795072,100,9,swap_eth_for_token,6541.211125004338,False,"Web3RPCError(""{'code': -32603, 'message': 'failed to get account for 0x07982d52f29665e3CB1DF64C15e4c5C9C534C5AB: error sending request for url (https://mainnet.gateway.tenderly.co/YXEc9o0PFpWDR90xw86P"
anvil,25795072,100,9,get_balance,22.85779098747298,True,
anvil,25795072,100,9,swap_eth_for_token,27.87941598217003,False,"Web3RPCError(""{'code': -32003, 'message': 'Insufficient funds for gas * price + value'}"")"
anvil,25795072,100,9,approve,23.006541014183313,False,"Web3RPCError(""{'code': -32003, 'message': 'Insufficient funds for gas * price + value'}"")"
anvil,25795072,100,9,discard,1.7800840141717345,True,
anvil,25795072,100,10,acquire,1004.0976669988595,True,
anvil,25795072,100,10,set_balance,30006.014416983817,False,"ReadTimeout(ReadTimeoutError(""HTTPConnectionPool(host='127.0.0.1', port=19010): Read timed out. (read timeout=30.0)""))"
anvil,25795072,100,10,transfer,21291.46445801598,False,"Web3RPCError(""{'code': -32603, 'message': 'failed to get account for 0xd7B4a7B883825593567BCa6CC95e9F655274923c: error sending request for url (https://mainnet.gateway.tenderly.co/YXEc9o0PFpWDR90xw86P"
anvil,25795072,100,10,fund_token,392.01041698106565,True,
anvil,25795072,100,10,get_balance,215.0164170016069,True,
anvil,25795072,100,10,fund_token,1.8488749919924885,True,
anvil,25795072,100,10,get_balance,6.336874997941777,True,
anvil,25795072,100,10,discard,4.452124994713813,True,
anvil,25795072,100,11,acquire,781.4564160071313,True,
anvil,25795072,100,11,set_balance,30008.813624997856,False,"ReadTimeout(ReadTimeoutError(""HTTPConnectionPool(host='127.0.0.1', port=19011): Read timed out. (read timeout=30.0)""))"
anvil,25795072,100,11,fund_token,19680.542250018334,False,"Web3RPCError(""{'code': -32603, 'message': 'failed to get account for 0x6B175474E89094C44Da98b954EedeAC495271d0F: error sending request for url (https://mainnet.gateway.tenderly.co/YXEc9o0PFpWDR90xw86P"
anvil,25795072,100,11,fund_token,6022.955916007049,True,
anvil,25795072,100,11,get_balance,151.7589169961866,True,
anvil,25795072,100,11,approve,13.25295801507309,False,"Web3RPCError(""{'code': -32003, 'message': 'Insufficient funds for gas * price + value'}"")"
anvil,25795072,100,11,fund_token,1.0752499802038074,True,
anvil,25795072,100,11,discard,4.598375002387911,True,
anvil,25795072,100,12,acquire,799.229041003855,True,
anvil,25795072,100,12,set_balance,157.74912500637583,True,
anvil,25795072,100,12,fund_token,30002.889583003707,False,"ReadTimeout(ReadTimeoutError(""HTTPConnectionPool(host='127.0.0.1', port=19012): Read timed out. (read timeout=30.0)""))"
anvil,25795072,100,12,approve,23723.247624991927,False,"Web3RPCError('{\'code\': -32603, \'message\': \'Fork Error: Transport(Custom(reqwest::Error { kind: Request, url: ""https://mainnet.gateway.tenderly.co/YXEc9o0PFpWDR90xw86PQ"", source: hyper_util::clien"
anvil,25795072,100,12,fund_token,2.9052909812889993,False,"ConnectionError(MaxRetryError('HTTPConnectionPool(host=\'127.0.0.1\', port=19012): Max retries exceeded with url: / (Caused by NewConnectionError(""HTTPConnection(host=\'127.0.0.1\', port=19012): Faile"
anvil,25795072,100,12,swap_eth_for_token,7.242166000651196,False,"ConnectionError(MaxRetryError('HTTPConnectionPool(host=\'127.0.0.1\', port=19012): Max retries exceeded with url: / (Caused by NewConnectionError(""HTTPConnection(host=\'127.0.0.1\', port=19012): Faile"
anvil,25795072,100,12,swap_eth_for_token,5.580750002991408,False,"ConnectionError(MaxRetryError('HTTPConnectionPool(host=\'127.0.0.1\', port=19012): Max retries exceeded with url: / (Caused by NewConnectionError(""HTTPConnection(host=\'127.0.0.1\', port=19012): Faile"
anvil,25795072,100,12,discard,0.019583996618166566,True,
anvil,25795072,100,13,acquire,976.5338749857619,True,
anvil,25795072,100,13,set_balance,30003.72087501455,False,"ReadTimeout(ReadTimeoutError(""HTTPConnectionPool(host='127.0.0.1', port=19013): Read timed out. (read timeout=30.0)""))"
anvil,25795072,100,13,swap_eth_for_token,24162.564291007584,False,"Web3RPCError(""{'code': -32603, 'message': 'failed to get account for 0xE597238730e418A76C0a6CFB705f21C1794d623A: error sending request for url (https://mainnet.gateway.tenderly.co/YXEc9o0PFpWDR90xw86P"
anvil,25795072,100,13,get_balance,17.769999976735562,True,
anvil,25795072,100,13,get_balance,19.137750001391396,True,
anvil,25795072,100,13,get_balance,8.114333002595231,True,
anvil,25795072,100,13,transfer,32.12304200860672,False,"Web3RPCError(""{'code': -32003, 'message': 'Insufficient funds for gas * price + value'}"")"
anvil,25795072,100,13,discard,1.7150840139947832,True,
anvil,25795072,100,14,acquire,1000.0976250157692,True,
anvil,25795072,100,14,set_balance,30004.211374995066,False,"ReadTimeout(ReadTimeoutError(""HTTPConnectionPool(host='127.0.0.1', port=19014): Read timed out. (read timeout=30.0)""))"
anvil,25795072,100,14,transfer,24580.35341699724,False,"Web3RPCError(""{'code': -32603, 'message': 'failed to get account for 0x9A5a8CB7668397Df9BF975638ffF3356a1D91Cad: error sending request for url (https://mainnet.gateway.tenderly.co/YXEc9o0PFpWDR90xw86P"
anvil,25795072,100,14,swap_eth_for_token,33.60829199664295,False,"Web3RPCError(""{'code': -32003, 'message': 'Insufficient funds for gas * price + value'}"")"
anvil,25795072,100,14,swap_eth_for_token,43.040166987339035,False,"Web3RPCError(""{'code': -32003, 'message': 'Insufficient funds for gas * price + value'}"")"
anvil,25795072,100,14,fund_token,153.1100420106668,True,
anvil,25795072,100,14,fund_token,0.7069159764796495,True,
anvil,25795072,100,14,discard,1.5145830111578107,True,
anvil,25795072,100,15,acquire,967.6493330043741,True,
anvil,25795072,100,15,set_balance,30005.69908399484,False,"ReadTimeout(ReadTimeoutError(""HTTPConnectionPool(host='127.0.0.1', port=19015): Read timed out. (read timeout=30.0)""))"
anvil,25795072,100,15,get_balance,21527.187416999368,False,"Web3RPCError(""{'code': -32603, 'message': 'failed to get account for 0x88b694A5dD5561a632C26b0d5843Ce30D3A437E9: error sending request for url (https://mainnet.gateway.tenderly.co/YXEc9o0PFpWDR90xw86P"
anvil,25795072,100,15,transfer,4151.782125001773,False,"Web3RPCError(""{'code': -32003, 'message': 'Insufficient funds for gas * price + value'}"")"
anvil,25795072,100,15,get_balance,19.190499995602295,True,
anvil,25795072,100,15,transfer,38.046417001169175,False,"Web3RPCError(""{'code': -32003, 'message': 'Insufficient funds for gas * price + value'}"")"
anvil,25795072,100,15,swap_eth_for_token,16.921875008847564,False,"Web3RPCError(""{'code': -32003, 'message': 'Insufficient funds for gas * price + value'}"")"
anvil,25795072,100,15,discard,1.6703339933883399,True,
anvil,25795072,100,16,acquire,989.0393749810755,True,
anvil,25795072,100,16,set_balance,30006.09316700138,False,"ReadTimeout(ReadTimeoutError(""HTTPConnectionPool(host='127.0.0.1', port=19016): Read timed out. (read timeout=30.0)""))"
anvil,25795072,100,16,swap_eth_for_token,30212.007333990186,False,"Web3RPCError(""{'code': -32603, 'message': 'failed to get account for 0x3A838B1d9fF9c69061b8D0E0B5E0E0937B1978a4: error sending request for url (https://mainnet.gateway.tenderly.co/YXEc9o0PFpWDR90xw86P"
anvil,25795072,100,16,fund_token,148.6050410021562,True,
anvil,25795072,100,16,fund_token,2.619707986013964,True,
anvil,25795072,100,16,fund_token,2.210790989920497,True,
anvil,25795072,100,16,fund_token,2.034790988545865,True,
anvil,25795072,100,16,discard,10.105583001859486,True,
anvil,25795072,100,17,acquire,975.5310420005117,True,
anvil,25795072,100,17,set_balance,30006.474583002273,False,"ReadTimeout(ReadTimeoutError(""HTTPConnectionPool(host='127.0.0.1', port=19017): Read timed out. (read timeout=30.0)""))"
anvil,25795072,100,17,fund_token,29490.79612499918,False,"Web3RPCError(""{'code': -32603, 'message': 'failed to get account for 0x6B175474E89094C44Da98b954EedeAC495271d0F: error sending request for url (https://mainnet.gateway.tenderly.co/YXEc9o0PFpWDR90xw86P"
anvil,25795072,100,17,swap_eth_for_token,210.99966700421646,False,"Web3RPCError(""{'code': -32003, 'message': 'Insufficient funds for gas * price + value'}"")"
anvil,25795072,100,17,get_balance,6.486957980087027,True,
anvil,25795072,100,17,transfer,12.169624998932704,False,"Web3RPCError(""{'code': -32003, 'message': 'Insufficient funds for gas * price + value'}"")"
anvil,25795072,100,17,get_balance,2.503915980923921,True,
anvil,25795072,100,17,discard,4.573708982206881,True,
anvil,25795072,100,18,acquire,957.3667499935254,True,
anvil,25795072,100,18,set_balance,30013.628957996843,False,"ReadTimeout(ReadTimeoutError(""HTTPConnectionPool(host='127.0.0.1', port=19018): Read timed out. (read timeout=30.0)""))"
anvil,25795072,100,18,get_balance,19268.617667024955,False,"Web3RPCError(""{'code': -32603, 'message': 'failed to get account for 0x8c7C68d8944644Af58ABBfc98656CF4C9a63e121: error sending request for url (https://mainnet.gateway.tenderly.co/YXEc9o0PFpWDR90xw86P"
anvil,25795072,100,18,fund_token,6415.3972909844015,True,
anvil,25795072,100,18,get_balance,213.37570901960135,True,
anvil,25795072,100,18,fund_token,1.380415982566774,True,
anvil,25795072,100,18,get_balance,6.566083000507206,True,
anvil,25795072,100,18,discard,4.536084015853703,True,
anvil,25795072,100,19,acquire,20088.44683301868,False,"RuntimeError('anvil on http://127.0.0.1:19019 did not become ready in 20.0s: HTTPConnectionPool(host=\'127.0.0.1\', port=19019): Max retries exceeded with url: / (Caused by NewConnectionError(""HTTPCon"
anvil,25795072,100,20,acquire,980.7050419913139,True,
anvil,25795072,100,20,set_balance,30006.74604199594,False,"ReadTimeout(ReadTimeoutError(""HTTPConnectionPool(host='127.0.0.1', port=19020): Read timed out. (read timeout=30.0)""))"
anvil,25795072,100,20,get_balance,30181.99370900402,False,"Web3RPCError(""{'code': -32603, 'message': 'failed to get account for 0x028f550da9A695F5A5139411BAb1BD782A89e15d: error sending request for url (https://mainnet.gateway.tenderly.co/YXEc9o0PFpWDR90xw86P"
anvil,25795072,100,20,transfer,193.1352079845965,False,"Web3RPCError(""{'code': -32003, 'message': 'Insufficient funds for gas * price + value'}"")"
anvil,25795072,100,20,get_balance,4.442832985660061,True,
anvil,25795072,100,20,fund_token,149.83033301541582,True,
anvil,25795072,100,20,transfer,14.201874990249053,False,"Web3RPCError(""{'code': -32003, 'message': 'Insufficient funds for gas * price + value'}"")"
anvil,25795072,100,20,discard,4.5830839953850955,True,
anvil,25795072,100,21,acquire,955.3774170053657,True,
anvil,25795072,100,21,set_balance,30014.566416997695,False,"ReadTimeout(ReadTimeoutError(""HTTPConnectionPool(host='127.0.0.1', port=19021): Read timed out. (read timeout=30.0)""))"
anvil,25795072,100,21,get_balance,23838.161959021818,False,"Web3RPCError(""{'code': -32603, 'message': 'failed to get account for 0x782A289C76940422EF99Cc33d7E6A355D2144E94: error sending request for url (https://mainnet.gateway.tenderly.co/YXEc9o0PFpWDR90xw86P"
anvil,25795072,100,21,fund_token,1835.9941669914406,True,
anvil,25795072,100,21,fund_token,17.109124979469925,True,
anvil,25795072,100,21,fund_token,7.913207984529436,True,
anvil,25795072,100,21,approve,179.87074999837205,False,"Web3RPCError(""{'code': -32003, 'message': 'Insufficient funds for gas * price + value'}"")"
anvil,25795072,100,21,discard,2.1884159941691905,True,
anvil,25795072,100,22,acquire,946.5329590020701,True,
anvil,25795072,100,22,set_balance,30006.77458298742,False,"ReadTimeout(ReadTimeoutError(""HTTPConnectionPool(host='127.0.0.1', port=19022): Read timed out. (read timeout=30.0)""))"
anvil,25795072,100,22,get_balance,24176.967167004477,False,"Web3RPCError(""{'code': -32603, 'message': 'failed to get account for 0xa981f12dA22f1C2c8C783C7257f2386b4c7e1107: error sending request for url (https://mainnet.gateway.tenderly.co/YXEc9o0PFpWDR90xw86P"
anvil,25795072,100,22,transfer,1500.76279201312,False,"Web3RPCError(""{'code': -32003, 'message': 'Insufficient funds for gas * price + value'}"")"
anvil,25795072,100,22,get_balance,17.24779201322235,True,
anvil,25795072,100,22,swap_eth_for_token,49.25804099184461,False,"Web3RPCError(""{'code': -32003, 'message': 'Insufficient funds for gas * price + value'}"")"
anvil,25795072,100,22,get_balance,6.1870000208728015,True,
anvil,25795072,100,22,discard,1.6635420033708215,True,
anvil,25795072,100,23,acquire,963.7699169979896,True,
anvil,25795072,100,23,set_balance,30007.982166978763,False,"ReadTimeout(ReadTimeoutError(""HTTPConnectionPool(host='127.0.0.1', port=19023): Read timed out. (read timeout=30.0)""))"
anvil,25795072,100,23,swap_eth_for_token,24243.368208000902,False,"Web3RPCError(""{'code': -32603, 'message': 'failed to get account for 0xc591496B56f4Df0FdeD4D40F85885d51F7C4a90E: error sending request for url (https://mainnet.gateway.tenderly.co/YXEc9o0PFpWDR90xw86P"
anvil,25795072,100,23,transfer,19.302833010442555,False,"Web3RPCError(""{'code': -32003, 'message': 'Insufficient funds for gas * price + value'}"")"
anvil,25795072,100,23,fund_token,148.2151249947492,True,
anvil,25795072,100,23,approve,26.832667004782706,False,"Web3RPCError(""{'code': -32003, 'message': 'Insufficient funds for gas * price + value'}"")"
anvil,25795072,100,23,swap_token_for_token,52.46270901989192,False,"Web3RPCError(""{'code': -32003, 'message': 'Insufficient funds for gas * price + value'}"")"
anvil,25795072,100,23,discard,4.787500016391277,True,
anvil,25795072,100,24,acquire,2014.0070840134285,True,
anvil,25795072,100,24,set_balance,30003.627917001722,False,"ReadTimeout(ReadTimeoutError(""HTTPConnectionPool(host='127.0.0.1', port=19024): Read timed out. (read timeout=30.0)""))"
anvil,25795072,100,24,fund_token,29947.37024998176,False,"Web3RPCError(""{'code': -32603, 'message': 'failed to get account for 0x6B175474E89094C44Da98b954EedeAC495271d0F: error sending request for url (https://mainnet.gateway.tenderly.co/YXEc9o0PFpWDR90xw86P"
anvil,25795072,100,24,get_balance,189.40062500769272,True,
anvil,25795072,100,24,get_balance,6.5861660114023834,True,
anvil,25795072,100,24,transfer,13.08833301300183,False,"Web3RPCError(""{'code': -32003, 'message': 'Insufficient funds for gas * price + value'}"")"
anvil,25795072,100,24,swap_eth_for_token,13.762000016868114,False,"Web3RPCError(""{'code': -32003, 'message': 'Insufficient funds for gas * price + value'}"")"
anvil,25795072,100,24,discard,4.561000008834526,True,
anvil,25795072,100,25,acquire,20216.84395900229,False,"RuntimeError('anvil on http://127.0.0.1:19025 did not become ready in 20.0s: HTTPConnectionPool(host=\'127.0.0.1\', port=19025): Max retries exceeded with url: / (Caused by NewConnectionError(""HTTPCon"
anvil,25795072,100,26,acquire,20209.86458301195,False,"RuntimeError('anvil on http://127.0.0.1:19026 did not become ready in 20.0s: HTTPConnectionPool(host=\'127.0.0.1\', port=19026): Max retries exceeded with url: / (Caused by NewConnectionError(""HTTPCon"
anvil,25795072,100,27,acquire,20109.423666988732,False,"RuntimeError('anvil on http://127.0.0.1:19027 did not become ready in 20.0s: HTTPConnectionPool(host=\'127.0.0.1\', port=19027): Max retries exceeded with url: / (Caused by NewConnectionError(""HTTPCon"
anvil,25795072,100,28,acquire,20051.832124998327,False,"RuntimeError('anvil on http://127.0.0.1:19028 did not become ready in 20.0s: HTTPConnectionPool(host=\'127.0.0.1\', port=19028): Max retries exceeded with url: / (Caused by NewConnectionError(""HTTPCon"
anvil,25795072,100,29,acquire,20208.327708009165,False,"RuntimeError('anvil on http://127.0.0.1:19029 did not become ready in 20.0s: HTTPConnectionPool(host=\'127.0.0.1\', port=19029): Max retries exceeded with url: / (Caused by NewConnectionError(""HTTPCon"
anvil,25795072,100,30,acquire,20022.942750016227,False,"RuntimeError('anvil on http://127.0.0.1:19030 did not become ready in 20.0s: HTTPConnectionPool(host=\'127.0.0.1\', port=19030): Max retries exceeded with url: / (Caused by NewConnectionError(""HTTPCon"
anvil,25795072,100,31,acquire,20177.35529100173,False,"RuntimeError('anvil on http://127.0.0.1:19031 did not become ready in 20.0s: HTTPConnectionPool(host=\'127.0.0.1\', port=19031): Max retries exceeded with url: / (Caused by NewConnectionError(""HTTPCon"
anvil,25795072,100,32,acquire,20055.9792080021,False,"RuntimeError('anvil on http://127.0.0.1:19032 did not become ready in 20.0s: HTTPConnectionPool(host=\'127.0.0.1\', port=19032): Max retries exceeded with url: / (Caused by NewConnectionError(""HTTPCon"
anvil,25795072,100,33,acquire,20073.660249996465,False,"RuntimeError('anvil on http://127.0.0.1:19033 did not become ready in 20.0s: HTTPConnectionPool(host=\'127.0.0.1\', port=19033): Max retries exceeded with url: / (Caused by NewConnectionError(""HTTPCon"
anvil,25795072,100,34,acquire,20181.36241598404,False,"RuntimeError('anvil on http://127.0.0.1:19034 did not become ready in 20.0s: HTTPConnectionPool(host=\'127.0.0.1\', port=19034): Max retries exceeded with url: / (Caused by NewConnectionError(""HTTPCon"
anvil,25795072,100,35,acquire,20175.266415986698,False,"RuntimeError('anvil on http://127.0.0.1:19035 did not become ready in 20.0s: HTTPConnectionPool(host=\'127.0.0.1\', port=19035): Max retries exceeded with url: / (Caused by NewConnectionError(""HTTPCon"
anvil,25795072,100,36,acquire,20207.664834015304,False,"RuntimeError('anvil on http://127.0.0.1:19036 did not become ready in 20.0s: HTTPConnectionPool(host=\'127.0.0.1\', port=19036): Max retries exceeded with url: / (Caused by NewConnectionError(""HTTPCon"
anvil,25795072,100,37,acquire,20198.438166989945,False,"RuntimeError('anvil on http://127.0.0.1:19037 did not become ready in 20.0s: HTTPConnectionPool(host=\'127.0.0.1\', port=19037): Max retries exceeded with url: / (Caused by NewConnectionError(""HTTPCon"
anvil,25795072,100,38,acquire,20183.822790975682,False,"RuntimeError('anvil on http://127.0.0.1:19038 did not become ready in 20.0s: HTTPConnectionPool(host=\'127.0.0.1\', port=19038): Max retries exceeded with url: / (Caused by NewConnectionError(""HTTPCon"
anvil,25795072,100,39,acquire,20175.5645830126,False,"RuntimeError('anvil on http://127.0.0.1:19039 did not become ready in 20.0s: HTTPConnectionPool(host=\'127.0.0.1\', port=19039): Max retries exceeded with url: / (Caused by NewConnectionError(""HTTPCon"
anvil,25795072,100,40,acquire,20037.453041994013,False,"RuntimeError('anvil on http://127.0.0.1:19040 did not become ready in 20.0s: HTTPConnectionPool(host=\'127.0.0.1\', port=19040): Max retries exceeded with url: / (Caused by NewConnectionError(""HTTPCon"
anvil,25795072,100,41,acquire,20184.79162498261,False,"RuntimeError('anvil on http://127.0.0.1:19041 did not become ready in 20.0s: HTTPConnectionPool(host=\'127.0.0.1\', port=19041): Max retries exceeded with url: / (Caused by NewConnectionError(""HTTPCon"
anvil,25795072,100,42,acquire,20030.342542013386,False,"RuntimeError('anvil on http://127.0.0.1:19042 did not become ready in 20.0s: HTTPConnectionPool(host=\'127.0.0.1\', port=19042): Max retries exceeded with url: / (Caused by NewConnectionError(""HTTPCon"
anvil,25795072,100,43,acquire,20155.546416004654,False,"RuntimeError('anvil on http://127.0.0.1:19043 did not become ready in 20.0s: HTTPConnectionPool(host=\'127.0.0.1\', port=19043): Max retries exceeded with url: / (Caused by NewConnectionError(""HTTPCon"
anvil,25795072,100,44,acquire,20158.19033398293,False,"RuntimeError('anvil on http://127.0.0.1:19044 did not become ready in 20.0s: HTTPConnectionPool(host=\'127.0.0.1\', port=19044): Max retries exceeded with url: / (Caused by NewConnectionError(""HTTPCon"
anvil,25795072,100,45,acquire,20148.509542021202,False,"RuntimeError('anvil on http://127.0.0.1:19045 did not become ready in 20.0s: HTTPConnectionPool(host=\'127.0.0.1\', port=19045): Max retries exceeded with url: / (Caused by NewConnectionError(""HTTPCon"
anvil,25795072,100,46,acquire,20115.955874993233,False,"RuntimeError('anvil on http://127.0.0.1:19046 did not become ready in 20.0s: HTTPConnectionPool(host=\'127.0.0.1\', port=19046): Max retries exceeded with url: / (Caused by NewConnectionError(""HTTPCon"
anvil,25795072,100,47,acquire,20152.89104101248,False,"RuntimeError('anvil on http://127.0.0.1:19047 did not become ready in 20.0s: HTTPConnectionPool(host=\'127.0.0.1\', port=19047): Max retries exceeded with url: / (Caused by NewConnectionError(""HTTPCon"
anvil,25795072,100,48,acquire,20105.99383301451,False,"RuntimeError('anvil on http://127.0.0.1:19048 did not become ready in 20.0s: HTTPConnectionPool(host=\'127.0.0.1\', port=19048): Max retries exceeded with url: / (Caused by NewConnectionError(""HTTPCon"
anvil,25795072,100,49,acquire,20140.118999988772,False,"RuntimeError('anvil on http://127.0.0.1:19049 did not become ready in 20.0s: HTTPConnectionPool(host=\'127.0.0.1\', port=19049): Max retries exceeded with url: / (Caused by NewConnectionError(""HTTPCon"
anvil,25795072,100,50,acquire,20091.153207991738,False,"RuntimeError('anvil on http://127.0.0.1:19050 did not become ready in 20.0s: HTTPConnectionPool(host=\'127.0.0.1\', port=19050): Max retries exceeded with url: / (Caused by NewConnectionError(""HTTPCon"
anvil,25795072,100,51,acquire,20132.08758298424,False,"RuntimeError('anvil on http://127.0.0.1:19051 did not become ready in 20.0s: HTTPConnectionPool(host=\'127.0.0.1\', port=19051): Max retries exceeded with url: / (Caused by NewConnectionError(""HTTPCon"
anvil,25795072,100,52,acquire,20063.43283300521,False,"RuntimeError('anvil on http://127.0.0.1:19052 did not become ready in 20.0s: HTTPConnectionPool(host=\'127.0.0.1\', port=19052): Max retries exceeded with url: / (Caused by NewConnectionError(""HTTPCon"
anvil,25795072,100,53,acquire,20109.16270801681,False,"RuntimeError('anvil on http://127.0.0.1:19053 did not become ready in 20.0s: HTTPConnectionPool(host=\'127.0.0.1\', port=19053): Max retries exceeded with url: / (Caused by NewConnectionError(""HTTPCon"
anvil,25795072,100,54,acquire,20100.701375020435,False,"RuntimeError('anvil on http://127.0.0.1:19054 did not become ready in 20.0s: HTTPConnectionPool(host=\'127.0.0.1\', port=19054): Max retries exceeded with url: / (Caused by NewConnectionError(""HTTPCon"
anvil,25795072,100,55,acquire,20044.357582984958,False,"RuntimeError('anvil on http://127.0.0.1:19055 did not become ready in 20.0s: HTTPConnectionPool(host=\'127.0.0.1\', port=19055): Max retries exceeded with url: / (Caused by NewConnectionError(""HTTPCon"
anvil,25795072,100,56,acquire,20145.86262498051,False,"RuntimeError('anvil on http://127.0.0.1:19056 did not become ready in 20.0s: HTTPConnectionPool(host=\'127.0.0.1\', port=19056): Max retries exceeded with url: / (Caused by NewConnectionError(""HTTPCon"
anvil,25795072,100,57,acquire,20058.744959009346,False,"RuntimeError('anvil on http://127.0.0.1:19057 did not become ready in 20.0s: HTTPConnectionPool(host=\'127.0.0.1\', port=19057): Max retries exceeded with url: / (Caused by NewConnectionError(""HTTPCon"
anvil,25795072,100,58,acquire,20035.130834003212,False,"RuntimeError('anvil on http://127.0.0.1:19058 did not become ready in 20.0s: HTTPConnectionPool(host=\'127.0.0.1\', port=19058): Max retries exceeded with url: / (Caused by NewConnectionError(""HTTPCon"
anvil,25795072,100,59,acquire,20023.346500005573,False,"RuntimeError('anvil on http://127.0.0.1:19059 did not become ready in 20.0s: HTTPConnectionPool(host=\'127.0.0.1\', port=19059): Max retries exceeded with url: / (Caused by NewConnectionError(""HTTPCon"
anvil,25795072,100,60,acquire,20035.928665980464,False,"RuntimeError('anvil on http://127.0.0.1:19060 did not become ready in 20.0s: HTTPConnectionPool(host=\'127.0.0.1\', port=19060): Max retries exceeded with url: / (Caused by NewConnectionError(""HTTPCon"
anvil,25795072,100,61,acquire,20036.918666999554,False,"RuntimeError('anvil on http://127.0.0.1:19061 did not become ready in 20.0s: HTTPConnectionPool(host=\'127.0.0.1\', port=19061): Max retries exceeded with url: / (Caused by NewConnectionError(""HTTPCon"
anvil,25795072,100,62,acquire,20102.461165981367,False,"RuntimeError('anvil on http://127.0.0.1:19062 did not become ready in 20.0s: HTTPConnectionPool(host=\'127.0.0.1\', port=19062): Max retries exceeded with url: / (Caused by NewConnectionError(""HTTPCon"
anvil,25795072,100,63,acquire,20021.89862501109,False,"RuntimeError('anvil on http://127.0.0.1:19063 did not become ready in 20.0s: HTTPConnectionPool(host=\'127.0.0.1\', port=19063): Max retries exceeded with url: / (Caused by NewConnectionError(""HTTPCon"
anvil,25795072,100,64,acquire,20046.8675000011,False,"RuntimeError('anvil on http://127.0.0.1:19064 did not become ready in 20.0s: HTTPConnectionPool(host=\'127.0.0.1\', port=19064): Max retries exceeded with url: / (Caused by NewConnectionError(""HTTPCon"
anvil,25795072,100,65,acquire,20199.363291991176,False,"RuntimeError('anvil on http://127.0.0.1:19065 did not become ready in 20.0s: HTTPConnectionPool(host=\'127.0.0.1\', port=19065): Max retries exceeded with url: / (Caused by NewConnectionError(""HTTPCon"
anvil,25795072,100,66,acquire,20213.2555830176,False,"RuntimeError('anvil on http://127.0.0.1:19066 did not become ready in 20.0s: HTTPConnectionPool(host=\'127.0.0.1\', port=19066): Max retries exceeded with url: / (Caused by NewConnectionError(""HTTPCon"
anvil,25795072,100,67,acquire,20206.119708978804,False,"RuntimeError('anvil on http://127.0.0.1:19067 did not become ready in 20.0s: HTTPConnectionPool(host=\'127.0.0.1\', port=19067): Max retries exceeded with url: / (Caused by NewConnectionError(""HTTPCon"
anvil,25795072,100,68,acquire,20195.45741699403,False,"RuntimeError('anvil on http://127.0.0.1:19068 did not become ready in 20.0s: HTTPConnectionPool(host=\'127.0.0.1\', port=19068): Max retries exceeded with url: / (Caused by NewConnectionError(""HTTPCon"
anvil,25795072,100,69,acquire,20169.054416997824,False,"RuntimeError('anvil on http://127.0.0.1:19069 did not become ready in 20.0s: HTTPConnectionPool(host=\'127.0.0.1\', port=19069): Max retries exceeded with url: / (Caused by NewConnectionError(""HTTPCon"
anvil,25795072,100,70,acquire,20174.970916996244,False,"RuntimeError('anvil on http://127.0.0.1:19070 did not become ready in 20.0s: HTTPConnectionPool(host=\'127.0.0.1\', port=19070): Max retries exceeded with url: / (Caused by NewConnectionError(""HTTPCon"
anvil,25795072,100,71,acquire,20016.146834008396,False,"RuntimeError('anvil on http://127.0.0.1:19071 did not become ready in 20.0s: HTTPConnectionPool(host=\'127.0.0.1\', port=19071): Max retries exceeded with url: / (Caused by NewConnectionError(""HTTPCon"
anvil,25795072,100,72,acquire,20117.401875002543,False,"RuntimeError('anvil on http://127.0.0.1:19072 did not become ready in 20.0s: HTTPConnectionPool(host=\'127.0.0.1\', port=19072): Max retries exceeded with url: / (Caused by NewConnectionError(""HTTPCon"
anvil,25795072,100,73,acquire,20103.595249995124,False,"RuntimeError('anvil on http://127.0.0.1:19073 did not become ready in 20.0s: HTTPConnectionPool(host=\'127.0.0.1\', port=19073): Max retries exceeded with url: / (Caused by NewConnectionError(""HTTPCon"
anvil,25795072,100,74,acquire,20084.73495900398,False,"RuntimeError('anvil on http://127.0.0.1:19074 did not become ready in 20.0s: HTTPConnectionPool(host=\'127.0.0.1\', port=19074): Max retries exceeded with url: / (Caused by NewConnectionError(""HTTPCon"
anvil,25795072,100,75,acquire,20100.628957996378,False,"RuntimeError('anvil on http://127.0.0.1:19075 did not become ready in 20.0s: HTTPConnectionPool(host=\'127.0.0.1\', port=19075): Max retries exceeded with url: / (Caused by NewConnectionError(""HTTPCon"
anvil,25795072,100,76,acquire,20089.15125002386,False,"RuntimeError('anvil on http://127.0.0.1:19076 did not become ready in 20.0s: HTTPConnectionPool(host=\'127.0.0.1\', port=19076): Max retries exceeded with url: / (Caused by NewConnectionError(""HTTPCon"
anvil,25795072,100,77,acquire,20155.897499993443,False,"RuntimeError('anvil on http://127.0.0.1:19077 did not become ready in 20.0s: HTTPConnectionPool(host=\'127.0.0.1\', port=19077): Max retries exceeded with url: / (Caused by NewConnectionError(""HTTPCon"
anvil,25795072,100,78,acquire,20144.718709023437,False,"RuntimeError('anvil on http://127.0.0.1:19078 did not become ready in 20.0s: HTTPConnectionPool(host=\'127.0.0.1\', port=19078): Max retries exceeded with url: / (Caused by NewConnectionError(""HTTPCon"
anvil,25795072,100,79,acquire,20073.883542005206,False,"RuntimeError('anvil on http://127.0.0.1:19079 did not become ready in 20.0s: HTTPConnectionPool(host=\'127.0.0.1\', port=19079): Max retries exceeded with url: / (Caused by NewConnectionError(""HTTPCon"
anvil,25795072,100,80,acquire,20238.149667013204,False,"RuntimeError('anvil on http://127.0.0.1:19080 did not become ready in 20.0s: HTTPConnectionPool(host=\'127.0.0.1\', port=19080): Max retries exceeded with url: / (Caused by NewConnectionError(""HTTPCon"
anvil,25795072,100,81,acquire,20100.059624994174,False,"RuntimeError('anvil on http://127.0.0.1:19081 did not become ready in 20.0s: HTTPConnectionPool(host=\'127.0.0.1\', port=19081): Max retries exceeded with url: / (Caused by NewConnectionError(""HTTPCon"
anvil,25795072,100,82,acquire,20066.05112500256,False,"RuntimeError('anvil on http://127.0.0.1:19082 did not become ready in 20.0s: HTTPConnectionPool(host=\'127.0.0.1\', port=19082): Max retries exceeded with url: / (Caused by NewConnectionError(""HTTPCon"
anvil,25795072,100,83,acquire,20190.96404101583,False,"RuntimeError('anvil on http://127.0.0.1:19083 did not become ready in 20.0s: HTTPConnectionPool(host=\'127.0.0.1\', port=19083): Max retries exceeded with url: / (Caused by NewConnectionError(""HTTPCon"
anvil,25795072,100,84,acquire,20181.634999986272,False,"RuntimeError('anvil on http://127.0.0.1:19084 did not become ready in 20.0s: HTTPConnectionPool(host=\'127.0.0.1\', port=19084): Max retries exceeded with url: / (Caused by NewConnectionError(""HTTPCon"
anvil,25795072,100,85,acquire,20040.339999977732,False,"RuntimeError('anvil on http://127.0.0.1:19085 did not become ready in 20.0s: HTTPConnectionPool(host=\'127.0.0.1\', port=19085): Max retries exceeded with url: / (Caused by NewConnectionError(""HTTPCon"
anvil,25795072,100,86,acquire,20167.352624994237,False,"RuntimeError('anvil on http://127.0.0.1:19086 did not become ready in 20.0s: HTTPConnectionPool(host=\'127.0.0.1\', port=19086): Max retries exceeded with url: / (Caused by NewConnectionError(""HTTPCon"
anvil,25795072,100,87,acquire,20141.11908301129,False,"RuntimeError('anvil on http://127.0.0.1:19087 did not become ready in 20.0s: HTTPConnectionPool(host=\'127.0.0.1\', port=19087): Max retries exceeded with url: / (Caused by NewConnectionError(""HTTPCon"
anvil,25795072,100,88,acquire,20126.175958983367,False,"RuntimeError('anvil on http://127.0.0.1:19088 did not become ready in 20.0s: HTTPConnectionPool(host=\'127.0.0.1\', port=19088): Max retries exceeded with url: / (Caused by NewConnectionError(""HTTPCon"
anvil,25795072,100,89,acquire,20160.53754099994,False,"RuntimeError('anvil on http://127.0.0.1:19089 did not become ready in 20.0s: HTTPConnectionPool(host=\'127.0.0.1\', port=19089): Max retries exceeded with url: / (Caused by NewConnectionError(""HTTPCon"
anvil,25795072,100,90,acquire,20179.54887499218,False,"RuntimeError('anvil on http://127.0.0.1:19090 did not become ready in 20.0s: HTTPConnectionPool(host=\'127.0.0.1\', port=19090): Max retries exceeded with url: / (Caused by NewConnectionError(""HTTPCon"
anvil,25795072,100,91,acquire,20204.276165983174,False,"RuntimeError('anvil on http://127.0.0.1:19091 did not become ready in 20.0s: HTTPConnectionPool(host=\'127.0.0.1\', port=19091): Max retries exceeded with url: / (Caused by NewConnectionError(""HTTPCon"
anvil,25795072,100,92,acquire,20074.069207999855,False,"RuntimeError('anvil on http://127.0.0.1:19092 did not become ready in 20.0s: HTTPConnectionPool(host=\'127.0.0.1\', port=19092): Max retries exceeded with url: / (Caused by NewConnectionError(""HTTPCon"
anvil,25795072,100,93,acquire,20114.232291001827,False,"RuntimeError('anvil on http://127.0.0.1:19093 did not become ready in 20.0s: HTTPConnectionPool(host=\'127.0.0.1\', port=19093): Max retries exceeded with url: / (Caused by NewConnectionError(""HTTPCon"
anvil,25795072,100,94,acquire,20089.792374987155,False,"RuntimeError('anvil on http://127.0.0.1:19094 did not become ready in 20.0s: HTTPConnectionPool(host=\'127.0.0.1\', port=19094): Max retries exceeded with url: / (Caused by NewConnectionError(""HTTPCon"
anvil,25795072,100,95,acquire,20084.916666004574,False,"RuntimeError('anvil on http://127.0.0.1:19095 did not become ready in 20.0s: HTTPConnectionPool(host=\'127.0.0.1\', port=19095): Max retries exceeded with url: / (Caused by NewConnectionError(""HTTPCon"
anvil,25795072,100,96,acquire,20144.192250008928,False,"RuntimeError('anvil on http://127.0.0.1:19096 did not become ready in 20.0s: HTTPConnectionPool(host=\'127.0.0.1\', port=19096): Max retries exceeded with url: / (Caused by NewConnectionError(""HTTPCon"
anvil,25795072,100,97,acquire,20088.815124996472,False,"RuntimeError('anvil on http://127.0.0.1:19097 did not become ready in 20.0s: HTTPConnectionPool(host=\'127.0.0.1\', port=19097): Max retries exceeded with url: / (Caused by NewConnectionError(""HTTPCon"
anvil,25795072,100,98,acquire,20100.17016698839,False,"RuntimeError('anvil on http://127.0.0.1:19098 did not become ready in 20.0s: HTTPConnectionPool(host=\'127.0.0.1\', port=19098): Max retries exceeded with url: / (Caused by NewConnectionError(""HTTPCon"
anvil,25795072,100,99,acquire,20097.436791984364,False,"RuntimeError('anvil on http://127.0.0.1:19099 did not become ready in 20.0s: HTTPConnectionPool(host=\'127.0.0.1\', port=19099): Max retries exceeded with url: / (Caused by NewConnectionError(""HTTPCon"
anvil,25795072,100,-1,__total__,62313.486583007034,False,
